name,country,lat,lon,population,elev_m,pga_475_g,seismic
Shanghai,CN,31.22222,121.45806,24874500,12,0.05296031,True
Beijing,CN,39.9075,116.39723,18960744,49,0.13701464893736867,True
Shenzhen,CN,22.54554,114.0683,17494398,4,0.034046729999135925,False
Guangzhou,CN,23.11667,113.25,16096724,15,0.02880322642630244,False
Kinshasa,CD,-4.32758,15.31357,16000000,281,0.0,False
Istanbul,TR,41.01384,28.94966,15701602,39,0.4327548,True
Lagos,NG,6.45407,3.39467,15388000,11,0.008251557999999874,False
Ho Chi Minh City,VN,10.82302,106.62965,14002598,7,0.013770970000002184,False
Chengdu,CN,30.66667,104.06667,13568357,499,0.2469592000001928,True
Lahore,PK,31.558,74.35071,13004135,216,0.17737570001588102,True
Mumbai,IN,19.07283,72.88261,12691836,8,0.12029740012544801,True
São Paulo,BR,-23.5475,-46.63611,12400232,769,0.0,False
Mexico City,MX,19.42847,-99.12766,12294193,2240,0.22196407279168764,True
Karachi,PK,24.8608,67.0104,11624219,8,0.21040989999191548,True
Tianjin,CN,39.14222,117.17667,11090314,11,0.11771859999932106,True
Delhi,IN,28.65195,77.23149,11034555,227,0.2294909887507435,True
Wuhan,CN,30.58333,114.26667,10392693,20,0.027548645116182092,False
Moscow,RU,55.75204,37.61781,10381222,155,0.0,False
Dhaka,BD,23.7104,90.40744,10356500,23,0.19494730000000024,True
Seoul,KR,37.566,126.9784,10349312,38,0.12916270507683894,True
Tokyo,JP,35.6895,139.69171,9733276,44,0.605276,True
Dongguan,CN,23.01797,113.74866,9644871,1,0.03964485466604601,False
Cairo,EG,30.06263,31.24967,9606916,23,0.22302941182251737,True
Xi’an,CN,34.25833,108.92861,9600000,416,0.10072639999999997,True
Johannesburg,ZA,-26.20227,28.04363,9418183,1767,0.15847815140395896,True
Nanjing,CN,32.06167,118.77778,9314685,22,0.058399089010373,True
Hangzhou,CN,30.29365,120.16142,9236032,12,0.021343967578951697,False
Foshan,CN,23.02677,113.13148,9042509,5,0.025583270000000102,False
London,GB,51.50853,-0.12574,8961989,25,0.008103378339223416,False
New York City,US,40.71427,-74.00597,8804190,57,0.040969070000045724,False
Jakarta,ID,-6.21462,106.84513,8540121,16,0.2440006999996528,True
Bengaluru,IN,12.97194,77.59369,8495492,914,0.10209800819484437,True
Hanoi,VN,21.0245,105.84117,8053663,10,0.08338389,True
Taipei,TW,25.05306,121.52639,7871900,5,0.3369818386905979,True
Lima,PE,-12.04318,-77.02824,7737002,152,0.5729318000000077,True
Bogotá,CO,4.60971,-74.08175,7674366,2582,0.21287959999031597,True
Chongqing,CN,29.56026,106.55771,7457599,289,0.1132862,True
Hong Kong,HK,22.27832,114.17469,7396076,60,0.024642450000000003,False
Baghdad,IQ,33.34058,44.40088,7216000,41,0.08027336103756409,True
Wuzhong,CN,37.9867,106.201,7202654,1133,0.19722659141219573,True
Qingdao,CN,36.06488,120.38042,7172451,16,0.039102610000010925,False
Tehran,IR,35.69439,51.42151,7153309,1178,0.43302890000017774,True
Shenyang,CN,41.79222,123.43278,7050000,53,0.09987922628875384,True
Hyderabad,IN,17.38405,78.45636,6993262,515,0.07423532886291072,True
Rio de Janeiro,BR,-22.90642,-43.18223,6747815,12,0.0,False
Suzhou,CN,31.30408,120.59538,6715559,10,0.03739668422883619,False
Ahmedabad,IN,23.02579,72.58727,6357693,56,0.07858704075685521,True
Abidjan,CI,5.35444,-4.00167,6321017,50,0.011843929929354863,False
Pudong,CN,31.23995,121.50094,5681512,9,0.0548643,True
Singapore,SG,1.28967,103.85007,5638700,23,0.041335686705351524,False
Sydney,AU,-33.86785,151.20732,5557233,58,0.02697496999429279,False
Dar es Salaam,TZ,-6.82349,39.26951,5383728,24,0.10976500000055309,True
Saint Petersburg,RU,59.93863,30.31413,5351935,11,0.0,False
Melbourne,AU,-37.814,144.96332,5350705,25,0.03655883,False
Alexandria,EG,31.20176,29.91582,5263542,9,0.10648969999942208,True
Harbin,CN,45.75,126.65,5242897,140,0.01839482394782983,False
Bangkok,TH,13.75398,100.50144,5104476,12,0.013382457568110224,False
Hefei,CN,31.86389,117.28083,5050000,24,0.0983821445081414,True
Dalian,CN,38.91222,121.60222,4913879,33,0.08769579999909445,True
Kano,NG,12.00012,8.51672,4910000,484,0.0,False
Santiago,CL,-33.45694,-70.64827,4837295,556,0.4173637999999916,True
Cape Town,ZA,-33.92584,18.42322,4772846,25,0.04720461999998628,False
Peshawar,PK,34.008,71.57849,4758762,340,0.2901222617456738,True
Changchun,CN,43.88,125.32278,4714996,206,0.0634228002268415,True
Jeddah,SA,21.49012,39.18624,4697000,7,0.0409822442436537,False
Chennai,IN,13.08784,80.27847,4681087,14,0.08934973,True
Kolkata,IN,22.56263,88.36304,4631392,11,0.119528,True
Xiamen,CN,24.47979,118.08187,4617251,12,0.08274255079966863,True
Surat,IN,21.19594,72.83023,4591246,20,0.09830952,True
Yangon,MM,16.80528,96.15611,4477638,30,0.24170165732526167,True
Bao'an,CN,22.55213,113.88288,4476554,-9999,0.029877419999999995,False
Kabul,AF,34.52813,69.17233,4434550,1798,0.3410787,True
Nairobi,KE,-1.28333,36.81667,4397073,1684,0.062402730000007234,True
Wuxi,CN,31.56887,120.28857,4396835,10,0.045841230000000024,False
Giza,EG,30.00944,31.20861,4367343,19,0.2299891999999745,True
Jinan,CN,36.66833,116.99722,4335989,32,0.031058419747875803,False
Taiyuan,CN,37.86944,112.56028,4303673,795,0.17911048818970648,True
Zhengzhou,CN,34.75778,113.64861,4253913,104,0.09334680999995831,True
Bamako,ML,12.60915,-7.97522,4227569,374,0.0,False
Riyadh,SA,24.68773,46.72185,4205961,612,0.0,False
New Taipei City,TW,25.06199,121.45703,4004367,4,0.3321715041340599,True
New Territories,HK,22.42441,114.11095,3984077,231,0.02900778644369681,False
Shijiazhuang,CN,38.04139,114.47861,3938513,77,0.11874689999986604,True
Chattogram,BD,22.3384,91.83168,3920222,15,0.27893500939555027,True
Addis Ababa,ET,9.02497,38.74689,3860000,2405,0.09872084427430548,True
Kunming,CN,25.03889,102.71833,3855346,1895,0.2247326999966429,True
Zhongshan,CN,22.52306,113.37912,3841873,9,0.023690620000713977,False
Nanning,CN,22.81667,108.31667,3839800,91,0.037976323845412566,False
Shantou,CN,23.35489,116.67876,3838900,3,0.07380899,True
Los Angeles,US,34.05223,-118.24368,3820914,96,0.4290697,True
Faisalabad,PK,31.41554,73.08969,3800193,186,0.23529029999999998,True
Dubai,AE,25.07725,55.30927,3790000,24,0.02993859568841896,False
Yokohama,JP,35.43333,139.65,3777491,21,0.6621291,True
Fuzhou,CN,26.06139,119.30611,3740000,14,0.05171955289105704,True
Ningbo,CN,29.87819,121.54945,3731203,15,0.011052115216675752,False
Casablanca,MA,33.58831,-7.61138,3665954,27,0.03522472997907765,False
Ibadan,NG,7.37756,3.90591,3649000,181,0.00663467220002149,False
Puyang,CN,29.45679,119.88872,3590000,76,0.01464330469665812,False
Ankara,TR,39.91987,32.85427,3517182,874,0.16662556189330424,True
Shiyan,CN,32.6475,110.77806,3460000,247,0.05750118001517975,True
Berlin,DE,52.52437,13.41053,3426354,43,0.0,False
Tangshan,CN,39.64381,118.18319,3372102,7,0.31629729999999995,True
Rawalpindi,PK,33.59733,73.0479,3357612,501,0.3984775999894386,True
Lüliang,CN,37.5192,111.14436,3346500,959,0.08261043,True
Durban,ZA,-29.8579,31.0292,3338026,21,0.024731620000000242,False
Changzhou,CN,31.77359,119.95401,3290918,9,0.05504504000409904,True
Busan,KR,35.10168,129.03004,3285147,15,0.16616609698673127,True
Madrid,ES,40.4165,-3.70256,3255944,665,0.015809220000229596,False
Pyongyang,KP,39.03385,125.75432,3222000,43,0.1516701309305629,True
Zibo,CN,36.79056,118.06333,3129228,51,0.0319178642797818,False
Pune,IN,18.51957,73.85535,3124458,554,0.1458257,True
Bursa,TR,40.19559,29.06013,3101833,155,0.4104262999848779,True
Changsha,CN,28.19874,112.97087,3093980,67,0.023617922324313805,False
Quezon City,PH,14.6488,121.0509,3084270,49,0.3776324,True
Jaipur,IN,26.91962,75.78781,3046163,435,0.06451492689635295,True
Guiyang,CN,26.58333,106.71667,3037159,1087,0.051503940000042374,True
Ürümqi,CN,43.80096,87.60046,3029372,862,0.2520546002296858,True
Incheon,KR,37.45646,126.70515,3015482,43,0.12992140003027974,True
Lanzhou,CN,36.05701,103.83987,3000000,1521,0.08373360893088373,True
Caracas,VE,10.48801,-66.87919,3000000,887,0.1730225400287133,True
Kyiv,UA,50.45466,30.5238,2952301,187,0.0,False
İzmir,TR,38.41273,27.13838,2938292,122,0.7108020999973488,True
Huizhou,CN,23.11147,114.41523,2900113,25,0.08668469999999998,True
Buenos Aires,AR,-34.61315,-58.37723,2891082,31,0.0,False
Surabaya,ID,-7.24917,112.75083,2874314,8,0.17567150000892412,True
Haikou,CN,20.03421,110.34651,2873358,9,0.060684600000000005,True
Taichung,TW,24.1469,120.6839,2850285,91,0.5903575,True
Kanpur,IN,26.46523,80.34975,2823249,137,0.08749918999999999,True
Toronto,CA,43.70643,-79.39864,2794356,161,0.03736069890156229,False
Quito,EC,-0.22985,-78.52495,2781641,2854,0.5291945128205688,True
Brisbane,AU,-27.46794,153.02809,2780063,27,0.011956959999715877,False
Luanda,AO,-8.83682,13.23432,2776168,73,0.023175360001899077,False
Osaka,JP,34.69379,135.50107,2753862,4,0.36978042123918875,True
Linyi,CN,35.06306,118.34278,2743843,69,0.08185075000000018,True
Baoding,CN,38.87288,115.46246,2739887,15,0.10729250449068198,True
Kaohsiung,TW,22.61626,120.31333,2737660,9,0.36814123611525135,True
Brooklyn,US,40.6501,-73.94958,2736074,18,0.04063029351793036,False
Guayaquil,EC,-2.19616,-79.88621,2723665,14,0.6265439059161264,True
Belo Horizonte,BR,-19.92083,-43.93778,2721564,872,0.0,False
Minhang,CN,31.10881,121.37471,2716600,12,0.049227489997631955,False
Bazhong,CN,31.8694,106.74432,2712894,393,0.06699956999980992,True
Salvador,BR,-12.97563,-38.49096,2711840,4,0.0,False
Abuja,NG,9.05785,7.49508,2690000,476,0.0,False
Gazipur,BD,23.99844,90.42234,2674697,12,0.1960511,True
Chicago,US,41.85003,-87.65005,2664452,180,0.02338953001967422,False
Wenzhou,CN,27.99942,120.66682,2650000,10,0.06862428999997017,True
Dakar,SN,14.6937,-17.44406,2646503,12,0.0,False
Haiphong,VN,20.86481,106.68345,2625200,12,0.07142701001104618,True
Yunfu,CN,22.92787,112.03809,2612800,67,0.035519409991095485,False
Navi Mumbai,IN,19.03681,73.01582,2600000,14,0.1217893695201236,True
Mogadishu,SO,2.03711,45.34375,2587183,12,0.0,False
Bekasi,ID,-6.2349,106.9896,2564940,18,0.23590259999996588,True
Kumasi,GH,6.68848,-1.62443,2544530,270,0.036292898409271857,False
Gujranwala,PK,32.15567,74.18705,2511118,230,0.14429404290279463,True
Huai'an,CN,33.58861,119.01917,2494013,14,0.03703376783986386,False
Lucknow,IN,26.83928,80.92313,2472011,126,0.09292340753069801,True
Bandung,ID,-6.92222,107.60694,2444160,714,0.28177439363943224,True
Medan,ID,3.58333,98.66667,2435252,26,0.19080470193184715,True
Ouagadougou,BF,12.36566,-1.53388,2415266,299,0.0,False
Nagpur,IN,21.14631,79.08491,2405665,319,0.04738269000002562,False
Fortaleza,BR,-3.71722,-38.54306,2400000,18,0.04053011157655171,False
Cali,CO,3.43054,-76.5199,2392877,758,0.3503494944669512,True
Daegu,KR,35.87028,128.59111,2365523,45,0.212614409616326,True
Algiers,DZ,36.73225,3.08746,2364230,113,0.36022020001026506,True
Nanchang,CN,28.68396,115.85306,2357839,20,0.043107123486540784,False
Baku,AZ,40.37767,49.89201,2351300,-23,0.22350300000000003,True
Hohhot,CN,40.81056,111.65222,2350000,1051,0.17676713638193217,True
Nagoya,JP,35.18147,136.90641,2332176,23,0.4578695,True
Rome,IT,41.89193,12.51133,2318895,52,0.1219487,True
Queens,US,40.68149,-73.83652,2316841,13,0.039416061366198844,False
Houston,US,29.76328,-95.36327,2314157,30,0.011189180406920756,False
Perth,AU,-31.95224,115.8614,2309338,34,0.03218378,False
Mashhad,IR,36.29807,59.60567,2307177,980,0.2156777999852094,True
Shaoxing,CN,30.00237,120.57864,2300000,21,0.01432263000001024,False
Nantong,CN,32.03028,120.87472,2273326,6,0.058333385283879866,True
Baoshan,CN,31.40845,121.48956,2265900,5,0.056386530740758875,True
Kowloon,HK,22.31667,114.18333,2232339,92,0.02797933071486313,False
Yantai,CN,37.47649,121.44081,2227733,22,0.06942275,True
Gaziantep,TR,37.05944,37.3825,2222415,842,0.192733631962112,True
Lubumbashi,CD,-11.66089,27.47938,2221925,1260,0.1269135000001872,True
Manaus,BR,-3.10194,-60.025,2219580,20,0.015574690045029522,False
Lusaka,ZM,-15.40669,28.28713,2212301,1277,0.06532238580443639,True
Brasília,BR,-15.77972,-47.92972,2207718,1136,0.0051798580000000155,False
Zhuhai,CN,22.27694,113.56778,2207090,35,0.022328132872429036,False
Santo Domingo,DO,18.47186,-69.89232,2201941,24,0.43122659999995394,True
Lomé,TG,6.12874,1.22154,2188376,13,0.03834853921128774,False
Multan,PK,30.19679,71.47824,2169915,126,0.1521000982379538,True
Havana,CU,23.13302,-82.38304,2163824,41,0.06972323252620818,True
Baotou,CN,40.6516,109.84389,2150000,1064,0.16409152594453694,True
Depok,ID,-6.4,106.81861,2145400,92,0.2647448,True
Paris,FR,48.85341,2.3488,2138551,42,0.007498643360340371,False
Coimbatore,IN,11.00555,76.96612,2136916,425,0.09121184999144395,True
Qingyang,CN,35.70976,107.64455,2125400,1427,0.06696249000834735,True
Port Harcourt,NG,4.77742,7.0134,2120000,16,0.018808679818417585,False
Pretoria,ZA,-25.74486,28.18783,2112693,1332,0.02310987711748012,False
Córdoba,AR,-31.40648,-64.18853,2106734,378,0.09925164994006656,True
Mbuji-Mayi,CD,-6.13603,23.58979,2101332,621,0.013519230047464246,False
Aleppo,SY,36.20124,37.16117,2098210,401,0.17311529077777812,True
Kunshan,CN,31.37762,120.95431,2092496,10,0.03884169820017912,False
Al Mawşil al Jadīdah,IQ,36.33271,43.10555,2065597,239,0.1837698,True
Weifang,CN,36.71,119.10194,2044028,30,0.053631210000350975,True
Zunyi,CN,27.68667,106.90722,2037775,867,0.06921806206774163,True
Al Başrah al Qadīmah,IQ,30.50316,47.81507,2015483,7,0.08077797999300522,True
La Paz,BO,-16.5,-68.15,2004652,3782,0.22806800006981817,True
Lianyungang,CN,34.59845,119.21556,2001009,1,0.03160160999998877,False
Medellín,CO,6.245,-75.57151,1999979,1528,0.19712142400955127,True
Indore,IN,22.71792,75.8333,1994397,550,0.06682414011868869,True
Brazzaville,CG,-4.26613,15.28318,1982000,284,0.0,False
Tashkent,UZ,41.26465,69.21627,1978028,424,0.170258,True
Ganzhou,CN,25.84664,114.9326,1977253,117,0.029778850008142222,False
Almaty,KZ,43.25249,76.9115,1977011,783,0.39686443102647695,True
Khartoum,SD,15.55177,32.53241,1974647,381,0.0,False
Hamburg,DE,53.55073,9.99302,1973896,9,0.0,False
Sapporo,JP,43.06667,141.35,1973832,26,0.18067203602838852,True
Songjiang,CN,31.03443,121.22326,1973500,3,0.03949525067474673,False
Accra,GH,5.55602,-0.1969,1963264,33,0.08407995999943077,True
Curitiba,BR,-25.42778,-49.27306,1948626,924,0.0,False
Ordos,CN,39.6086,109.78157,1940653,1310,0.08497503706411498,True
Sanaa,YE,15.35452,44.20646,1937451,2253,0.0526933723888093,True
Conakry,GN,9.53795,-13.67729,1928389,13,0.02612332576905021,False
Tijuana,MX,32.5027,-117.00371,1922523,97,0.1454692999529328,True
Hyderabad,PK,25.39689,68.37718,1921275,14,0.1405366,True
Beirut,LB,33.89332,35.50157,1916100,40,0.3636114465008213,True
Tangerang,ID,-6.17806,106.63,1912679,18,0.24450769998375577,True
Jieyang,CN,23.5418,116.36581,1899394,7,0.06645991619844116,True
Jilin,CN,43.84652,126.5608,1895865,188,0.0314893779934083,False
Jiading,CN,31.38575,121.24465,1886100,9,0.04496109759605105,False
Bucharest,RO,44.43225,26.10626,1877155,83,0.3229623135362622,True
Camayenne,GN,9.535,-13.68778,1871242,6,0.02612332576905021,False
Kakamega,KE,0.28422,34.75229,1867579,1563,0.054435779979489986,True
Shangqiu,CN,34.4143,115.65613,1859723,52,0.061233099999999846,True
Nanchong,CN,30.79508,106.08473,1858875,287,0.07028725098124311,True
Tainan,TW,22.99083,120.21333,1856642,26,0.6576578501474174,True
Datong,CN,40.09361,113.29139,1850000,1054,0.20042759999999998,True
Kaduna,NG,10.52641,7.43879,1850000,626,0.0,False
Omdurman,SD,15.64453,32.47773,1849659,391,0.0,False
Davao,PH,7.07306,125.61278,1848947,13,0.4845108999999862,True
Thāne,IN,19.19704,72.96355,1841488,23,0.1226549788237301,True
Iztapalapa,MX,19.35529,-99.06224,1835486,2238,0.2343617999998143,True
Diyarbakır,TR,37.91363,40.21721,1833684,674,0.1193813,True
Santa Cruz de la Sierra,BO,-17.78629,-63.18117,1831434,433,0.2547707,True
Vadodara,IN,22.29941,73.20812,1822221,46,0.0722415566693286,True
Adana,TR,36.98615,35.32531,1816750,30,0.24460518095793907,True
Nanyang,CN,33.00524,112.54659,1811812,126,0.066139472892516,True
Abu Dhabi,AE,24.45118,54.39696,1807000,6,0.01286773912211778,False
Sharjah,AE,25.3342,55.41221,1800000,15,0.03509416471044825,False
Bhopal,IN,23.25469,77.40289,1798218,523,0.06569640999190733,True
Jiangmen,CN,22.58333,113.08333,1795459,11,0.02427985,False
Benin City,NG,6.33815,5.62575,1782000,88,0.023297087293339052,False
Jiangyin,CN,31.91102,120.26302,1779515,7,0.04633051999999878,False
Fuyang,CN,32.9,115.81667,1768947,31,0.06560592,True
Montréal,CA,45.50884,-73.58781,1762949,216,0.13453215644913957,True
Bayan Nur,CN,40.74143,107.38599,1760000,1041,0.16357383080487775,True
Maracaibo,VE,10.64232,-71.61089,1752602,-9999,0.09229294999185002,True
Chaozhou,CN,23.65396,116.62262,1750945,23,0.08027702097936629,True
Minsk,BY,53.90019,27.56653,1742124,222,0.0,False
Budapest,HU,47.49835,19.04045,1741041,104,0.07533130299598337,True
Qingyuan,CN,23.7,113.03333,1738424,11,0.02990489000155245,False
Tai’an,CN,36.18528,117.12,1735425,143,0.02387936554331059,False
Rasapūdipalem,IN,17.73308,83.31622,1728128,45,0.03413424,False
Pimpri-Chinchwad,IN,18.61867,73.80375,1727692,568,0.1354138,True
Caloocan,PH,14.64953,120.96788,1712945,6,0.31982670160836646,True
Warsaw,PL,52.22977,21.01178,1702139,113,0.01020792983029318,False
Soweto,ZA,-26.26781,27.85849,1695047,1632,0.108932,True
Puebla,MX,19.04778,-98.20723,1692181,2166,0.2727666710441241,True
Vienna,AT,48.20849,16.37208,1691468,193,0.07971645515335431,True
Barcelona,ES,41.38879,2.15899,1686208,47,0.04344114984791717,False
Patna,IN,25.59408,85.13563,1684297,53,0.09211726733105563,True
Mosul,IQ,36.335,43.11889,1683000,228,0.1837698,True
Kallakurichi,IN,11.73379,78.95925,1682687,124,0.07896554,True
Kampala,UG,0.31628,32.58219,1680600,1223,0.034418081218468045,False
Xining,CN,36.62554,101.75739,1677177,2275,0.10940590000000001,True
Changshu,CN,31.64615,120.74221,1677050,9,0.04154520491813632,False
Palembang,ID,-2.91673,104.7458,1668848,5,0.0647146814960711,True
Huainan,CN,32.62639,116.99694,1666826,47,0.06315831000000022,True
Rabat,MA,34.01325,-6.83255,1655753,46,0.0716719748318391,True
Semarang,ID,-6.99306,110.42083,1653524,18,0.15186488332454087,True
Recife,BR,-8.05389,-34.88111,1653461,8,0.006257868978535036,False
Phoenix,US,33.44838,-112.07404,1650070,366,0.02595759048086617,False
Suzhou,CN,33.63611,116.97889,1647642,34,0.06378119985494589,True
Ecatepec de Morelos,MX,19.60492,-99.06064,1645352,2306,0.1769872000143959,True
Lu’an,CN,31.73561,116.51688,1644344,81,0.09531094211858195,True
Valencia,VE,10.16153,-68.00044,1619470,547,0.11464059999590313,True
Ludhiana,IN,30.91204,75.85379,1618879,256,0.2378727929457269,True
Yancheng,CN,33.3575,120.1573,1615717,3,0.09263278999969989,True
Novosibirsk,RU,55.02259,82.93175,1612833,113,0.03725414764176673,False
Erbil,IQ,36.19117,44.00943,1612700,429,0.19943000000004055,True
Fukuoka,JP,33.6,130.41667,1612392,3,0.27037391541328487,True
Taizhou,CN,32.49069,119.90812,1607108,10,0.05831059179448636,True
Daqing,CN,46.58333,125.0,1604027,146,0.03594835512443837,False
Manila,PH,14.6042,120.9822,1600000,13,0.3303762000045073,True
Wuhu,CN,31.35259,118.42947,1598165,9,0.0523950000000047,True
Santiago de Querétaro,MX,20.58806,-100.38806,1594212,1826,0.10179619999989792,True
Dazhou,CN,31.2106,107.46308,1589435,292,0.041823968794661964,False
Yangzhou,CN,32.39722,119.43583,1584237,14,0.049230005294929234,False
León de los Aldama,MX,21.12183,-101.68253,1579803,1803,0.0725108399999994,True
Makkah,SA,21.42664,39.82563,1578722,333,0.030371541764502956,False
Philadelphia,US,39.95238,-75.16362,1573916,8,0.031093319999709476,False
Phnom Penh,KH,11.56245,104.91601,1573544,20,0.0,False
Guilin,CN,25.28022,110.29639,1572300,141,0.009580251611673545,False
Damascus,SY,33.5102,36.29128,1569394,701,0.19474319999999046,True
Quetta,PK,30.18414,67.00141,1565546,1683,0.2636647003322439,True
Zhaoqing,CN,23.04893,112.46091,1553109,16,0.026573269997878384,False
Onitsha,NG,6.14978,6.78569,1553000,57,0.0122633699999938,False
Mianyang,CN,31.46784,104.68168,1550000,471,0.26715376644230177,True
Auckland,NZ,-36.84853,174.76349,1547200,43,0.15848371256328161,True
Isfahan,IR,32.65246,51.67462,1547164,1578,0.2009237,True
Wanzhou,CN,30.76451,108.39586,1545900,205,0.0686881409288709,True
Harare,ZW,-17.82772,31.05337,1542813,1494,0.016921320000767792,False
Monrovia,LR,6.30054,-10.7969,1542549,32,0.023880580108877163,False
Putian,CN,25.43944,119.01028,1539389,23,0.07257547001111571,True
Kawasaki,JP,35.52056,139.71722,1538262,1,0.6526173009763581,True
Goiânia,BR,-16.67861,-49.25389,1536097,766,0.0,False
San Antonio,US,29.42412,-98.49363,1526656,202,0.006403162995896565,False
Kobe,JP,34.6913,135.183,1525152,35,0.3464501999999914,True
Stockholm,SE,59.32938,18.06871,1515017,17,0.0229392,False
Ciudad Juárez,MX,31.72024,-106.46084,1512450,1124,0.04202973,False
Cần Thơ,VN,10.03711,105.78825,1507187,3,0.0,False
Munich,DE,48.13743,11.57549,1505005,524,0.01956324993794137,False
Khulna,BD,22.80979,89.56439,1500689,8,0.17857079413100013,True
Belém,BR,-1.45583,-48.50444,1499641,15,0.006254844774601808,False
Yekaterinburg,RU,56.85733,60.61529,1495066,278,0.0,False
Porto Alegre,BR,-30.03283,-51.23019,1488252,46,0.0,False
Yinchuan,CN,38.46806,106.27306,1487579,1117,0.19743220001936695,True
Manhattan,US,40.78343,-73.96625,1487536,38,0.04136155549700371,False
Nashik,IN,19.99727,73.79096,1486053,584,0.07369488,True
Taizhou,CN,28.66266,121.43312,1485502,15,0.01631205000000001,False
Asunción,PY,-25.28646,-57.647,1482200,113,0.039044731923208245,False
Yiwu,CN,29.31506,120.07676,1481384,84,0.016234923471163922,False
Zapopan,MX,20.72111,-103.38742,1476491,1565,0.11167757962981978,True
Adelaide,AU,-34.92866,138.59863,1469163,59,0.03981218,False
Quanzhou,CN,24.91389,118.58583,1469157,14,0.0701559140831337,True
Madurai,IN,9.919,78.11953,1465625,139,0.05184136506343647,True
Jinhua,CN,29.10678,119.64421,1463990,55,0.020100842173499035,False
Kyoto,JP,35.02107,135.75385,1463723,50,0.3363467999654756,True
Cixi,CN,30.1764,121.2457,1457510,11,0.0155615499999991,False
Changde,CN,29.03205,111.69844,1457419,38,0.01306514382910272,False
Kuala Lumpur,MY,3.1412,101.68653,1453975,56,0.05040472603807832,True
Kayseri,TR,38.73222,35.48528,1452458,1054,0.1602327415417343,True
Kaifeng,CN,34.7986,114.30742,1451741,76,0.09979516919287582,True
Anshan,CN,41.12361,122.99,1450000,55,0.14565387828153661,True
Karaj,IR,35.83266,50.99155,1448075,1341,0.3347232003058362,True
Kathmandu,NP,27.70169,85.3206,1442271,1296,0.43888131747454034,True
Daejeon,KR,36.34913,127.38493,1441203,58,0.1340866,True
Baoji,CN,34.36775,107.23705,1437802,567,0.26372759690524655,True
Suqian,CN,33.94917,118.29583,1437685,23,0.08274498999829098,True
Liuzhou,CN,24.32405,109.40698,1436599,102,0.020693809864608337,False
Tirunelveli,IN,8.72742,77.6838,1435844,49,0.047615672582923145,False
Konya,TR,37.87135,32.48464,1433861,1030,0.13089080029536238,True
Zhangjiagang,CN,31.865,120.53889,1432044,13,0.044988530000000394,False
Agra,IN,27.18333,78.01667,1430055,166,0.08078684411351394,True
Tabriz,IR,38.08,46.2919,1424641,1396,0.6090702000000001,True
Makassar,ID,-5.14861,119.43194,1423877,6,0.06073681,True
Kharkiv,UA,49.98177,36.25475,1421125,128,0.0,False
Jinjiang,CN,24.81978,118.57415,1416151,33,0.07101286000000707,True
Faridabad,IN,28.41124,77.31316,1414050,209,0.20511159967119916,True
Bozhou,CN,33.87722,115.77028,1409436,40,0.045483810000000006,False
Qujing,CN,25.48333,103.78333,1408500,1887,0.19178211822728256,True
South Tangerang,ID,-6.28862,106.71789,1404785,39,0.2550163,True
San Diego,US,32.71571,-117.16472,1404452,20,0.20933551098490116,True
Gwangju,KR,35.15472,126.91556,1401235,47,0.12016710000000001,True
Zhanjiang,CN,21.23391,110.38749,1400709,16,0.04025854003718686,False
Fushun,CN,41.88669,123.94363,1400646,85,0.07145602993945324,True
Rājkot,IN,22.29161,70.79322,1390640,140,0.19545479999567353,True
Luoyang,CN,34.67345,112.43684,1390581,128,0.09239673,True
Guadalajara,MX,20.67738,-103.34749,1385629,1546,0.11572400415236914,True
The Bronx,US,40.84985,-73.86641,1385108,19,0.04120395000000151,False
Guankou,CN,28.15861,113.62709,1380000,79,0.011907950115502075,False
Huế,VN,16.4619,107.59546,1380000,8,0.04076675971586942,False
Milan,IT,45.46427,9.18951,1371498,127,0.09062868999901035,True
Najafgarh,IN,28.60922,76.97982,1365000,215,0.2602816118756782,True
N'Djamena,TD,12.10672,15.0444,1359526,299,0.0,False
Handan,CN,36.60999,114.48764,1358318,61,0.11060070005791475,True
Bannu,PK,32.98527,70.60403,1357890,379,0.2527685959281018,True
Yichang,CN,30.71444,111.28472,1350150,63,0.08366219158540647,True
Antananarivo,MG,-18.91368,47.53613,1349501,1274,0.03184270315065551,False
Heze,CN,35.23929,115.47358,1346717,53,0.12731508674694053,True
Abobo,CI,5.41613,-4.0159,1340083,105,0.011830840000014843,False
Jamshedpur,IN,22.80278,86.18545,1339438,171,0.15679974198957028,True
Douala,CM,4.04827,9.70428,1338082,19,0.04370667,False
Antalya,TR,36.90812,30.69556,1335002,61,0.23299810000007426,True
Basrah,IQ,30.50852,47.7804,1326564,4,0.08027720999999999,True
Dallas,US,32.78306,-96.80667,1326087,139,0.018714329999999998,False
Saitama,JP,35.90807,139.65657,1324854,16,0.5603807087562043,True
Gorakhpur,IN,29.44768,75.67206,1324570,218,0.11453845354575512,True
Niamey,NE,13.51366,2.1098,1323691,206,0.0,False
Liupanshui,CN,26.59444,104.83333,1320825,1799,0.16162984385532747,True
Taguig,PH,14.5243,121.0792,1308085,5,0.3682486999999998,True
Maoming,CN,21.66625,110.91364,1307802,31,0.06686087396100535,True
Calgary,CA,51.05011,-114.08529,1306784,1042,0.027142923964359435,False
Tripoli,LY,32.88743,13.18733,1302947,15,0.09134154847778278,True
Callao,PE,-12.05162,-77.13452,1300000,5,0.5972655999999986,True
Madinah,SA,24.46861,39.61417,1300000,603,0.04073001435315501,False
Yaoundé,CM,3.86667,11.51667,1299369,726,0.026874023153319868,False
Qinzhou,CN,21.98247,108.65061,1296300,12,0.03191015895976098,False
Luohe,CN,33.57424,114.03261,1294974,67,0.05347295953225062,True
Xiangyang,CN,32.0422,112.14479,1294733,71,0.03890985,False
Yangjiang,CN,21.85563,111.96272,1292987,15,0.11379576536966542,True
Yixing,CN,31.36059,119.82016,1285785,8,0.07843221842963918,True
Pimpri,IN,18.62292,73.80696,1284606,571,0.1354138,True
Da Nang,VN,16.06778,108.22083,1276000,11,0.03458647999998936,False
Amman,JO,31.95522,35.94503,1275857,757,0.15170721457216013,True
Budta,PH,7.20417,124.43972,1273715,4,0.5609091576962117,True
Belgrade,RS,44.80401,20.46513,1273651,120,0.1254296751815343,True
Biên Hòa,VN,10.94469,106.82432,1272235,6,0.02384309000022204,False
Qingpu,CN,31.15394,121.11408,1271424,6,0.03973991,False
Montevideo,UY,-34.90328,-56.18816,1270737,34,0.0,False
Xuchang,CN,34.03189,113.86299,1265536,71,0.08949387199352997,True
Kalyān,IN,19.2437,73.13554,1262255,10,0.12569559999992821,True
Zigong,CN,29.34162,104.77689,1262064,306,0.209717,True
Nizhniy Novgorod,RU,56.32867,44.00205,1259013,141,0.0,False
Jepara,ID,-6.5924,110.671,1257912,5,0.11350430000000014,True
Maputo,MZ,-25.96553,32.58322,1254837,70,0.0,False
Xuzhou,CN,34.20442,117.28386,1253991,35,0.036188991083803836,False
Dammam,SA,26.43442,50.10326,1252523,10,0.011054832482400457,False
Ra’s Bayrūt,LB,33.9,35.48333,1251739,35,0.4060524820209177,True
Neijiang,CN,29.58354,105.06216,1251095,349,0.20264189999999999,True
Shiraz,IR,29.61031,52.53113,1249942,1545,0.2974346085091356,True
Heshan,CN,28.56938,112.34733,1249807,73,0.01636503,False
Dombivali,IN,19.21667,73.08333,1247327,11,0.12421700293653627,True
Kananga,CD,-5.89624,22.41659,1247168,643,0.010649280000000209,False
Kazan,RU,55.78874,49.12214,1243500,61,0.0,False
Jining,CN,35.405,116.58139,1241012,43,0.040633053917606986,False
Barquisimeto,VE,10.0647,-69.35703,1240714,606,0.4172064835994755,True
Shubrā al Khaymah,EG,30.12511,31.25053,1240289,26,0.22143949999999932,True
Putuo,CN,31.251,121.3897,1239100,10,0.050358489999999326,True
Port-au-Prince,HT,18.54349,-72.33881,1234742,27,0.412546161369622,True
Suwon,KR,37.29111,127.00889,1234582,58,0.12910570000017965,True
Xinyang,CN,32.12278,114.06556,1230042,89,0.05836012,True
Liaocheng,CN,36.45064,116.00247,1229768,32,0.05415383980804725,True
Jinzhong,CN,37.68403,112.75471,1226617,821,0.1660062000160998,True
Meerut,IN,28.98002,77.70636,1223184,228,0.1854663015917488,True
Virār,IN,19.45591,72.81136,1222390,9,0.1198278828077522,True
Nowrangapur,IN,19.23114,82.54826,1220946,578,0.03164831971105485,False
Karbala,IQ,32.61603,44.02488,1218732,32,0.13161351227309273,True
Changzhi,CN,36.18389,113.10528,1214940,937,0.09897423811055217,True
Tianshui,CN,34.57952,105.74238,1212791,1153,0.2934561000002377,True
Sadr City,IQ,33.3889,44.4583,1211849,39,0.08109344,True
Yangpu,CN,31.26193,121.51904,1210800,9,0.05450404427125187,True
Mombasa,KE,-4.05466,39.66359,1208333,20,0.09965361000012632,True
Mandalay,MM,21.97473,96.08359,1208099,83,0.3333079,True
Srinagar,IN,34.08565,74.80555,1206419,1589,0.3927438,True
Barranquilla,CO,10.96854,-74.78132,1206319,24,0.09359839,True
Chelyabinsk,RU,55.1611,61.42877,1202371,232,0.0,False
Mérida,MX,20.967,-89.62318,1201000,10,0.0,False
Hiroshima,JP,34.4,132.45,1200754,16,0.350937245802441,True
Santiago de los Caballeros,DO,19.45036,-70.69085,1200000,209,0.5522715806493135,True
Shymkent,KZ,42.30988,69.60042,1200000,520,0.16573236803986885,True
Weinan,CN,34.50355,109.50891,1199290,354,0.1088599,True
Ghāziābād,IN,28.66535,77.43915,1199191,214,0.2054343120910291,True
Matola,MZ,-25.96222,32.45889,1198988,42,0.03830445155178504,False
Dhanbad,IN,23.79759,86.42992,1196214,247,0.15882358805290006,True
Hong Kong Island,HK,22.26302,114.18419,1195529,170,0.024642450000000003,False
Fes,MA,34.03313,-5.00028,1191905,406,0.21788583843258102,True
Gustavo Adolfo Madero,MX,19.49392,-99.11075,1185772,2284,0.208636099855132,True
Nouakchott,MR,18.08581,-15.9785,1184530,10,0.0,False
Kisangani,CD,0.51528,25.19099,1181788,400,0.022092409999689925,False
Jiaxing,CN,30.7522,120.75,1180000,8,0.027201170234884983,False
Aurangabad,IN,19.87757,75.34226,1175116,588,0.0945352192163259,True
Zhongwei,CN,37.51129,105.19067,1174600,1227,0.2145857,True
Omsk,RU,54.99244,73.36859,1172070,90,0.0,False
Guarulhos,BR,-23.46278,-46.53333,1169577,774,0.0,False
Panjin,CN,41.121,122.0739,1166481,7,0.12402450000000662,True
Bandar Lampung,ID,-5.42917,105.26111,1166066,95,0.2649017,True
Prague,CZ,50.08804,14.42076,1165581,202,0.009525989036069517,False
Varanasi,IN,25.31668,83.01041,1164404,86,0.0641719299859855,True
Batam,ID,1.14937,104.02491,1164352,38,0.0,False
Jiujiang,CN,29.70475,116.00206,1164268,41,0.09921758,True
Samara,RU,53.20767,50.13553,1163399,107,0.0,False
Aba,NG,5.10658,7.36667,1160000,64,0.020001150000000002,False
Amritsar,IN,31.62234,74.87534,1159227,244,0.22663740031588894,True
Birmingham,GB,52.48142,-1.89983,1157603,149,0.012611401867796995,False
Copenhagen,DK,55.67594,12.56553,1153615,14,0.005903594520001896,False
Sofia,BG,42.69751,23.32415,1152556,562,0.2816335999999533,True
Anyang,CN,36.096,114.38278,1146839,70,0.0894178111152896,True
Yerevan,AM,40.17765,44.5126,1144700,1002,0.26684032818425285,True
Luohu District,CN,22.54721,114.13149,1143801,2,0.034756657842108,False
Vijayawada,IN,16.50745,80.6466,1143232,47,0.06847776,True
Fengxiang,CN,30.85841,121.46779,1140872,5,0.04257998999999998,False
Bijie,CN,27.30193,105.28627,1137383,1471,0.13692999998134323,True
Monterrey,MX,25.68435,-100.31721,1135512,560,0.03426227,False
Kigali,RW,-1.94995,30.05885,1132686,1542,0.07954493167722423,True
Rostov-on-Don,RU,47.21997,39.70769,1130305,54,0.0,False
Zhuzhou,CN,27.83333,113.15,1129687,54,0.027244150000000144,False
Bogor,ID,-6.59444,106.78917,1127408,245,0.3060344748976977,True
Malingao,PH,7.16083,124.475,1121974,5,0.5545271999996771,True
Touba,SN,14.86229,-15.87532,1120824,47,0.0,False
Ufa,RU,54.74306,55.96779,1120547,158,0.0,False
Ranchi,IN,23.34316,85.3094,1120374,643,0.1272203,True
Shangrao,CN,28.45179,117.94287,1116486,84,0.01429737,False
Lilongwe,MW,-13.96692,33.78725,1115815,1056,0.13190320000000036,True
Huaibei,CN,33.97444,116.79167,1113321,51,0.04036142999985284,False
Maiduguri,NG,11.84692,13.15712,1110000,325,0.0,False
Xuhui,CN,31.19594,121.44709,1109800,11,0.050796840241930784,True
Meishan,CN,30.04392,103.83696,1107742,423,0.3372052999999958,True
Mwanza,TZ,-2.51667,32.9,1104521,1144,0.03676601000145962,False
Ulsan,KR,35.53722,129.31667,1098421,10,0.17866874660945994,True
Sendai,JP,38.26667,140.86667,1096704,53,0.35844399585374304,True
Krasnoyarsk,RU,56.03742,92.93136,1090811,182,0.033453020000001235,False
Fuzhou,CN,27.95999,116.33333,1089888,53,0.016880319811193808,False
Guigang,CN,23.11603,109.59472,1086327,40,0.03197512934234158,False
Pekanbaru,ID,0.51667,101.44167,1085000,19,0.1002372737678649,True
Oslo,NO,59.91273,10.74609,1082575,26,0.016136169684592114,False
Jabalpur,IN,23.16697,79.95006,1081677,416,0.1361818,True
Ilorin,NG,8.49664,4.54214,1080000,320,0.0,False
Aden,YE,12.77957,45.03852,1079670,7,0.1397681999999957,True
Ciudad Nezahualcoyotl,MX,19.40061,-99.01483,1077208,2235,0.21756309999981432,True
Hengyang,CN,26.88946,112.61888,1075516,66,0.013460135821728518,False
Prayagraj,IN,25.44478,81.84322,1073438,99,0.06325443230896678,True
Visakhapatnam,IN,17.68009,83.20161,1063178,24,0.03554549,False
Goyang-si,KR,37.65639,126.835,1061752,19,0.1293693534595363,True
Yulin,CN,22.6305,110.14686,1056743,87,0.047522219956583366,False
Jodhpur,IN,26.26841,73.00594,1056191,237,0.08381268022123593,True
Gwalior,IN,26.22983,78.17337,1054420,220,0.08162196291805762,True
Jingzhou,CN,30.35028,112.19028,1052282,39,0.0267322,False
Gqeberha,ZA,-33.96109,25.61494,1050078,61,0.006399484999630996,False
Tbilisi,GE,41.69143,44.83412,1049498,433,0.2589542,True
Voronezh,RU,51.66833,39.19204,1047549,148,0.0,False
Xinxiang,CN,35.19033,113.80151,1047088,82,0.09472647999999637,True
Yichun,CN,27.83333,114.4,1045952,99,0.009223588,False
Sokoto,NG,13.06269,5.24322,1040000,296,0.0,False
Jos,NG,9.92849,8.89212,1040000,1186,0.0,False
Tangier,MA,35.76727,-5.79975,1035141,20,0.20558099999605792,True
Teni,IN,10.01115,77.47772,1034724,300,0.08890338369928753,True
Xianyang,CN,34.33778,108.70261,1034081,387,0.09078924889428647,True
Mexicali,MX,32.62781,-115.45446,1032686,4,0.6835515193668443,True
Pointe-Noire,CG,-4.77609,11.86352,1032000,12,0.022883540000000004,False
Maceió,BR,-9.66583,-35.73528,1031597,11,0.0,False
Campinas,BR,-22.90556,-47.06083,1031554,686,0.0,False
Sanya,CN,18.25435,109.50947,1031396,1,0.03970585994784982,False
Rangpur,BD,25.74664,89.25166,1031388,36,0.2707102941607577,True
Kirkuk,IQ,35.46806,44.39222,1031000,346,0.19080580616164142,True
Ashgabat,TM,37.95,58.38333,1030063,219,0.2575801691258474,True
Comilla,BD,23.46186,91.18503,1030000,17,0.24881640922908796,True
Shaoguan,CN,24.8,113.58333,1028460,69,0.0366988816869562,False
Howrah,IN,22.57688,88.31857,1027672,8,0.11665170000000308,True
Raipur,IN,21.23333,81.63333,1027264,296,0.03755549005490342,False
Changwon,KR,35.22806,128.68111,1025702,27,0.20728104764530464,True
Longyan,CN,25.07485,117.01775,1025087,318,0.07130512117735409,True
Köln,DE,50.93333,6.95,1024621,58,0.07144890010323209,True
Dublin,IE,53.33306,-6.24889,1024027,17,0.0,False
Tiruchirappalli,IN,10.8155,78.69651,1022518,79,0.04405201000000001,False
Yongzhou,CN,26.42389,111.61306,1020715,101,0.007126872644682129,False
Brussels,BE,50.85045,4.34878,1019022,28,0.03732081375638662,False
Zamboanga,PH,6.91028,122.07389,1018849,9,0.26371171335360044,True
Ottawa,CA,45.41117,-75.69812,1017449,71,0.1030978999999999,True
Huzhou,CN,30.8703,120.0933,1015937,6,0.04722855999994925,False
Volgograd,RU,48.71378,44.4976,1013533,42,0.0,False
Khartoum North,SD,15.64925,32.53458,1012211,381,0.0,False
Edmonton,CA,53.55014,-113.46871,1010899,610,0.01632251768428316,False
Odesa,UA,46.48572,30.74383,1010537,34,0.07080644,True
Wuwei,CN,37.92672,102.63202,1010295,1542,0.27311250540617754,True
Jacksonville,US,30.33218,-81.65565,1009833,12,0.018135550000001045,False
Arequipa,PE,-16.39899,-71.53747,1008290,2397,0.5941330976280723,True
Fort Worth,US,32.72541,-97.32085,1008106,203,0.017169630000021367,False
Hanzhong,CN,33.07507,107.02214,1006557,517,0.1400477000011399,True
Hezhou,CN,24.40357,111.56675,1005490,106,0.040492647684385936,False
Pest,HU,47.5,19.08333,1001748,113,0.07254013,True
Kota,IN,25.18254,75.83907,1001694,267,0.057293490006589474,True
Zhu Cheng City,CN,35.99502,119.40259,1000000,67,0.03949216999998348,False
Shivaji Nagar,IN,18.53017,73.85263,1000000,559,0.1458257,True
Dongying,CN,37.46271,118.49165,998968,6,0.08508202000013948,True
Luzhou,CN,28.8903,105.42575,998900,256,0.19710110474348627,True
San Jose,US,37.33939,-121.89496,997368,23,0.5581442998560356,True
Sholapur,IN,17.67152,75.91044,997281,473,0.15780713769060786,True
Marrakesh,MA,31.63416,-7.99994,995871,457,0.1452008,True
Guatemala City,GT,14.64072,-90.51327,994938,1508,0.7158972990198481,True
Meizhou,CN,24.28859,116.11768,992351,84,0.05827960999939885,True
Yueyang,CN,29.37455,113.09481,991465,43,0.010489195030308717,False
Laiwu,CN,36.19278,117.65694,989535,182,0.022201940754173095,False
Benxi,CN,41.28861,123.765,987717,212,0.08214592999999999,True
Perm,RU,58.01046,56.25017,982419,149,0.0,False
Zaria,NG,11.11128,7.7227,980000,644,0.0,False
Kennedy,CO,4.6165,-74.14597,979914,2556,0.20990509999484508,True
Chiba,JP,35.6,140.11667,979768,5,0.7891407000048927,True
Pingdingshan,CN,33.73091,113.31554,979130,82,0.07206928484280897,True
Ciudad Guayana,VE,8.35122,-62.64102,978202,103,0.060921631113031754,True
Sargodha,PK,32.08586,72.67418,975886,187,0.18470803284236204,True
Austin,US,30.26715,-97.74306,974447,165,0.00846970187683196,False
Managua,NI,12.13282,-86.2504,973087,108,0.6997626999999993,True
Bengbu,CN,32.94083,117.36083,972784,31,0.08475867999999583,True
Salé,MA,34.0531,-6.79846,972299,34,0.07434285000161872,True
Jerusalem,IL,31.76904,35.21633,971800,786,0.24694254436935145,True
Chandigarh,IN,30.73629,76.7884,970602,351,0.24264309999999986,True
Dnipro,UA,48.46664,35.04066,968502,61,0.0,False
Cebu City,PH,10.31672,123.89071,965332,37,0.3347104821106495,True
Sanhe,CN,39.98049,117.06887,965075,24,0.11819349999235264,True
Tiruppur,IN,11.11541,77.35456,963173,305,0.07900610999999973,True
Guwahati,IN,26.1844,91.7458,962334,59,0.5471443669493168,True
Xiangtan,CN,27.85,112.9,959303,31,0.03704844,False
Linfen,CN,36.08889,111.51889,959198,451,0.15468684200439556,True
Victoria,HK,22.2875,114.14417,956800,31,0.02463432383726627,False
Zhenjiang,CN,32.21086,119.45508,950516,26,0.05357852000000001,True
Enugu,NG,6.44132,7.49883,950000,192,0.009567271641094428,False
Rosario,AR,-32.94682,-60.63932,948312,38,0.0,False
Sulţānah,SA,24.49258,39.58572,946697,597,0.04056265809279882,False
Huludao,CN,40.75243,120.83552,944495,17,0.06372164385756184,True
Hubballi,IN,15.34776,75.13378,943788,620,0.054747908119765695,True
Kitakyushu,JP,33.85181,130.85034,940978,57,0.22929762534415035,True
Taiz,YE,13.57952,44.02091,940600,1316,0.058573172777738505,True
Setagaya,JP,35.64188,139.64715,940071,44,0.6109242,True
Kingston,JM,17.99702,-76.79358,937700,65,0.3996163345675977,True
Jing’an,CN,31.22,121.41583,936500,32,0.050796840241930784,True
Baoshan,CN,25.11626,99.16366,935618,1680,0.199426,True
Rui’an,CN,27.77605,120.65859,927383,4,0.07905372992128455,True
Chihuahua,MX,28.63528,-106.08889,925762,1437,0.02216761,False
Nay Pyi Taw,MM,19.745,96.12972,925000,122,0.7756317,True
Eskişehir,TR,39.77667,30.52056,921630,794,0.25896637567357367,True
Mysuru,IN,12.29791,76.63925,920550,757,0.06433493541584878,True
Trujillo,PE,-8.11599,-79.02998,919899,31,0.6669608730816291,True
Salem,IN,11.65376,78.15538,917414,283,0.08556316,True
São Luís,BR,-2.52972,-44.30278,917237,29,0.025779296479085206,False
Seongnam-si,KR,37.43861,127.13778,914832,80,0.1251497073317258,True
Cartagena,CO,10.39817,-75.49328,914552,20,0.07087302999999998,True
Antipolo,PH,14.62578,121.12251,913712,23,0.38493088170200146,True
Columbus,US,39.96118,-82.99879,913175,242,0.027168180373957518,False
Sialkot,PK,32.49268,74.53134,911817,250,0.22263510888718616,True
Charlotte,US,35.22709,-80.84313,911311,272,0.044948042960656,False
Laibin,CN,23.74743,109.22222,910282,72,0.0251662,False
Warri,NG,5.51737,5.75006,910000,6,0.017104240000014873,False
Naples,IT,40.85216,14.26811,909048,14,0.16170500129108625,True
Padang,ID,-0.94924,100.35427,909040,6,0.40706970000000003,True
Xiaogan,CN,30.92689,113.92221,908266,35,0.03145518,False
Campo Grande,BR,-20.44278,-54.64639,906092,592,0.005735170123720755,False
Ziyang,CN,30.12108,104.64811,905729,365,0.155723199999444,True
Bobo-Dioulasso,BF,11.18064,-4.29489,904920,453,0.0,False
Bahawalpur,PK,29.39779,71.6752,903795,121,0.11902180000002385,True
Quzhou,CN,28.95944,118.86861,902767,77,0.018465534259143535,False
Blantyre,MW,-15.78499,35.00854,902588,1041,0.13511299304423352,True
Donetsk,UA,48.023,37.80224,901645,223,0.0,False
Abū Ghurayb,IQ,33.30563,44.18477,900000,42,0.07865492696135123,True
Qom,IR,34.6401,50.8764,900000,935,0.22283870045659288,True
Bishkek,KG,42.87,74.59,900000,767,0.2286191,True
Zaozhuang,CN,34.86472,117.55417,899753,79,0.05148449657019249,True
Krasnodar,RU,45.04534,38.98178,899541,36,0.012689498504266624,False
Natal,BR,-5.795,-35.20944,896708,32,0.08746600445547512,True
Pingxiang,CN,27.61672,113.85353,893550,167,0.009273837670821702,False
Cancún,MX,21.17429,-86.84656,888797,11,0.0,False
Indianapolis,US,39.76838,-86.15804,887642,248,0.04072788000000001,False
Gurugram,IN,28.4601,77.02635,886519,228,0.24518380448550603,True
Bhubaneswar,IN,20.27241,85.83385,885363,62,0.06584730244126923,True
Zhoushan,CN,29.98869,122.20488,882932,2,0.010837269999997609,False
Qiqihar,CN,47.33922,123.96154,882364,146,0.023040399998772897,False
Mulenvos,AO,-8.86695,13.3344,882014,88,0.022959522470906622,False
Sulaymaniyah,IQ,35.56496,45.4329,878146,847,0.2492028713214842,True
Marseille,FR,43.29695,5.38107,877215,28,0.03640796,False
Puning,CN,23.31072,116.16869,874954,12,0.05379965650964251,True
Pikine,SN,14.76457,-17.39071,874062,17,0.0,False
Bhiwandi,IN,19.30023,73.05881,874032,9,0.12509470184025903,True
Soshanguve,ZA,-25.47288,28.09919,872309,1179,0.016966125701668746,False
Teresina,BR,-5.08917,-42.80194,871126,87,0.006474719640821215,False
Ankang,CN,32.68,109.01722,870126,273,0.06167234433354076,True
Jalandhar,IN,31.32556,75.57917,868929,243,0.2688223032851797,True
Rotterdam,NL,51.9225,4.47917,868135,9,0.021793253788235274,False
Langfang,CN,39.52079,116.71471,868066,19,0.10324987469417124,True
Viana,AO,-8.90553,13.37499,865863,128,0.02256456841195868,False
Jiaozuo,CN,35.23925,113.23914,865413,90,0.08947236000000214,True
Rohini,IN,28.74322,77.06778,860000,216,0.2509831,True
Wanxian,CN,30.81601,108.37407,859662,232,0.06553053,True
Guang’an,CN,30.47413,106.63696,858159,244,0.06173893678047562,True
Johor Bahru,MY,1.4655,103.7578,858118,32,0.020566720387115104,False
Pasig City,PH,14.58691,121.0614,853050,63,0.3756936,True
Cheongju-si,KR,36.63722,127.48972,852147,49,0.13168905498337044,True
Kanayannur,IN,9.96667,76.26667,851406,1,0.08906124548847308,True
Tegucigalpa,HN,14.0818,-87.20681,850848,944,0.3124423751018672,True
Bucheon-si,KR,37.49889,126.78306,850731,14,0.1299450930209851,True
Thanh Hóa,VN,19.8,105.76667,850000,5,0.0497392400003996,False
Turin,IT,45.07049,7.68682,847287,245,0.11448560152638108,True
Malang,ID,-7.9797,112.6304,847182,452,0.25114570000028796,True
Al Ain City,AE,24.19167,55.76056,846747,275,0.033620203804398986,False
Libreville,GA,0.39241,9.45356,846090,8,0.0,False
Saratov,RU,51.54048,45.9901,844858,80,0.0,False
Ulan Bator,MN,47.90771,106.88324,844818,1284,0.06700286850741939,True
Weihai,CN,37.50914,122.11356,844310,14,0.11579407809397003,True
Takeo,KH,10.99081,104.78498,843931,12,0.0,False
Cochabamba,BO,-17.38195,-66.15995,841276,2537,0.2752713000102564,True
Ahvaz,IR,31.31901,48.6842,841145,23,0.2630809,True
Vientiane,LA,17.96667,102.6,840940,174,0.04186763000243567,False
Zhabei,CN,31.25861,121.45972,840000,10,0.05439762364971867,True
Xinyu,CN,27.80429,114.93335,839488,68,0.011001240104289964,False
Pietermaritzburg,ZA,-29.61679,30.39278,839327,636,0.029239989284592566,False
Yibin,CN,28.7593,104.63994,836340,323,0.23246866125174367,True
Naucalpan de Juárez,MX,19.47851,-99.23963,834434,2300,0.21316741087786226,True
Kampung Baru Subang,MY,3.15,101.53333,833571,27,0.051503501781786316,True
Bouaké,CI,7.69385,-5.03031,832371,339,0.0,False
Samarinda,ID,-0.49167,117.14583,831460,24,0.03067428109798398,False
Taicang,CN,31.44778,121.09389,831113,4,0.04358122999999998,False
San Francisco,US,37.77493,-122.41942,827526,28,0.414144,True
Sakai,JP,34.58216,135.46653,826161,2,0.3961307725316076,True
Valencia,ES,39.47391,-0.37966,824340,10,0.06950708999951538,True
Nova Iguaçu,BR,-22.75917,-43.45111,823302,36,0.0,False
Jinshan,CN,30.83556,121.29373,822776,7,0.03630387580881697,False
Chenzhou,CN,25.8,113.03333,822534,180,0.01075825721758147,False
Duque de Caxias,BR,-22.78556,-43.31167,818329,15,0.0,False
João Pessoa,BR,-7.115,-34.86306,817511,45,0.014198868639961592,False
Bukavu,CD,-2.49077,28.84281,816811,1631,0.25867751085111423,True
Barcelona,VE,10.1384,-64.68769,815141,3,0.1565541,True
Bangui,CF,4.36122,18.55496,812407,351,0.03245337649928676,False
Hermosillo,MX,29.08874,-110.96677,812229,202,0.07016336263326303,True
Bhayandar,IN,19.30157,72.85107,809378,9,0.1212539,True
Culiacán,MX,24.80209,-107.39421,808416,47,0.10087360107583947,True
Petaling Jaya,MY,3.10726,101.60671,807879,45,0.05096918000000531,True
Anqing,CN,30.51365,117.04723,804493,19,0.07345504662560876,True
Kraków,PL,50.06143,19.93658,804237,219,0.01631238,False
Oran,DZ,35.69906,-0.63588,803329,118,0.35129380212298,True
Freetown,SL,8.48714,-13.2356,802639,38,0.013158833451713982,False
San Pedro Sula,HN,15.50585,-88.02588,801259,90,0.36442549999999996,True
Narela,IN,28.85267,77.09288,800000,219,0.24248650017617596,True
Xingtai,CN,37.06217,114.49272,798770,71,0.14812060000000002,True
Niigata,JP,37.92259,139.04125,797591,1,0.2601448673891304,True
Muscat,OM,23.58413,58.40778,797000,14,0.0413737,False
Zarqa,JO,32.07275,36.08796,792665,625,0.11035419999999814,True
Çankaya,TR,39.9179,32.86268,792189,889,0.16662556189330424,True
Hamamatsu,JP,34.7,137.73333,791707,3,0.7980442000000426,True
Kolwezi,CD,-10.71484,25.46674,790248,1485,0.059685330845560346,True
Vinh,VN,18.67337,105.69232,790000,12,0.03912555444005874,False
Thiruvananthapuram,IN,8.4855,76.94924,788271,18,0.043287225506869656,False
Zhaotong,CN,27.31667,103.71667,787845,1974,0.30483763004653724,True
Panzhihua,CN,26.58509,101.71276,787177,1101,0.16579019999999925,True
Chuzhou,CN,32.32194,118.29778,782671,24,0.054226715080977365,True
Seattle,US,47.60621,-122.33207,780995,56,0.30563560000131934,True
Port Said,EG,31.26531,32.3019,780515,16,0.04889372999486771,False
Cúcuta,CO,7.90745,-72.5049,777106,298,0.3421606999999999,True
Homs,SY,34.72405,36.72559,775404,508,0.20517119999956634,True
Xuancheng,CN,30.9525,118.75528,774332,25,0.04742578,False
Ibb,YE,13.96667,44.18333,771514,1931,0.053280540003211495,True
Nampula,MZ,-15.11646,39.2666,770379,431,0.05437535997739655,True
Shangyu,CN,30.01556,120.87111,770000,13,0.01359827000094016,False
Bujumbura,BI,-3.38193,29.36142,769317,807,0.20025499993309512,True
Tyumen,RU,57.15222,65.52722,768358,81,0.0,False
Erzurum,TR,39.90861,41.27694,767848,1914,0.3338670945674483,True
Anshun,CN,26.25,105.93333,765313,1374,0.10161058725835707,True
Dodoma,TZ,-6.17221,35.73947,765179,1125,0.18931561493080704,True
Rajshahi,BD,24.374,88.60114,763580,23,0.127690699939077,True
Dera Ismail Khan,PK,31.83129,70.9017,763195,177,0.25585661885582717,True
Wuzhou,CN,23.48054,111.28848,761948,51,0.03194862643282466,False
Ipoh,MY,4.5841,101.0829,759952,45,0.04273054004846992,False
Qinhuangdao,CN,39.94104,119.58936,759718,2,0.18478009182947322,True
Benghazi,LY,32.11486,20.06859,757490,3,0.07834124468390086,True
Alīgarh,IN,27.88145,78.07464,753207,189,0.11831137489022414,True
Shaoyang,CN,27.23818,111.46214,753194,243,0.01345369020779583,False
Malatya,TR,38.35018,38.31667,750491,963,0.2950226995043289,True
