name,full_trend_cm_yr,full_p,full_dTWS_cm,full_dwtd_Sy010,full_se_cm_yr,recent_trend_cm_yr,recent_p,recent_dTWS_cm,recent_dwtd_Sy010,recent_se_cm_yr,grace_trend_cm_yr,grace_p,dTWS_cm_total,reversal
Shanghai,0.3939,0.0,8.63,-0.8632082066249811,0.0532,0.6576,0.00162,6.51,-0.6510304514414433,0.2028,0.3939,0.0,8.63,False
Beijing,-0.4868,0.0,-10.67,1.0668476486927092,0.0383,0.5703,3e-05,5.65,-0.5646363086077472,0.1307,-0.4868,0.0,-10.67,True
Shenzhen,0.249,2e-05,5.46,-0.545782566937883,0.0579,-0.0666,0.79157,-0.66,0.06597735636772917,0.2515,0.249,2e-05,5.46,True
Guangzhou,0.1302,0.0904,2.85,-0.2853370597171036,0.0766,-0.4882,0.12194,-4.83,0.48333527730157794,0.3129,0.1302,0.0904,2.85,True
Kinshasa,1.4228,0.0,31.18,-3.118456121671523,0.1254,2.6075,0.0,25.82,-2.581592470908738,0.4472,1.4228,0.0,31.18,False
Istanbul,-0.1944,0.00199,-4.26,0.42606953327639197,0.0622,-0.273,0.20769,-2.7,0.2702508506868422,0.2152,-0.1944,0.00199,-4.26,False
Lagos,1.1752,0.0,25.76,-2.5756496300881135,0.1067,3.0197,0.0,29.9,-2.989749653892088,0.3752,1.1752,0.0,25.76,False
Ho Chi Minh City,-0.0721,0.63917,-1.58,0.15810468044236692,0.1537,1.1555,0.0174,11.44,-1.14401085844196,0.4776,-0.0721,0.63917,-1.58,True
Chengdu,0.3559,0.0,7.8,-0.7800126860500414,0.0414,0.495,0.00405,4.9,-0.49012942318249947,0.1682,0.3559,0.0,7.8,False
Lahore,-1.9692,0.0,-43.16,4.316004820455311,0.1021,-4.3053,0.0,-42.63,4.2625766485311845,0.3992,-1.9692,0.0,-43.16,False
Mumbai,0.3283,0.00087,7.19,-0.7194763600318205,0.0973,1.4173,0.0001,14.03,-1.4032561757098834,0.35,0.3283,0.00087,7.19,False
São Paulo,-0.1371,0.04855,-3.0,0.30049510033411525,0.0691,-0.3102,0.23054,-3.07,0.30707696515942234,0.2571,-0.1371,0.04855,-3.0,False
Mexico City,-0.8774,0.0,-19.23,1.923103328662953,0.1042,-2.4499,0.0,-24.26,2.425547757024158,0.3631,-0.8774,0.0,-19.23,False
Karachi,0.0623,0.09577,1.37,-0.13655507131112646,0.0373,0.44,0.00276,4.36,-0.4355982011679527,0.1433,0.0623,0.09577,1.37,False
Tianjin,-0.4242,0.0,-9.3,0.9297070321466566,0.0489,1.0174,0.0,10.07,-1.0073206437934508,0.1692,-0.4242,0.0,-9.3,True
Delhi,-8.4326,0.0,-184.82,18.48178913693908,0.2789,-2.3689,0.02108,-23.45,2.3453545211500457,1.0105,-8.4326,0.0,-184.82,False
Wuhan,0.1923,0.05801,4.22,-0.42153445419159313,0.101,-0.6296,0.16244,-6.23,0.6233046527533287,0.4473,0.1923,0.05801,4.22,True
Moscow,-0.3356,0.0,-7.36,0.7356137283437073,0.0667,-0.167,0.4775,-1.65,0.16531992421298186,0.2342,-0.3356,0.0,-7.36,False
Dhaka,-0.5407,0.0109,-11.85,1.185168324925618,0.2107,0.0607,0.93309,0.6,-0.060085171917955094,0.721,-0.5407,0.0109,-11.85,True
Seoul,-0.066,0.09208,-1.45,0.14476052166579614,0.039,0.6391,0.0,6.33,-0.632767455793806,0.1261,-0.066,0.09208,-1.45,True
Tokyo,0.5728,0.0,12.55,-1.2554123888447868,0.0424,1.5877,0.0,15.72,-1.5719846401550466,0.1807,0.5728,0.0,12.55,False
Dongguan,0.1302,0.0904,2.85,-0.2853370597171036,0.0766,-0.4882,0.12194,-4.83,0.48333527730157794,0.3129,0.1302,0.0904,2.85,True
Cairo,-0.1159,0.0,-2.54,0.2539663646426325,0.0162,0.1375,0.0398,1.36,-0.1361328698710603,0.066,-0.1159,0.0,-2.54,True
Xi’an,-0.0341,0.38691,-0.75,0.07471252498741568,0.0393,0.4515,0.00051,4.47,-0.4469932336338696,0.1256,-0.0341,0.38691,-0.75,True
Johannesburg,0.0664,0.16684,1.46,-0.1455829310112807,0.0479,0.8554,3e-05,8.47,-0.8469546473591762,0.1942,0.0664,0.16684,1.46,False
Nanjing,0.0669,0.14743,1.47,-0.14666005334324908,0.046,-0.0253,0.8991,-0.25,0.02504744483019913,0.199,0.0669,0.14743,1.47,True
Hangzhou,0.346,0.0,7.58,-0.7582567421740656,0.0663,0.015,0.95888,0.15,-0.014867702388149214,0.2905,0.346,0.0,7.58,False
Foshan,0.1302,0.0904,2.85,-0.2853370597171036,0.0766,-0.4882,0.12194,-4.83,0.48333527730157794,0.3129,0.1302,0.0904,2.85,True
London,0.0949,0.03104,2.08,-0.208007138467823,0.0437,0.6351,0.00152,6.29,-0.6287991415419487,0.1946,0.0949,0.03104,2.08,False
New York City,0.7359,0.0,16.13,-1.612894872357995,0.0571,0.555,0.02659,5.5,-0.5495245265098385,0.2465,0.7359,0.0,16.13,False
Jakarta,0.2383,0.0,5.22,-0.5223150013508291,0.0456,0.2499,0.12402,2.47,-0.24743348947262087,0.1611,0.2383,0.0,5.22,False
Bengaluru,0.1135,0.40823,2.49,-0.2488377931089733,0.137,2.6353,0.0,26.09,-2.60918026138833,0.4606,0.1135,0.40823,2.49,False
Hanoi,0.1367,0.10692,3.0,-0.29968894768826637,0.0845,0.1071,0.71788,1.06,-0.10605855556232975,0.2956,0.1367,0.10692,3.0,False
Taipei,0.2414,0.0,5.29,-0.5290806167289106,0.0285,0.0507,0.66723,0.5,-0.050206482527194646,0.1176,0.2414,0.0,5.29,False
Lima,0.0638,0.03925,1.4,-0.13980280613756207,0.0308,-0.2668,0.02388,-2.64,0.2641657797374823,0.1163,0.0638,0.03925,1.4,True
Bogotá,-0.0203,0.70453,-0.44,0.04447864308645738,0.0534,0.3176,0.09845,3.14,-0.31440687862243116,0.1903,-0.0203,0.70453,-0.44,True
Chongqing,0.8095,0.0,17.74,-1.774186871764301,0.0598,0.585,0.03524,5.79,-0.5791840514875293,0.274,0.8095,0.0,17.74,False
Hong Kong,0.1718,0.00086,3.77,-0.37663512751600964,0.0509,0.4066,0.0482,4.03,-0.4025820723583963,0.2032,0.1718,0.00086,3.77,False
Baghdad,-0.5819,0.0,-12.75,1.2753483712093734,0.0743,-0.8459,0.00307,-8.38,0.8375258256425252,0.2786,-0.5819,0.0,-12.75,False
Wuzhong,-0.4875,0.0,-10.69,1.0685320895632995,0.0257,-0.7714,0.0,-7.64,0.7637530714731408,0.1244,-0.4875,0.0,-10.69,False
Qingdao,-0.2344,1e-05,-5.14,0.5138332519311182,0.0505,0.7897,2e-05,7.82,-0.7818209464433625,0.1742,-0.2344,1e-05,-5.14,True
Tehran,-2.0725,0.0,-45.42,4.542268579438051,0.0835,-3.2319,0.0,-32.0,3.1998422347292665,0.3693,-2.0725,0.0,-45.42,False
Shenyang,-0.2566,8e-05,-5.62,0.5623657385421289,0.0637,1.7943,0.0,17.76,-1.776454947824402,0.2098,-0.2566,8e-05,-5.62,True
Hyderabad,0.5328,0.00049,11.68,-1.1676861255847486,0.1506,2.9418,0.0,29.13,-2.9126195832918724,0.5135,0.5328,0.00049,11.68,False
Rio de Janeiro,0.1851,0.0,4.06,-0.4055834774568737,0.0169,0.3384,0.0,3.35,-0.33501125114688063,0.0608,0.1851,0.0,4.06,False
Suzhou,0.3785,0.0,8.3,-0.829576759626133,0.0524,0.4114,0.09088,4.07,-0.40733852035430657,0.2409,0.3785,0.0,8.3,False
Ahmedabad,0.0562,0.64796,1.23,-0.12315664353074342,0.1229,1.128,0.0073,11.17,-1.116759394324199,0.4117,0.0562,0.64796,1.23,False
Abidjan,1.0071,0.0,22.07,-2.2073845119281565,0.0857,2.0169,0.0,19.97,-1.996863124931382,0.3532,1.0071,0.0,22.07,False
Pudong,0.3939,0.0,8.63,-0.8632082066249811,0.0532,0.6576,0.00162,6.51,-0.6510304514414433,0.2028,0.3939,0.0,8.63,False
Singapore,0.0182,0.83456,0.4,-0.03981432326112512,0.0869,0.5856,0.06167,5.8,-0.5798292752294554,0.3098,0.0182,0.83456,0.4,False
Sydney,0.4204,0.0,9.21,-0.9214877289209411,0.0399,0.8606,0.0,8.52,-0.8520650192915341,0.1544,0.4204,0.0,9.21,False
Dar es Salaam,0.5172,0.0,11.34,-1.1335306114594472,0.0497,1.5505,0.0,15.35,-1.5350831774764544,0.2144,0.5172,0.0,11.34,False
Saint Petersburg,0.2899,3e-05,6.35,-0.6353319815260846,0.0682,-0.0107,0.9626,-0.11,0.010586937677307728,0.2275,0.2899,3e-05,6.35,True
Melbourne,0.3348,0.0,7.34,-0.7338118631801968,0.0448,0.7777,0.0,7.7,-0.7699843884929533,0.1431,0.3348,0.0,7.34,False
Alexandria,-0.0554,0.04723,-1.21,0.12141102047771232,0.0278,0.331,0.00306,3.28,-0.3276662383508789,0.109,-0.0554,0.04723,-1.21,True
Harbin,0.5264,0.0,11.54,-1.1538248680721992,0.055,1.8864,0.0,18.68,-1.8677210544305594,0.188,0.5264,0.0,11.54,False
Bangkok,-0.7776,0.0,-17.04,1.7042046906547197,0.1226,0.6402,0.1045,6.34,-0.6338299598332661,0.3907,-0.7776,0.0,-17.04,True
Hefei,-0.0883,0.01784,-1.93,0.19348914635259618,0.037,-0.0756,0.60966,-0.75,0.07486337626356736,0.1476,-0.0883,0.01784,-1.93,False
Dalian,-0.1322,0.02928,-2.9,0.2896850964407543,0.0603,1.3534,0.0,13.4,-1.3399478806629899,0.2028,-0.1322,0.02928,-2.9,True
Kano,1.8229,0.0,39.95,-3.9953689601744227,0.0971,4.2163,0.0,41.74,-4.17448890459605,0.3623,1.8229,0.0,39.95,False
Santiago,-0.2991,0.0,-6.55,0.6554770911226809,0.0568,-0.5445,0.00773,-5.39,0.5391420746828348,0.2002,-0.2991,0.0,-6.55,False
Cape Town,0.2659,0.0,5.83,-0.5827423076808639,0.013,0.2797,0.0,2.77,-0.276949376984522,0.0436,0.2659,0.0,5.83,False
Peshawar,-0.7555,0.0,-16.56,1.6558824175514908,0.1076,-2.2067,0.0,-21.85,2.1847704177145566,0.3566,-0.7555,0.0,-16.56,False
Changchun,-0.0229,0.55692,-0.5,0.05016022125323554,0.0389,1.0533,0.0,10.43,-1.042801124283705,0.1159,-0.0229,0.55692,-0.5,True
Jeddah,0.1329,0.23916,2.91,-0.29121882507973607,0.1126,-0.0341,0.93155,-0.34,0.033739665551710867,0.3957,0.1329,0.23916,2.91,True
Chennai,0.0059,0.68507,0.13,-0.013033896699740699,0.0146,0.4167,0.0,4.13,-0.4125172610674165,0.0453,0.0059,0.68507,0.13,False
Kolkata,-0.1599,0.32813,-3.5,0.350464912578289,0.1632,0.6662,0.2367,6.6,-0.6595862058293909,0.5596,-0.1599,0.32813,-3.5,True
Xiamen,0.2531,4e-05,5.55,-0.5547797375490066,0.0601,-0.1349,0.59795,-1.34,0.13354610331148312,0.2549,0.2531,4e-05,5.55,True
Surat,0.3929,0.00032,8.61,-0.8611714382232893,0.1077,1.4158,0.00058,14.02,-1.40171568308204,0.398,0.3929,0.00032,8.61,False
Yangon,-0.0579,0.70369,-1.27,0.12679995973732636,0.1519,0.949,0.07462,9.4,-0.9395487410123745,0.5266,-0.0579,0.70369,-1.27,True
Bao'an,0.3309,0.0,7.25,-0.7252921150365552,0.0572,0.037,0.87993,0.37,-0.03659067165269737,0.244,0.3309,0.0,7.25,False
Kabul,-0.4067,0.0,-8.91,0.8913891752042898,0.0653,-1.1962,0.0,-11.84,1.1843095367768433,0.223,-0.4067,0.0,-8.91,False
Nairobi,0.735,0.0,16.11,-1.6108553458528796,0.0552,1.1129,3e-05,11.02,-1.1018246819085695,0.2553,0.735,0.0,16.11,False
Wuxi,0.1938,4e-05,4.25,-0.42468348301627334,0.046,0.3838,0.07538,3.8,-0.3799708129119961,0.2135,0.1938,4e-05,4.25,False
Giza,-0.1159,0.0,-2.54,0.2539663646426325,0.0162,0.1375,0.0398,1.36,-0.1361328698710603,0.066,-0.1159,0.0,-2.54,True
Jinan,-1.3836,0.0,-30.33,3.032568999066544,0.1102,1.6904,0.0001,16.74,-1.6736014546930362,0.4168,-1.3836,0.0,-30.33,True
Taiyuan,-1.7597,0.0,-38.57,3.856715512112856,0.0858,0.6424,0.01801,6.36,-0.6360227547726917,0.267,-1.7597,0.0,-38.57,True
Zhengzhou,-1.0587,0.0,-23.2,2.3203981342572075,0.1383,1.526,0.00087,15.11,-1.5109041281470494,0.4443,-1.0587,0.0,-23.2,True
Bamako,1.1278,0.0,24.72,-2.471748339260557,0.1179,2.8023,0.0,27.74,-2.7744530864188723,0.4289,1.1278,0.0,24.72,False
Riyadh,-0.8069,0.0,-17.69,1.7685625773907139,0.0225,-1.0713,0.0,-10.61,1.0606337230330827,0.1099,-0.8069,0.0,-17.69,False
New Taipei City,0.2414,0.0,5.29,-0.5290806167289106,0.0285,0.0507,0.66723,0.5,-0.050206482527194646,0.1176,0.2414,0.0,5.29,False
New Territories,0.1718,0.00086,3.77,-0.37663512751600964,0.0509,0.4066,0.0482,4.03,-0.4025820723583963,0.2032,0.1718,0.00086,3.77,False
Shijiazhuang,-2.005,0.0,-43.94,4.3944624355133115,0.1233,2.0652,0.0,20.45,-2.04474784723929,0.3701,-2.005,0.0,-43.94,True
Chattogram,-0.024,0.88999,-0.53,0.05268098591513578,0.1736,0.7765,0.2023,7.69,-0.7687515436834509,0.6049,-0.024,0.88999,-0.53,True
Addis Ababa,0.9902,0.0,21.7,-2.170294445938512,0.0876,2.3129,0.0,22.9,-2.2899240870467206,0.3324,0.9902,0.0,21.7,False
Kunming,0.2315,0.00762,5.07,-0.5073637842900459,0.086,0.1242,0.71124,1.23,-0.12298476926454287,0.3346,0.2315,0.00762,5.07,False
Zhongshan,0.3309,0.0,7.25,-0.7252921150365552,0.0572,0.037,0.87993,0.37,-0.03659067165269737,0.244,0.3309,0.0,7.25,False
Nanning,0.1766,0.0105,3.87,-0.3870907893393906,0.0685,-0.3973,0.10259,-3.93,0.3933360210364205,0.2411,0.1766,0.0105,3.87,True
Shantou,0.364,0.0,7.98,-0.7977962708370676,0.0602,0.0714,0.78993,0.71,-0.07064436090554305,0.2671,0.364,0.0,7.98,False
Los Angeles,-0.6216,0.0,-13.62,1.362361508840303,0.0526,-0.0272,0.88904,-0.27,0.026972464322934635,0.1948,-0.6216,0.0,-13.62,False
Faisalabad,-1.1876,0.0,-26.03,2.6029811849331663,0.0791,-2.1694,0.0,-21.48,2.147876223579269,0.3425,-1.1876,0.0,-26.03,False
Dubai,-0.1084,0.0001,-2.37,0.2374940834920288,0.0273,0.0084,0.92785,0.08,-0.008321629811075988,0.0926,-0.1084,0.0001,-2.37,True
Yokohama,0.5728,0.0,12.55,-1.2554123888447868,0.0424,1.5877,0.0,15.72,-1.5719846401550466,0.1807,0.5728,0.0,12.55,False
Fuzhou,0.2512,0.00051,5.51,-0.5506267696218495,0.0713,-0.3311,0.23827,-3.28,0.32778694455443047,0.279,0.2512,0.00051,5.51,True
Ningbo,0.3187,0.0,6.99,-0.6986028738833361,0.0477,0.49,0.00429,4.85,-0.48517626626235794,0.1676,0.3187,0.0,6.99,False
Casablanca,-0.2067,0.0,-4.53,0.45302258755459296,0.0153,-0.4911,0.0,-4.86,0.4862104221168094,0.0348,-0.2067,0.0,-4.53,False
Ibadan,0.9209,0.0,20.18,-2.0182724742805305,0.1128,2.5875,0.0,25.62,-2.5618611395167656,0.375,0.9209,0.0,20.18,False
Puyang,0.4428,0.0,9.71,-0.9705981664661342,0.0741,-0.0915,0.76592,-0.91,0.09060848103891285,0.3065,0.4428,0.0,9.71,True
Ankara,-0.6175,0.0,-13.53,1.3534597126008898,0.0833,-2.1996,0.0,-21.78,2.1777416663846587,0.2814,-0.6175,0.0,-13.53,False
Shiyan,0.1976,0.00013,4.33,-0.43299058928434264,0.0508,0.5956,0.00384,5.9,-0.5896704579669849,0.2011,0.1976,0.00013,4.33,False
Berlin,-0.2725,0.0,-5.97,0.5973430962962074,0.0504,-0.4303,0.01733,-4.26,0.4260575054051697,0.1778,-0.2725,0.0,-5.97,False
Tangshan,-0.307,0.0,-6.73,0.6727970461339445,0.0433,0.9489,0.0,9.39,-0.9394527217011143,0.1525,-0.307,0.0,-6.73,True
Rawalpindi,-0.7493,0.0,-16.42,1.6423247677390858,0.0781,-1.9647,0.0,-19.45,1.9451968830221555,0.2758,-0.7493,0.0,-16.42,False
Lüliang,-1.5621,0.0,-34.24,3.42377682957691,0.0499,-1.9793,0.0,-19.6,1.9596869657337253,0.2225,-1.5621,0.0,-34.24,False
Durban,0.2285,0.0,5.01,-0.5008994259568008,0.0152,0.5857,0.0,5.8,-0.5799208683166583,0.0531,0.2285,0.0,5.01,False
Changzhou,0.1735,0.00232,3.8,-0.38030090002031064,0.0563,0.0957,0.70856,0.95,-0.09478336013174912,0.2554,0.1735,0.00232,3.8,False
Busan,0.0989,0.00129,2.17,-0.2168506700478356,0.0304,0.139,0.17813,1.38,-0.13762095525105567,0.1025,0.0989,0.00129,2.17,False
Madrid,-0.2393,1e-05,-5.24,0.5244955122905337,0.0536,-0.5592,0.00199,-5.54,0.5536368458565122,0.176,-0.2393,1e-05,-5.24,False
Pyongyang,-0.1571,0.01014,-3.44,0.34426401512788113,0.0606,1.418,0.0,14.04,-1.4038979643994354,0.1991,-0.1571,0.01014,-3.44,True
Zibo,-0.6932,0.0,-15.19,1.5192894364921719,0.0795,1.4478,0.0,14.33,-1.4334023962303413,0.2976,-0.6932,0.0,-15.19,True
Pune,0.6182,0.0,13.55,-1.3550119389279351,0.1291,2.5294,0.0,25.04,-2.504276081207635,0.4537,0.6182,0.0,13.55,False
Bursa,-0.6268,0.0,-13.74,1.3736915559734835,0.0899,-1.8334,0.0,-18.15,1.8152304630886154,0.3156,-0.6268,0.0,-13.74,False
Changsha,0.2995,0.00534,6.56,-0.6564809575595715,0.1065,-1.2102,0.00438,-11.98,1.1982282133319981,0.4149,0.2995,0.00534,6.56,True
Quezon City,0.3033,0.0,6.65,-0.6647042960737849,0.0415,0.3367,0.04485,3.33,-0.333308983432042,0.1657,0.3033,0.0,6.65,False
Jaipur,-3.5958,0.0,-78.81,7.881022742078488,0.1485,-4.5934,0.0,-45.48,4.547774027399661,0.5369,-3.5958,0.0,-78.81,False
Guiyang,0.5561,0.0,12.19,-1.218911322376282,0.0644,-0.4032,0.09515,-3.99,0.3991943658612575,0.2393,0.5561,0.0,12.19,True
Ürümqi,-1.7629,0.0,-38.64,3.863819366075834,0.0589,-3.8585,0.0,-38.2,3.8202106828242957,0.1943,-1.7629,0.0,-38.64,False
Incheon,-0.066,0.09208,-1.45,0.14476052166579614,0.039,0.6391,0.0,6.33,-0.632767455793806,0.1261,-0.066,0.09208,-1.45,True
Lanzhou,0.0617,0.01608,1.35,-0.1352529061239295,0.0254,0.4924,4e-05,4.87,-0.4874864685961204,0.1139,0.0617,0.01608,1.35,False
Caracas,0.1849,0.14228,4.05,-0.40519589825647395,0.1256,1.2007,0.00539,11.89,-1.188808509498861,0.4219,0.1849,0.14228,4.05,False
Kyiv,-0.975,0.0,-21.37,2.136893056192552,0.0821,0.1869,0.57537,1.85,-0.18506465384019727,0.3326,-0.975,0.0,-21.37,True
İzmir,-0.2008,0.02173,-4.4,0.4400235470320181,0.0869,-1.1472,7e-05,-11.36,1.1358610298953602,0.2766,-0.2008,0.02173,-4.4,False
Huizhou,0.249,2e-05,5.46,-0.545782566937883,0.0579,-0.0666,0.79157,-0.66,0.06597735636772917,0.2515,0.249,2e-05,5.46,True
Buenos Aires,-0.2862,0.00019,-6.27,0.627354562992743,0.0755,-2.031,0.0,-20.11,2.010866542332329,0.2447,-0.2862,0.00019,-6.27,False
Surabaya,0.4229,0.0,9.27,-0.9268738789943954,0.0755,0.2774,0.32501,2.75,-0.274673600331355,0.2805,0.4229,0.0,9.27,False
Haikou,0.5333,0.0,11.69,-1.1688490014983983,0.0799,0.8239,0.00928,8.16,-0.8156801286405985,0.3104,0.5333,0.0,11.69,False
Taichung,0.1749,0.0,3.83,-0.38323789957773086,0.0291,0.0511,0.66437,0.51,-0.05062806082887672,0.1175,0.1749,0.0,3.83,False
Kanpur,-0.6466,0.0,-14.17,1.4170593454463392,0.1339,1.095,0.02825,10.84,-1.0841804221531515,0.4918,-0.6466,0.0,-14.17,True
Toronto,0.986,0.0,21.61,-2.1611189022662955,0.0838,0.0105,0.97622,0.1,-0.01038654376611115,0.351,0.986,0.0,21.61,False
Quito,0.1189,0.00047,2.61,-0.26056811514935624,0.0335,-0.2457,0.06072,-2.43,0.24328584822921123,0.1295,0.1189,0.00047,2.61,True
Brisbane,0.2436,0.0,5.34,-0.5338187627065082,0.0268,0.3311,0.00119,3.28,-0.32779227397203087,0.0991,0.2436,0.0,5.34,False
Luanda,0.456,0.0,9.99,-0.9993477778218671,0.0587,1.0239,7e-05,10.14,-1.0137027309619018,0.2471,0.456,0.0,9.99,False
Osaka,0.1955,0.0,4.29,-0.4285319457933677,0.0272,0.3534,0.00157,3.5,-0.34992053844790805,0.1087,0.1955,0.0,4.29,False
Linyi,-0.503,0.0,-11.02,1.1023913504573553,0.0649,0.8114,0.00206,8.03,-0.8033593464512632,0.2563,-0.503,0.0,-11.02,True
Baoding,-0.7242,0.0,-15.87,1.5872754840163175,0.049,0.7306,1e-05,7.23,-0.7233918574290356,0.1554,-0.7242,0.0,-15.87,True
Kaohsiung,0.2291,0.0,5.02,-0.5021323608580643,0.028,0.0956,0.41937,0.95,-0.09461484213668771,0.1178,0.2291,0.0,5.02,False
Brooklyn,0.7359,0.0,16.13,-1.612894872357995,0.0571,0.555,0.02659,5.5,-0.5495245265098385,0.2465,0.7359,0.0,16.13,False
Guayaquil,0.1461,0.00012,3.2,-0.3202814462378677,0.0372,-0.2419,0.09796,-2.39,0.23948048471036917,0.1448,0.1461,0.00012,3.2,True
Belo Horizonte,-1.5594,0.0,-34.18,3.4177780032908167,0.1888,2.7095,0.0,26.83,-2.6826278106584693,0.5603,-1.5594,0.0,-34.18,True
Minhang,0.3939,0.0,8.63,-0.8632082066249811,0.0532,0.6576,0.00162,6.51,-0.6510304514414433,0.2028,0.3939,0.0,8.63,False
Bazhong,0.4536,0.0,9.94,-0.994111035828865,0.0504,0.688,0.00144,6.81,-0.6811787887794787,0.2098,0.4536,0.0,9.94,False
Salvador,0.0305,0.19326,0.67,-0.06676716804091537,0.0233,0.6129,0.0,6.07,-0.6067796796913786,0.0955,0.0305,0.19326,0.67,False
Abuja,1.0281,0.0,22.53,-2.2532794431071386,0.1425,2.2167,1e-05,21.95,-2.19473403485586,0.4841,1.0281,0.0,22.53,False
Gazipur,-0.5407,0.0109,-11.85,1.185168324925618,0.2107,0.0607,0.93309,0.6,-0.060085171917955094,0.721,-0.5407,0.0109,-11.85,True
Chicago,0.4429,0.0,9.71,-0.9706028686042911,0.0766,-1.1552,3e-05,-11.44,1.1436895690860753,0.2633,0.4429,0.0,9.71,True
Wenzhou,0.3071,0.0,6.73,-0.6730662055150478,0.0328,0.2598,0.03872,2.57,-0.2572066599987307,0.124,0.3071,0.0,6.73,False
Dakar,0.1792,0.0,3.93,-0.3926728426599165,0.014,0.1587,0.0009,1.57,-0.15716039194601053,0.0463,0.1792,0.0,3.93,False
Haiphong,0.139,0.06146,3.05,-0.3045437648216985,0.0739,0.3986,0.12084,3.95,-0.3945994268651992,0.2547,0.139,0.06146,3.05,False
Yunfu,0.1871,0.0207,4.1,-0.4101594446848084,0.0803,-0.4545,0.16412,-4.5,0.4499933763861086,0.3242,0.1871,0.0207,4.1,True
Navi Mumbai,0.3283,0.00087,7.19,-0.7194763600318205,0.0973,1.4173,0.0001,14.03,-1.4032561757098834,0.35,0.3283,0.00087,7.19,False
Mogadishu,0.1166,0.0,2.55,-0.2554592525538862,0.0201,0.3856,4e-05,3.82,-0.381774903429798,0.0898,0.1166,0.0,2.55,False
Bekasi,0.2383,0.0,5.22,-0.5223150013508291,0.0456,0.2499,0.12402,2.47,-0.24743348947262087,0.1611,0.2383,0.0,5.22,False
Kumasi,1.8147,0.0,39.77,-3.9772635204527806,0.1224,3.8205,0.0,37.83,-3.7825611832197574,0.3339,1.8147,0.0,39.77,False
Gujranwala,-1.5511,0.0,-34.0,3.399518890135978,0.091,-3.8148,0.0,-37.77,3.7769071254388358,0.3612,-1.5511,0.0,-34.0,False
Huai'an,-0.0624,0.05978,-1.37,0.13672413025374458,0.033,0.2108,0.07767,2.09,-0.20871786918878013,0.1182,-0.0624,0.05978,-1.37,True
Lucknow,-0.6466,0.0,-14.17,1.4170593454463392,0.1339,1.095,0.02825,10.84,-1.0841804221531515,0.4918,-0.6466,0.0,-14.17,True
Bandung,0.2068,0.0,4.53,-0.4532378932641982,0.0322,0.1929,0.09798,1.91,-0.19099427919851822,0.1155,0.2068,0.0,4.53,False
Medan,0.4639,0.0,10.17,-1.0168281503328918,0.0808,1.2442,0.0,12.32,-1.2318772261303546,0.2002,0.4639,0.0,10.17,False
Ouagadougou,1.3238,0.0,29.01,-2.9014751222017865,0.0862,2.1796,0.0,21.58,-2.157923183905576,0.3324,1.3238,0.0,29.01,False
Nagpur,0.7414,0.0,16.25,-1.6249062429388172,0.1485,2.3262,2e-05,23.03,-2.3031049604699985,0.5241,0.7414,0.0,16.25,False
Fortaleza,0.0781,0.0,1.71,-0.1711928756090574,0.0114,0.2809,0.0,2.78,-0.27808035857020025,0.0359,0.0781,0.0,1.71,False
Cali,0.0725,0.03178,1.59,-0.15894989066328621,0.0336,0.1145,0.36481,1.13,-0.11338178698104648,0.1258,0.0725,0.03178,1.59,False
Daegu,-0.1189,0.00028,-2.61,0.26066376633319577,0.0322,0.1467,0.21179,1.45,-0.1452408255263136,0.1167,-0.1189,0.00028,-2.61,True
Algiers,-0.2367,0.0,-5.19,0.5188121985731765,0.0183,-0.3448,0.0,-3.41,0.3413723135910785,0.059,-0.2367,0.0,-5.19,False
Nanchang,0.2985,0.00892,6.54,-0.6542819646195458,0.1132,-1.0431,0.02649,-10.33,1.032782387581177,0.463,0.2985,0.00892,6.54,True
Baku,-8.1721,0.0,-179.11,17.910882361632705,0.1947,-11.4686,0.0,-113.55,11.354735205672108,0.7696,-8.1721,0.0,-179.11,False
Hohhot,-0.6359,0.0,-13.94,1.3937768512126896,0.03,-1.0557,0.0,-10.45,1.0452177203211555,0.1448,-0.6359,0.0,-13.94,False
Nagoya,0.3077,0.0,6.74,-0.6744847521964928,0.0339,0.664,1e-05,6.57,-0.6574396475329338,0.1381,0.3077,0.0,6.74,False
Rome,-0.0673,0.20595,-1.47,0.14747355393642178,0.0531,-0.4269,0.02192,-4.23,0.4226297554978706,0.1833,-0.0673,0.20595,-1.47,False
Queens,0.7359,0.0,16.13,-1.612894872357995,0.0571,0.555,0.02659,5.5,-0.5495245265098385,0.2465,0.7359,0.0,16.13,False
Houston,0.0058,0.95565,0.13,-0.01268631409445289,0.104,-1.2295,0.00051,-12.17,1.2173042456027776,0.3422,0.0058,0.95565,0.13,True
Perth,0.1775,0.00108,3.89,-0.389069678097139,0.0536,0.6076,0.0034,6.02,-0.6015370183296438,0.2024,0.1775,0.00108,3.89,False
Mashhad,-0.3425,0.0,-7.51,0.7506381716555562,0.0323,-0.0141,0.92172,-0.14,0.013990698156848506,0.1434,-0.3425,0.0,-7.51,False
Shaoxing,0.4785,0.0,10.49,-1.0488099311100112,0.058,0.324,0.20796,3.21,-0.3207764259088686,0.2556,0.4785,0.0,10.49,False
Nantong,0.1938,4e-05,4.25,-0.42468348301627334,0.046,0.3838,0.07538,3.8,-0.3799708129119961,0.2135,0.1938,4e-05,4.25,False
Baoshan,0.3939,0.0,8.63,-0.8632082066249811,0.0532,0.6576,0.00162,6.51,-0.6510304514414433,0.2028,0.3939,0.0,8.63,False
Kowloon,0.1718,0.00086,3.77,-0.37663512751600964,0.0509,0.4066,0.0482,4.03,-0.4025820723583963,0.2032,0.1718,0.00086,3.77,False
Yantai,-0.1369,0.08403,-3.0,0.3000003179755936,0.0789,1.0586,0.00014,10.48,-1.0480455122165617,0.267,-0.1369,0.08403,-3.0,True
Gaziantep,-1.0534,0.0,-23.09,2.30870843201815,0.0902,-2.1107,0.0,-20.9,2.0897266807045525,0.3521,-1.0534,0.0,-23.09,False
Lubumbashi,0.6777,7e-05,14.85,-1.4852944863078859,0.1667,0.5065,0.41468,5.02,-0.5015106704780083,0.6184,0.6777,7e-05,14.85,False
Manaus,0.5487,0.41464,12.03,-1.202507168933557,0.6714,-3.9392,0.113,-39.0,3.900136391936968,2.4633,0.5487,0.41464,12.03,True
Lusaka,-0.4488,0.00352,-9.84,0.9835370055832223,0.1522,-1.4279,0.00616,-14.14,1.413718776588328,0.51,-0.4488,0.00352,-9.84,False
Brasília,-0.9858,0.0,-21.61,2.1605448731624577,0.1551,0.4763,0.36205,4.72,-0.47157760718443137,0.5201,-0.9858,0.0,-21.61,True
Zhuhai,0.3309,0.0,7.25,-0.7252921150365552,0.0572,0.037,0.87993,0.37,-0.03659067165269737,0.244,0.3309,0.0,7.25,False
Santo Domingo,0.363,0.0,7.96,-0.795568150217994,0.0323,0.3488,0.00231,3.45,-0.3453810842093265,0.1115,0.363,0.0,7.96,False
Lomé,0.2757,0.0,6.04,-0.6042916141767904,0.0533,1.0493,0.0,10.39,-1.0388975585045517,0.1744,0.2757,0.0,6.04,False
Multan,-0.2058,1e-05,-4.51,0.4510257000070814,0.0465,0.1093,0.60513,1.08,-0.10823692790112281,0.2108,-0.2058,1e-05,-4.51,True
Havana,0.1528,0.0,3.35,-0.33484690650071847,0.0168,0.1134,0.06215,1.12,-0.11222625668834427,0.0601,0.1528,0.0,3.35,False
Baotou,-0.7785,0.0,-17.06,1.7063043219439789,0.0365,-1.46,0.0,-14.46,1.445519208347388,0.175,-0.7785,0.0,-17.06,False
Depok,0.2383,0.0,5.22,-0.5223150013508291,0.0456,0.2499,0.12402,2.47,-0.24743348947262087,0.1611,0.2383,0.0,5.22,False
Paris,-0.2619,1e-05,-5.74,0.5739995952874986,0.0565,-0.531,0.015,-5.26,0.5257112284861227,0.2145,-0.2619,1e-05,-5.74,False
Coimbatore,0.072,0.52417,1.58,-0.15785808186569789,0.1129,1.76,2e-05,17.43,-1.7425187725410332,0.3868,0.072,0.52417,1.58,False
Qingyang,-0.2704,0.0,-5.93,0.5926384313633642,0.0344,0.2095,0.12623,2.07,-0.20742632014560758,0.1358,-0.2704,0.0,-5.93,True
Port Harcourt,0.5513,0.00041,12.08,-1.2082754641067397,0.1538,1.5036,0.01002,14.89,-1.48863798789909,0.5725,0.5513,0.00041,12.08,False
Pretoria,0.0664,0.16684,1.46,-0.1455829310112807,0.0479,0.8554,3e-05,8.47,-0.8469546473591762,0.1942,0.0664,0.16684,1.46,False
Córdoba,-0.2089,0.00105,-4.58,0.4578469697202908,0.063,-2.4175,0.0,-23.94,2.3935035235601596,0.1751,-0.2089,0.00105,-4.58,False
Mbuji-Mayi,0.4135,0.00028,9.06,-0.906171846927843,0.1121,0.7313,0.06537,7.24,-0.72399532403308,0.3924,0.4135,0.00028,9.06,False
Aleppo,-0.6729,0.0,-14.75,1.4748674089975318,0.0753,-1.1913,6e-05,-11.79,1.1794787092746446,0.2851,-0.6729,0.0,-14.75,False
Kunshan,0.3785,0.0,8.3,-0.829576759626133,0.0524,0.4114,0.09088,4.07,-0.40733852035430657,0.2409,0.3785,0.0,8.3,False
Al Mawşil al Jadīdah,-1.2391,0.0,-27.16,2.7158560125584077,0.1136,-1.2638,0.00214,-12.51,1.251226178249725,0.4007,-1.2391,0.0,-27.16,False
Weifang,-0.6932,0.0,-15.19,1.5192894364921719,0.0795,1.4478,0.0,14.33,-1.4334023962303413,0.2976,-0.6932,0.0,-15.19,True
Zunyi,0.6357,0.0,13.93,-1.3933831271649277,0.0602,-0.5637,0.01416,-5.58,0.5580843788878409,0.2257,0.6357,0.0,13.93,True
Al Başrah al Qadīmah,-0.2391,0.0,-5.24,0.5239978398664435,0.038,0.0194,0.88172,0.19,-0.019211285015140286,0.1301,-0.2391,0.0,-5.24,True
La Paz,-0.181,0.00174,-3.97,0.3966794481053391,0.0571,-0.9263,1e-05,-9.17,0.9171445843484963,0.1993,-0.181,0.00174,-3.97,False
Lianyungang,-0.073,0.04103,-1.6,0.1599100319984421,0.0355,0.2722,0.02395,2.7,-0.2695181594625067,0.1187,-0.073,0.04103,-1.6,True
Medellín,-0.0576,0.40574,-1.26,0.12617564104082524,0.0691,0.5965,0.01477,5.91,-0.5905935559409375,0.2403,-0.0576,0.40574,-1.26,True
Indore,0.8626,0.0,18.9,-1.8904946327189736,0.1543,2.336,0.0001,23.13,-2.3128365667952493,0.5749,0.8626,0.0,18.9,False
Brazzaville,1.4228,0.0,31.18,-3.118456121671523,0.1254,2.6075,0.0,25.82,-2.581592470908738,0.4472,1.4228,0.0,31.18,False
Tashkent,-0.8196,0.0,-17.96,1.7963165427671512,0.0735,-1.8495,0.0,-18.31,1.8311189576632014,0.2704,-0.8196,0.0,-17.96,False
Ganzhou,0.0558,0.61441,1.22,-0.12230094331002661,0.1106,-1.1765,0.00438,-11.65,1.164834906916195,0.4033,0.0558,0.61441,1.22,True
Almaty,-0.8367,0.0,-18.34,1.833758333105904,0.0509,-1.4642,0.0,-14.5,1.4496929899416369,0.2156,-0.8367,0.0,-18.34,False
Khartoum,0.2052,0.0,4.5,-0.44982524353963826,0.0218,0.2311,0.02089,2.29,-0.22885493264404608,0.0985,0.2052,0.0,4.5,False
Hamburg,0.0206,0.6929,0.45,-0.045140857357263364,0.0521,0.1015,0.64905,1.0,-0.10046331743039214,0.2223,0.0206,0.6929,0.45,False
Sapporo,0.4251,0.0,9.32,-0.931717041340448,0.0497,0.5472,0.0089,5.42,-0.5417793460171338,0.205,0.4251,0.0,9.32,False
Songjiang,0.3785,0.0,8.3,-0.829576759626133,0.0524,0.4114,0.09088,4.07,-0.40733852035430657,0.2409,0.3785,0.0,8.3,False
Accra,2.6367,0.0,57.79,-5.77879507827225,0.1303,5.4265,0.0,53.73,-5.372610366745915,0.3994,2.6367,0.0,57.79,False
Curitiba,0.1436,0.00265,3.15,-0.3147011664243469,0.0473,-0.5933,0.0022,-5.87,0.5874273443926042,0.1886,0.1436,0.00265,3.15,True
Ordos,-1.3267,0.0,-29.08,2.9076507746040336,0.0574,-2.8592,0.0,-28.31,2.830838251033673,0.2474,-1.3267,0.0,-29.08,False
Sanaa,-0.0897,0.00015,-1.97,0.19650518598796216,0.0233,-0.1163,0.27228,-1.15,0.11516831791380844,0.1054,-0.0897,0.00015,-1.97,False
Conakry,0.4731,0.00642,10.37,-1.0368042631543317,0.172,1.528,0.0171,15.13,-1.5128111995858011,0.6299,0.4731,0.00642,10.37,False
Tijuana,-0.351,0.0,-7.69,0.7692800712400486,0.0336,-0.0297,0.82237,-0.29,0.029418015448974898,0.132,-0.351,0.0,-7.69,False
Hyderabad,-0.0649,0.19882,-1.42,0.1422037804723366,0.0504,0.6834,0.0017,6.77,-0.6765905612294127,0.2117,-0.0649,0.19882,-1.42,True
Beirut,-0.2378,0.0,-5.21,0.5211189767214203,0.0364,0.1822,0.15528,1.8,-0.18034839266829958,0.1272,-0.2378,0.0,-5.21,True
Tangerang,0.2383,0.0,5.22,-0.5223150013508291,0.0456,0.2499,0.12402,2.47,-0.24743348947262087,0.1611,0.2383,0.0,5.22,False
Jieyang,0.364,0.0,7.98,-0.7977962708370676,0.0602,0.0714,0.78993,0.71,-0.07064436090554305,0.2671,0.364,0.0,7.98,False
Jilin,0.0726,0.03455,1.59,-0.1590378009732817,0.0341,0.8117,0.0,8.04,-0.8036032985045694,0.1016,0.0726,0.03455,1.59,False
Jiading,0.3939,0.0,8.63,-0.8632082066249811,0.0532,0.6576,0.00162,6.51,-0.6510304514414433,0.2028,0.3939,0.0,8.63,False
Bucharest,-0.7734,0.0,-16.95,1.6949720274038866,0.0868,-2.1168,0.0,-20.96,2.0958282791359117,0.2481,-0.7734,0.0,-16.95,False
Camayenne,0.4731,0.00642,10.37,-1.0368042631543317,0.172,1.528,0.0171,15.13,-1.5128111995858011,0.6299,0.4731,0.00642,10.37,False
Kakamega,2.4168,0.0,52.97,-5.296940225938014,0.1139,3.8168,0.0,37.79,-3.778887658161603,0.4632,2.4168,0.0,52.97,False
Shangqiu,-1.1119,0.0,-24.37,2.4370637664065113,0.1071,0.9261,0.02203,9.17,-0.9169127314075399,0.398,-1.1119,0.0,-24.37,True
Nanchong,0.7102,0.0,15.56,-1.5564760622931428,0.0558,0.8565,0.00116,8.48,-0.8480002230480074,0.2559,0.7102,0.0,15.56,False
Tainan,0.1217,0.0,2.67,-0.2668221302798814,0.0217,0.1935,0.01375,1.92,-0.19160860482329392,0.0771,0.1217,0.0,2.67,False
Datong,-0.6676,0.0,-14.63,1.463206631254506,0.0302,-0.7504,0.0,-7.43,0.7429156035416313,0.1417,-0.6676,0.0,-14.63,False
Kaduna,1.9736,0.0,43.26,-4.32555895645876,0.1148,3.6723,0.0,36.36,-3.6358206478391195,0.4083,1.9736,0.0,43.26,False
Omdurman,0.2052,0.0,4.5,-0.44982524353963826,0.0218,0.2311,0.02089,2.29,-0.22885493264404608,0.0985,0.2052,0.0,4.5,False
Davao,0.0392,0.17907,0.86,-0.08585742249975499,0.0291,0.1836,0.16454,1.82,-0.18173405345269833,0.1311,0.0392,0.17907,0.86,False
Thāne,0.3283,0.00087,7.19,-0.7194763600318205,0.0973,1.4173,0.0001,14.03,-1.4032561757098834,0.35,0.3283,0.00087,7.19,False
Iztapalapa,-0.8774,0.0,-19.23,1.923103328662953,0.1042,-2.4499,0.0,-24.26,2.425547757024158,0.3631,-0.8774,0.0,-19.23,False
Diyarbakır,-0.9093,0.0,-19.93,1.9929243994514871,0.1168,-1.6686,0.00022,-16.52,1.652081115826421,0.4348,-0.9093,0.0,-19.93,False
Santa Cruz de la Sierra,0.0307,0.60812,0.67,-0.06725509089837742,0.0598,-0.9932,0.0,-9.83,0.9833572552850273,0.1743,0.0307,0.60812,0.67,True
Vadodara,0.3546,0.01852,7.77,-0.7771608574418067,0.1495,1.6367,0.00288,16.2,-1.6204259107870507,0.5353,0.3546,0.01852,7.77,False
Adana,-1.0629,0.0,-23.3,2.329624587698947,0.1017,-3.1756,0.0,-31.44,3.144034446813002,0.3614,-1.0629,0.0,-23.3,False
Nanyang,-0.0381,0.50051,-0.83,0.08344030731292162,0.0564,0.1323,0.52013,1.31,-0.13094300713305176,0.2049,-0.0381,0.50051,-0.83,True
Abu Dhabi,-0.0467,0.07153,-1.02,0.10230171925508534,0.0258,0.0854,0.33394,0.85,-0.08454526721122783,0.0879,-0.0467,0.07153,-1.02,True
Sharjah,-0.1084,0.0001,-2.37,0.2374940834920288,0.0273,0.0084,0.92785,0.08,-0.008321629811075988,0.0926,-0.1084,0.0001,-2.37,True
Bhopal,0.5946,7e-05,13.03,-1.303114987940827,0.1465,1.675,0.00246,16.58,-1.6583299885331877,0.5387,0.5946,7e-05,13.03,False
Jiangmen,0.3309,0.0,7.25,-0.7252921150365552,0.0572,0.037,0.87993,0.37,-0.03659067165269737,0.244,0.3309,0.0,7.25,False
Benin City,0.5736,4e-05,12.57,-1.2572347892993434,0.1373,1.5316,0.00231,15.16,-1.5163912460254438,0.4894,0.5736,4e-05,12.57,False
Jiangyin,0.1938,4e-05,4.25,-0.42468348301627334,0.046,0.3838,0.07538,3.8,-0.3799708129119961,0.2135,0.1938,4e-05,4.25,False
Fuyang,-0.1854,0.00024,-4.06,0.40625748947537815,0.0496,-0.3122,0.10581,-3.09,0.3091321728288134,0.1913,-0.1854,0.00024,-4.06,False
Montréal,0.2524,4e-05,5.53,-0.5531006550676519,0.0604,-0.1184,0.59939,-1.17,0.11726003796946366,0.2247,0.2524,4e-05,5.53,True
Bayan Nur,-0.6962,0.0,-15.26,1.5259222303889042,0.0293,-1.1558,0.0,-11.44,1.1443144575833035,0.1397,-0.6962,0.0,-15.26,False
Maracaibo,0.3342,0.0,7.32,-0.7324078887833979,0.0626,1.3193,0.0,13.06,-1.3062129084568201,0.1959,0.3342,0.0,7.32,False
Chaozhou,0.3271,0.0,7.17,-0.7168315764512232,0.0658,-0.022,0.93856,-0.22,0.02179196058101943,0.2848,0.3271,0.0,7.17,True
Minsk,-0.232,1e-05,-5.09,0.5085354333180402,0.0524,0.2447,0.21851,2.42,-0.24227397177040577,0.1976,-0.232,1e-05,-5.09,True
Budapest,-0.4685,0.0,-10.27,1.0268737254046,0.0556,-0.5819,0.00075,-5.76,0.576120414166979,0.1673,-0.4685,0.0,-10.27,False
Qingyuan,0.1302,0.0904,2.85,-0.2853370597171036,0.0766,-0.4882,0.12194,-4.83,0.48333527730157794,0.3129,0.1302,0.0904,2.85,True
Tai’an,-0.9188,0.0,-20.14,2.0137620147888167,0.091,1.2641,0.00061,12.52,-1.2515809579974497,0.3567,-0.9188,0.0,-20.14,True
Rasapūdipalem,0.0794,0.0,1.74,-0.17396764388338928,0.0159,0.4746,0.0,4.7,-0.4699212251853986,0.046,0.0794,0.0,1.74,False
Pimpri-Chinchwad,0.6182,0.0,13.55,-1.3550119389279351,0.1291,2.5294,0.0,25.04,-2.504276081207635,0.4537,0.6182,0.0,13.55,False
Caloocan,0.3439,0.0,7.54,-0.7536782166357715,0.0445,0.4215,0.01473,4.17,-0.4173090029621134,0.1698,0.3439,0.0,7.54,False
Warsaw,-0.4667,0.0,-10.23,1.0229745519793156,0.0564,-0.207,0.31264,-2.05,0.20497883295339367,0.204,-0.4667,0.0,-10.23,False
Soweto,0.0664,0.16684,1.46,-0.1455829310112807,0.0479,0.8554,3e-05,8.47,-0.8469546473591762,0.1942,0.0664,0.16684,1.46,False
Puebla,-0.6813,0.0,-14.93,1.493273860214956,0.1032,-1.7035,1e-05,-16.87,1.686573456567348,0.3539,-0.6813,0.0,-14.93,False
Vienna,-0.5022,0.0,-11.01,1.1007234731062459,0.054,-0.538,0.00301,-5.33,0.5326183657843211,0.1768,-0.5022,0.0,-11.01,False
Barcelona,-0.2817,0.0,-6.17,0.6173814699870774,0.0307,-0.45,3e-05,-4.46,0.4455068544809257,0.1034,-0.2817,0.0,-6.17,False
Patna,-0.9716,0.0,-21.29,2.1293669083201854,0.1601,1.3047,0.03213,12.92,-1.2917639125881715,0.6002,-0.9716,0.0,-21.29,True
Mosul,-1.2391,0.0,-27.16,2.7158560125584077,0.1136,-1.2638,0.00214,-12.51,1.251226178249725,0.4007,-1.2391,0.0,-27.16,False
Kallakurichi,-0.2168,0.10896,-4.75,0.4751346995821416,0.1347,1.7572,0.00015,17.4,-1.7397591250710227,0.4464,-0.2168,0.10896,-4.75,True
Kampala,4.0256,0.0,88.23,-8.823078047893919,0.1741,5.8346,0.0,57.77,-5.776705761749993,0.6043,4.0256,0.0,88.23,False
Xining,0.248,0.0,5.43,-0.5434805115827366,0.032,0.6531,5e-05,6.47,-0.6466188831491274,0.1544,0.248,0.0,5.43,False
Changshu,0.1938,4e-05,4.25,-0.42468348301627334,0.046,0.3838,0.07538,3.8,-0.3799708129119961,0.2135,0.1938,4e-05,4.25,False
Palembang,-0.0895,0.04702,-1.96,0.19613428792534837,0.0448,0.0212,0.90409,0.21,-0.02098673651981551,0.1755,-0.0895,0.04702,-1.96,True
Huainan,-0.2336,0.0,-5.12,0.5119164799306735,0.0444,-0.1504,0.40331,-1.49,0.14895125144703408,0.1792,-0.2336,0.0,-5.12,False
Rabat,-0.3576,0.0,-7.84,0.7837033775803027,0.0461,-1.5122,0.0,-14.97,1.4972121072956446,0.1139,-0.3576,0.0,-7.84,False
Semarang,0.2623,2e-05,5.75,-0.5748480092709518,0.0606,0.2262,0.27427,2.24,-0.22399368511873707,0.2058,0.2623,2e-05,5.75,False
Recife,0.0363,0.00028,0.79,-0.07949549412594205,0.0098,0.2086,0.0,2.07,-0.20651538808087957,0.036,0.0363,0.00028,0.79,False
Phoenix,-0.6529,0.0,-14.31,1.431016446055664,0.0293,-0.7289,0.0,-7.22,0.7216623412198478,0.1258,-0.6529,0.0,-14.31,False
Suzhou,-0.5656,0.0,-12.4,1.2395473033564814,0.0673,0.1665,0.54802,1.65,-0.1648402186770564,0.2762,-0.5656,0.0,-12.4,True
Ecatepec de Morelos,-0.8774,0.0,-19.23,1.923103328662953,0.1042,-2.4499,0.0,-24.26,2.425547757024158,0.3631,-0.8774,0.0,-19.23,False
Lu’an,-0.0538,0.28625,-1.18,0.11796763346373774,0.0504,-0.3185,0.12501,-3.15,0.31531084526012587,0.2058,-0.0538,0.28625,-1.18,False
Valencia,0.257,0.0051,5.63,-0.5633765032764654,0.0909,1.6437,0.0,16.27,-1.6273680862946194,0.2725,0.257,0.0051,5.63,False
Ludhiana,-4.2955,0.0,-94.15,9.414545909685366,0.1464,-7.7419,0.0,-76.65,7.665057985992836,0.5186,-4.2955,0.0,-94.15,False
Yancheng,-0.0624,0.05978,-1.37,0.13672413025374458,0.033,0.2108,0.07767,2.09,-0.20871786918878013,0.1182,-0.0624,0.05978,-1.37,True
Novosibirsk,0.3948,0.0,8.65,-0.8653032390461666,0.0697,-0.1412,0.56667,-1.4,0.13982771692190785,0.2457,0.3948,0.0,8.65,True
Erbil,-1.1691,0.0,-25.62,2.5624298938905823,0.1189,-1.313,0.00195,-13.0,1.2999847791127506,0.4123,-1.1691,0.0,-25.62,False
Fukuoka,0.173,2e-05,3.79,-0.3791089858038364,0.0399,0.407,0.00537,4.03,-0.4029546957645609,0.1429,0.173,2e-05,3.79,False
Taizhou,0.027,0.45705,0.59,-0.05924532156872687,0.0363,0.1582,0.31659,1.57,-0.15664241521550154,0.1572,0.027,0.45705,0.59,False
Daqing,0.8024,0.0,17.59,-1.7587029448226488,0.0674,2.3751,0.0,23.51,-2.351489723588239,0.2399,0.8024,0.0,17.59,False
Manila,0.3439,0.0,7.54,-0.7536782166357715,0.0445,0.4215,0.01473,4.17,-0.4173090029621134,0.1698,0.3439,0.0,7.54,False
Wuhu,0.0861,0.18535,1.89,-0.1887879239315043,0.0648,-0.3578,0.2133,-3.54,0.35429676862365034,0.2857,0.0861,0.18535,1.89,True
Santiago de Querétaro,-1.0622,0.0,-23.28,2.3281145262001686,0.1098,-3.1198,0.0,-30.89,3.0888271494352293,0.3986,-1.0622,0.0,-23.28,False
Dazhou,0.6836,0.0,14.98,-1.49819478900086,0.0583,0.8708,0.00152,8.62,-0.8621219254838076,0.2669,0.6836,0.0,14.98,False
Yangzhou,0.027,0.45705,0.59,-0.05924532156872687,0.0363,0.1582,0.31659,1.57,-0.15664241521550154,0.1572,0.027,0.45705,0.59,False
León de los Aldama,-1.0766,0.0,-23.6,2.359675935982319,0.1131,-3.2531,0.0,-32.21,3.2208376576879165,0.4272,-1.0766,0.0,-23.6,False
Makkah,-0.2535,0.0,-5.56,0.5555850397238175,0.0184,-0.076,0.30579,-0.75,0.07528062619605111,0.0739,-0.2535,0.0,-5.56,False
Philadelphia,0.585,0.0,12.82,-1.2822567654636032,0.0535,0.4377,0.06399,4.33,-0.4333078243039505,0.2336,0.585,0.0,12.82,False
Phnom Penh,-0.4741,0.02884,-10.39,1.0390690602797337,0.2156,1.556,0.01214,15.41,-1.5405213606592199,0.6089,-0.4741,0.02884,-10.39,True
Guilin,0.1769,0.02506,3.88,-0.38772616180721764,0.0784,-1.0499,0.00052,-10.4,1.039529322547349,0.2924,0.1769,0.02506,3.88,True
Damascus,-0.2378,0.0,-5.21,0.5211189767214203,0.0364,0.1822,0.15528,1.8,-0.18034839266829958,0.1272,-0.2378,0.0,-5.21,True
Quetta,-0.436,0.0,-9.56,0.955604026118406,0.0409,-0.3758,0.058,-3.72,0.3720682720733498,0.1959,-0.436,0.0,-9.56,False
Zhaoqing,0.1871,0.0207,4.1,-0.4101594446848084,0.0803,-0.4545,0.16412,-4.5,0.4499933763861086,0.3242,0.1871,0.0207,4.1,True
Onitsha,0.4878,0.00062,10.69,-1.0691755268165413,0.1406,1.3267,0.01144,13.14,-1.3135689731597828,0.5147,0.4878,0.00062,10.69,False
Mianyang,0.4124,0.0,9.04,-0.9038661526007186,0.044,0.4989,0.00727,4.94,-0.4939262132371478,0.182,0.4124,0.0,9.04,False
Auckland,0.3277,0.0,7.18,-0.7182822819783874,0.0311,0.6243,0.0,6.18,-0.6181232467260811,0.1142,0.3277,0.0,7.18,False
Isfahan,-0.4334,0.0,-9.5,0.9498351456939221,0.0578,-0.136,0.49236,-1.35,0.13462771996588968,0.1973,-0.4334,0.0,-9.5,False
Wanzhou,0.5813,0.0,12.74,-1.2741248098601976,0.0584,0.8416,0.0029,8.33,-0.8332627043917498,0.2755,0.5813,0.0,12.74,False
Harare,-0.3006,0.00012,-6.59,0.6588312166141116,0.0766,-0.5605,0.06462,-5.55,0.5549084677363318,0.2999,-0.3006,0.00012,-6.59,False
Monrovia,0.2,0.10951,4.38,-0.43825163421854785,0.1245,0.8355,0.0583,8.27,-0.8271742095912143,0.4361,0.2,0.10951,4.38,False
Putian,0.1341,0.00234,2.94,-0.2938408950578383,0.0436,-0.1389,0.43735,-1.38,0.13757010840278924,0.1782,0.1341,0.00234,2.94,True
Kawasaki,0.5728,0.0,12.55,-1.2554123888447868,0.0424,1.5877,0.0,15.72,-1.5719846401550466,0.1807,0.5728,0.0,12.55,False
Goiânia,-0.8342,0.0,-18.28,1.8282379845870103,0.1502,-0.3076,0.55824,-3.05,0.3045949941693122,0.5237,-0.8342,0.0,-18.28,False
San Antonio,-0.3501,0.0,-7.67,0.7672310912973797,0.0478,-0.9407,0.0,-9.31,0.931388465627492,0.1389,-0.3501,0.0,-7.67,False
Kobe,0.1955,0.0,4.29,-0.4285319457933677,0.0272,0.3534,0.00157,3.5,-0.34992053844790805,0.1087,0.1955,0.0,4.29,False
Stockholm,0.0994,0.05642,2.18,-0.21791764809590142,0.0519,0.2591,0.20971,2.56,-0.25649669131239977,0.2052,0.0994,0.05642,2.18,False
Ciudad Juárez,-0.9844,0.0,-21.58,2.157566859115679,0.0342,-1.6723,0.0,-16.56,1.6556832334888394,0.1286,-0.9844,0.0,-21.58,False
Cần Thơ,-0.2127,0.1523,-4.66,0.46613700252185974,0.1481,0.9025,0.04546,8.94,-0.893587652034666,0.4454,-0.2127,0.1523,-4.66,True
Munich,-0.7145,0.0,-15.66,1.5658732379214253,0.0747,-1.0926,0.00019,-10.82,1.0817513914525727,0.2815,-0.7145,0.0,-15.66,False
Khulna,-0.2182,0.24509,-4.78,0.47828889108757,0.1873,0.6085,0.35116,6.02,-0.6024271151749834,0.6495,-0.2182,0.24509,-4.78,True
Belém,0.6708,0.00108,14.7,-1.4701243867518128,0.2026,1.2435,0.09291,12.31,-1.2311382467910077,0.7328,0.6708,0.00108,14.7,False
Yekaterinburg,-0.6254,0.0,-13.71,1.3706208148075532,0.0835,-2.535,0.0,-25.1,2.509827437401694,0.2899,-0.6254,0.0,-13.71,False
Porto Alegre,0.4486,0.0,9.83,-0.983278181104978,0.0652,0.5353,0.05439,5.3,-0.530010331606308,0.2749,0.4486,0.0,9.83,False
Yinchuan,-0.884,0.0,-19.38,1.9375162510942485,0.0333,-1.7919,0.0,-17.74,1.7740768272825438,0.1386,-0.884,0.0,-19.38,False
Manhattan,0.7359,0.0,16.13,-1.612894872357995,0.0571,0.555,0.02659,5.5,-0.5495245265098385,0.2465,0.7359,0.0,16.13,False
Nashik,0.7046,0.0,15.44,-1.5443391999260063,0.126,2.633,0.0,26.07,-2.6069097780654635,0.4487,0.7046,0.0,15.44,False
Taizhou,0.5798,0.0,12.71,-1.2707763960059972,0.0582,0.3751,0.15995,3.71,-0.3714147334963536,0.2649,0.5798,0.0,12.71,False
Asunción,0.4937,1e-05,10.82,-1.082024875428795,0.1079,-2.8305,0.0,-28.02,2.802373617837276,0.3466,0.4937,1e-05,10.82,True
Yiwu,0.4428,0.0,9.71,-0.9705981664661342,0.0741,-0.0915,0.76592,-0.91,0.09060848103891285,0.3065,0.4428,0.0,9.71,True
Zapopan,-0.5493,0.0,-12.04,1.2040031876769257,0.0892,-1.65,0.0,-16.34,1.6336236168108111,0.3197,-0.5493,0.0,-12.04,False
Adelaide,0.242,0.0,5.3,-0.5303388970271152,0.0308,0.3646,0.00024,3.61,-0.36099874219617806,0.0955,0.242,0.0,5.3,False
Quanzhou,0.1341,0.00234,2.94,-0.2938408950578383,0.0436,-0.1389,0.43735,-1.38,0.13757010840278924,0.1782,0.1341,0.00234,2.94,True
Madurai,-0.2324,0.02523,-5.09,0.5094567715506839,0.1032,0.863,0.01754,8.54,-0.8544577861007407,0.3572,-0.2324,0.02523,-5.09,True
Jinhua,0.4428,0.0,9.71,-0.9705981664661342,0.0741,-0.0915,0.76592,-0.91,0.09060848103891285,0.3065,0.4428,0.0,9.71,True
Kyoto,0.3077,0.0,6.74,-0.6744847521964928,0.0339,0.664,1e-05,6.57,-0.6574396475329338,0.1381,0.3077,0.0,6.74,False
Cixi,0.4785,0.0,10.49,-1.0488099311100112,0.058,0.324,0.20796,3.21,-0.3207764259088686,0.2556,0.4785,0.0,10.49,False
Changde,0.5208,0.0,11.41,-1.141375216053459,0.0751,-0.6198,0.07106,-6.14,0.6136697696446216,0.3396,0.5208,0.0,11.41,True
Kuala Lumpur,0.2356,3e-05,5.16,-0.5163307221304783,0.0554,0.8591,4e-05,8.51,-0.850610893420068,0.2011,0.2356,3e-05,5.16,False
Kayseri,-1.127,0.0,-24.7,2.470081644838443,0.0958,-3.4303,0.0,-33.96,3.3962452645271624,0.3211,-1.127,0.0,-24.7,False
Kaifeng,-1.8324,0.0,-40.16,4.016067738345563,0.1579,2.2778,2e-05,22.55,-2.255164017263518,0.5075,-1.8324,0.0,-40.16,True
Anshan,-0.2965,2e-05,-6.5,0.649874851017605,0.0671,1.7737,0.0,17.56,-1.7561087037076977,0.2203,-0.2965,2e-05,-6.5,True
Karaj,-2.0725,0.0,-45.42,4.542268579438051,0.0835,-3.2319,0.0,-32.0,3.1998422347292665,0.3693,-2.0725,0.0,-45.42,False
Kathmandu,-1.8147,0.0,-39.77,3.977237325854157,0.143,-0.9247,0.10227,-9.15,0.9154932831236615,0.5606,-1.8147,0.0,-39.77,False
Daejeon,-0.2189,6e-05,-4.8,0.4797634702258428,0.0536,0.59,0.00518,5.84,-0.5841366779853782,0.2063,-0.2189,6e-05,-4.8,True
Baoji,0.0864,0.01615,1.89,-0.18943438184312072,0.0357,0.4814,0.00018,4.77,-0.47659142025453166,0.1236,0.0864,0.01615,1.89,False
Suqian,-0.2478,0.0,-5.43,0.5431496393051353,0.0425,0.2545,0.13311,2.52,-0.25196262825242277,0.168,-0.2478,0.0,-5.43,True
Liuzhou,0.1831,0.01384,4.01,-0.40128882203531063,0.0738,-0.8864,0.00145,-8.78,0.8775777787145339,0.2704,0.1831,0.01384,4.01,True
Tirunelveli,-0.086,0.25773,-1.88,0.18848640350526538,0.0758,0.3465,0.20303,3.43,-0.34302867323182595,0.2704,-0.086,0.25773,-1.88,True
Konya,-1.0971,0.0,-24.05,2.404615172112093,0.1015,-3.7459,0.0,-37.09,3.7087288797998035,0.3396,-1.0971,0.0,-24.05,False
Zhangjiagang,0.1938,4e-05,4.25,-0.42468348301627334,0.046,0.3838,0.07538,3.8,-0.3799708129119961,0.2135,0.1938,4e-05,4.25,False
Agra,-1.6898,0.0,-37.04,3.703583441117605,0.1627,0.1594,0.7875,1.58,-0.15777882161918624,0.5896,-1.6898,0.0,-37.04,True
Tabriz,-1.0839,0.0,-23.76,2.375702829892321,0.0827,-0.9602,0.00723,-9.51,0.9507098713803689,0.35,-1.0839,0.0,-23.76,False
Makassar,0.2738,0.0,6.0,-0.6001180898100077,0.0397,0.6312,9e-05,6.25,-0.6249463944493286,0.1546,0.2738,0.0,6.0,False
Kharkiv,-1.207,0.0,-26.45,2.6454495214927167,0.0919,-0.9095,0.01481,-9.0,0.9004674221350467,0.3666,-1.207,0.0,-26.45,False
Jinjiang,0.1341,0.00234,2.94,-0.2938408950578383,0.0436,-0.1389,0.43735,-1.38,0.13757010840278924,0.1782,0.1341,0.00234,2.94,True
Faridabad,-8.4326,0.0,-184.82,18.48178913693908,0.2789,-2.3689,0.02108,-23.45,2.3453545211500457,1.0105,-8.4326,0.0,-184.82,False
Bozhou,-0.4692,0.0,-10.28,1.028279968254576,0.0676,-0.0853,0.73749,-0.84,0.08448532657367125,0.2539,-0.4692,0.0,-10.28,False
Qujing,0.2456,0.00317,5.38,-0.5383277467798866,0.0824,-0.1679,0.59884,-1.66,0.16622313778759792,0.3181,0.2456,0.00317,5.38,True
South Tangerang,0.2383,0.0,5.22,-0.5223150013508291,0.0456,0.2499,0.12402,2.47,-0.24743348947262087,0.1611,0.2383,0.0,5.22,False
San Diego,-0.351,0.0,-7.69,0.7692800712400486,0.0336,-0.0297,0.82237,-0.29,0.029418015448974898,0.132,-0.351,0.0,-7.69,False
Gwangju,0.0715,0.0636,1.57,-0.15665130190738696,0.0383,0.3956,0.00164,3.92,-0.3917213932530242,0.1222,0.0715,0.0636,1.57,False
Zhanjiang,0.4975,0.0,10.9,-1.0903085159476429,0.0919,0.7145,0.04995,7.07,-0.7074228564101648,0.36,0.4975,0.0,10.9,False
Fushun,-0.2171,0.00157,-4.76,0.4757931582669253,0.0678,1.9705,0.0,19.51,-1.9509311069348922,0.2089,-0.2171,0.00157,-4.76,True
Rājkot,0.0648,0.55944,1.42,-0.14209162716197557,0.1109,1.2249,0.00131,12.13,-1.2127527254376214,0.3701,0.0648,0.55944,1.42,False
Luoyang,-0.9722,0.0,-21.31,2.130687255763724,0.1254,1.4284,0.0008,14.14,-1.414222249193146,0.4127,-0.9722,0.0,-21.31,True
Guadalajara,-0.5493,0.0,-12.04,1.2040031876769257,0.0892,-1.65,0.0,-16.34,1.6336236168108111,0.3197,-0.5493,0.0,-12.04,False
The Bronx,0.7359,0.0,16.13,-1.612894872357995,0.0571,0.555,0.02659,5.5,-0.5495245265098385,0.2465,0.7359,0.0,16.13,False
Guankou,0.2995,0.00534,6.56,-0.6564809575595715,0.1065,-1.2102,0.00438,-11.98,1.1982282133319981,0.4149,0.2995,0.00534,6.56,True
Huế,0.1191,0.44197,2.61,-0.2609732155511271,0.1546,1.2212,0.02696,12.09,-1.2091123955272502,0.5438,0.1191,0.44197,2.61,False
Milan,-0.7409,0.0,-16.24,1.623895916546208,0.0811,-1.7761,0.0,-17.59,1.7585068866746818,0.3007,-0.7409,0.0,-16.24,False
Najafgarh,-7.8468,0.0,-171.98,17.197929751414602,0.1873,-6.5892,0.0,-65.24,6.523847694155958,0.6815,-7.8468,0.0,-171.98,False
N'Djamena,1.2631,0.0,27.68,-2.7683512594883686,0.0978,4.0486,0.0,40.08,-4.0084254781601505,0.3829,1.2631,0.0,27.68,False
Handan,-2.4606,0.0,-53.93,5.392945250497719,0.165,2.7657,0.0,27.38,-2.738222588007778,0.5091,-2.4606,0.0,-53.93,True
Bannu,-0.371,0.0,-8.13,0.8131387952173094,0.0521,-1.1579,0.0,-11.46,1.1463623608900153,0.1846,-0.371,0.0,-8.13,False
Yichang,0.3707,0.0,8.13,-0.8125237092992433,0.0639,0.1956,0.51719,1.94,-0.19368911191010021,0.301,0.3707,0.0,8.13,False
Antananarivo,-0.5718,0.0,-12.53,1.253254705456296,0.1155,-1.4818,0.00028,-14.67,1.467077152036136,0.3935,-0.5718,0.0,-12.53,False
Heze,-1.1119,0.0,-24.37,2.4370637664065113,0.1071,0.9261,0.02203,9.17,-0.9169127314075399,0.398,-1.1119,0.0,-24.37,True
Abobo,1.0071,0.0,22.07,-2.2073845119281565,0.0857,2.0169,0.0,19.97,-1.996863124931382,0.3532,1.0071,0.0,22.07,False
Jamshedpur,-0.0705,0.64692,-1.55,0.15458267534950187,0.1538,1.161,0.02806,11.5,-1.1495071754794102,0.5208,-0.0705,0.64692,-1.55,True
Douala,0.286,0.00101,6.27,-0.6268781988941725,0.0859,0.9607,0.00223,9.51,-0.951122634928649,0.3058,0.286,0.00101,6.27,False
Antalya,-0.1848,0.00243,-4.05,0.4051182846402483,0.0603,-0.3999,0.05039,-3.96,0.395952398004971,0.2019,-0.1848,0.00243,-4.05,False
Basrah,-0.2391,0.0,-5.24,0.5239978398664435,0.038,0.0194,0.88172,0.19,-0.019211285015140286,0.1301,-0.2391,0.0,-5.24,True
Dallas,-0.0867,0.41853,-1.9,0.19006042048995447,0.107,-1.1872,0.00085,-11.75,1.1754085380479635,0.3448,-0.0867,0.41853,-1.9,False
Saitama,0.5728,0.0,12.55,-1.2554123888447868,0.0424,1.5877,0.0,15.72,-1.5719846401550466,0.1807,0.5728,0.0,12.55,False
Gorakhpur,-7.5836,0.0,-166.21,16.621209230843455,0.1456,-8.4765,0.0,-83.92,8.392360050950417,0.4771,-7.5836,0.0,-166.21,False
Niamey,1.926,0.0,42.21,-4.221257299907916,0.0724,3.2446,0.0,32.12,-3.212388314186778,0.2575,1.926,0.0,42.21,False
Liupanshui,0.4738,0.0,10.38,-1.0384135020162102,0.0741,0.0844,0.77161,0.84,-0.08355074860925371,0.2899,0.4738,0.0,10.38,False
Taguig,0.3033,0.0,6.65,-0.6647042960737849,0.0415,0.3367,0.04485,3.33,-0.333308983432042,0.1657,0.3033,0.0,6.65,False
Maoming,0.2804,4e-05,6.15,-0.6145775192892244,0.0669,-0.0184,0.94396,-0.18,0.018265666953947723,0.2618,0.2804,4e-05,6.15,True
Calgary,-0.3823,0.0,-8.38,0.8379016488839232,0.0702,-1.4409,0.0,-14.27,1.4265947185227517,0.2411,-0.3823,0.0,-8.38,False
Tripoli,-0.1302,1e-05,-2.85,0.2852569518749399,0.0284,0.2372,0.01486,2.35,-0.23484663085982452,0.0957,-0.1302,1e-05,-2.85,True
Callao,0.0638,0.03925,1.4,-0.13980280613756207,0.0308,-0.2668,0.02388,-2.64,0.2641657797374823,0.1163,0.0638,0.03925,1.4,True
Madinah,-0.2864,0.0,-6.28,0.6277704285699554,0.0197,0.1608,0.0398,1.59,-0.15919030603637024,0.0772,-0.2864,0.0,-6.28,True
Yaoundé,0.3053,0.00118,6.69,-0.6691360100959439,0.0929,0.8942,0.00878,8.85,-0.885363625043374,0.3344,0.3053,0.00118,6.69,False
Qinzhou,0.2534,0.00016,5.55,-0.5553054035923074,0.0661,0.14,0.57033,1.39,-0.13861903835458295,0.2459,0.2534,0.00016,5.55,False
Luohe,-0.7877,0.0,-17.26,1.726486639476602,0.1067,0.5955,0.10562,5.9,-0.5895609630895533,0.3646,-0.7877,0.0,-17.26,True
Xiangyang,0.1854,0.00015,4.06,-0.40641447689377813,0.048,0.3825,0.06137,3.79,-0.37873051446206396,0.2021,0.1854,0.00015,4.06,False
Yangjiang,0.2851,0.0,6.25,-0.6249372435272702,0.0501,0.1299,0.52968,1.29,-0.12864946375986389,0.206,0.2851,0.0,6.25,False
Yixing,0.1735,0.00232,3.8,-0.38030090002031064,0.0563,0.0957,0.70856,0.95,-0.09478336013174912,0.2554,0.1735,0.00232,3.8,False
Pimpri,0.6182,0.0,13.55,-1.3550119389279351,0.1291,2.5294,0.0,25.04,-2.504276081207635,0.4537,0.6182,0.0,13.55,False
Da Nang,0.2913,0.05796,6.38,-0.6383587646521625,0.1529,1.587,0.00277,15.71,-1.5712439863959073,0.517,0.2913,0.05796,6.38,False
Amman,-0.2683,0.0,-5.88,0.5880339766493016,0.0262,0.2634,0.01297,2.61,-0.26075283242836184,0.1041,-0.2683,0.0,-5.88,True
Budta,0.1586,0.0,3.48,-0.34770206282115124,0.032,0.3983,0.00569,3.94,-0.3943345740983129,0.1409,0.1586,0.0,3.48,False
Belgrade,-0.6621,0.0,-14.51,1.4512172934469427,0.0808,-1.5542,0.0,-15.39,1.5387378607190993,0.2528,-0.6621,0.0,-14.51,False
Biên Hòa,-0.0721,0.63917,-1.58,0.15810468044236692,0.1537,1.1555,0.0174,11.44,-1.14401085844196,0.4776,-0.0721,0.63917,-1.58,True
Qingpu,0.3785,0.0,8.3,-0.829576759626133,0.0524,0.4114,0.09088,4.07,-0.40733852035430657,0.2409,0.3785,0.0,8.3,False
Montevideo,0.1041,0.09678,2.28,-0.22823938478471495,0.0625,-0.0505,0.81825,-0.5,0.05001312798929501,0.2192,0.1041,0.09678,2.28,True
Xuchang,-1.0587,0.0,-23.2,2.3203981342572075,0.1383,1.526,0.00087,15.11,-1.5109041281470494,0.4443,-1.0587,0.0,-23.2,True
Kalyān,0.3283,0.00087,7.19,-0.7194763600318205,0.0973,1.4173,0.0001,14.03,-1.4032561757098834,0.35,0.3283,0.00087,7.19,False
Zigong,0.6695,0.0,14.67,-1.46744244685045,0.0559,0.9115,0.00044,9.02,-0.9024483104832922,0.2506,0.6695,0.0,14.67,False
Nizhniy Novgorod,-0.5043,0.0,-11.05,1.10535903205354,0.0703,-0.8029,0.00138,-7.95,0.7949357771983857,0.2439,-0.5043,0.0,-11.05,False
Jepara,0.3127,0.0,6.85,-0.6853147549031317,0.0535,0.4829,0.01295,4.78,-0.4781015335600403,0.1908,0.3127,0.0,6.85,False
Maputo,0.1631,0.0,3.57,-0.35742595586169784,0.0151,0.5883,0.0,5.82,-0.5824896005572595,0.0512,0.1631,0.0,3.57,False
Xuzhou,-0.244,0.0,-5.35,0.5348275209605902,0.0445,0.0946,0.60241,0.94,-0.09370870241176739,0.1811,-0.244,0.0,-5.35,True
Dammam,-0.2386,0.0,-5.23,0.5228657971964386,0.0249,0.0932,0.2612,0.92,-0.09223417581636974,0.0824,-0.2386,0.0,-5.23,True
Ra’s Bayrūt,-0.3446,0.0,-7.55,0.7552273915880534,0.034,0.1491,0.18884,1.48,-0.1475890834876469,0.1127,-0.3446,0.0,-7.55,True
Neijiang,0.6695,0.0,14.67,-1.46744244685045,0.0559,0.9115,0.00044,9.02,-0.9024483104832922,0.2506,0.6695,0.0,14.67,False
Shiraz,-1.1013,0.0,-24.14,2.4138151846842093,0.0656,-1.3286,1e-05,-13.15,1.3153943572764542,0.2885,-1.1013,0.0,-24.14,False
Heshan,0.4121,1e-05,9.03,-0.9032091345741419,0.0891,-1.0126,0.00755,-10.03,1.0025957977081408,0.3712,0.4121,1e-05,9.03,True
Dombivali,0.3283,0.00087,7.19,-0.7194763600318205,0.0973,1.4173,0.0001,14.03,-1.4032561757098834,0.35,0.3283,0.00087,7.19,False
Kananga,0.5216,5e-05,11.43,-1.1431255438277939,0.1261,0.939,0.04778,9.3,-0.9297090179030296,0.4685,0.5216,5e-05,11.43,False
Kazan,-0.5133,0.0,-11.25,1.1249920709543721,0.0813,-1.0576,0.00026,-10.47,1.0471478788936865,0.2789,-0.5133,0.0,-11.25,False
Jining,-1.1172,0.0,-24.49,2.4486508217100984,0.0977,0.9863,0.01197,9.77,-0.9765583936297915,0.3852,-1.1172,0.0,-24.49,True
Barquisimeto,0.0579,0.51123,1.27,-0.12680172611037527,0.0879,1.5713,0.0,15.56,-1.5557430875111578,0.2457,0.0579,0.51123,1.27,False
Shubrā al Khaymah,-0.1159,0.0,-2.54,0.2539663646426325,0.0162,0.1375,0.0398,1.36,-0.1361328698710603,0.066,-0.1159,0.0,-2.54,True
Putuo,0.3939,0.0,8.63,-0.8632082066249811,0.0532,0.6576,0.00162,6.51,-0.6510304514414433,0.2028,0.3939,0.0,8.63,False
Port-au-Prince,0.2605,0.0,5.71,-0.5708800413627404,0.0281,0.2663,0.00544,2.64,-0.2636567239110855,0.0937,0.2605,0.0,5.71,False
Suwon,-0.066,0.09208,-1.45,0.14476052166579614,0.039,0.6391,0.0,6.33,-0.632767455793806,0.1261,-0.066,0.09208,-1.45,True
Xinyang,-0.0872,0.12226,-1.91,0.19102958483481056,0.0562,-0.1653,0.4442,-1.64,0.16366999222555434,0.2152,-0.0872,0.12226,-1.91,False
Liaocheng,-1.3836,0.0,-30.33,3.032568999066544,0.1102,1.6904,0.0001,16.74,-1.6736014546930362,0.4168,-1.3836,0.0,-30.33,True
Jinzhong,-1.7597,0.0,-38.57,3.856715512112856,0.0858,0.6424,0.01801,6.36,-0.6360227547726917,0.267,-1.7597,0.0,-38.57,True
Meerut,-8.4326,0.0,-184.82,18.48178913693908,0.2789,-2.3689,0.02108,-23.45,2.3453545211500457,1.0105,-8.4326,0.0,-184.82,False
Virār,0.3283,0.00087,7.19,-0.7194763600318205,0.0973,1.4173,0.0001,14.03,-1.4032561757098834,0.35,0.3283,0.00087,7.19,False
Nowrangapur,0.2827,0.02972,6.2,-0.6195394331788082,0.1292,1.4364,0.00163,14.22,-1.422098636570817,0.4432,0.2827,0.02972,6.2,False
Karbala,-0.4631,0.0,-10.15,1.0149368597640214,0.0491,-0.5238,0.00681,-5.19,0.5186493512434266,0.1895,-0.4631,0.0,-10.15,False
Changzhi,-2.0977,0.0,-45.98,4.597502663140181,0.1724,2.4451,1e-05,24.21,-2.4208608531702227,0.5247,-2.0977,0.0,-45.98,True
Tianshui,0.0851,0.01051,1.87,-0.18657271198505201,0.033,0.562,1e-05,5.56,-0.5563739904801016,0.1189,0.0851,0.01051,1.87,False
Sadr City,-0.5819,0.0,-12.75,1.2753483712093734,0.0743,-0.8459,0.00307,-8.38,0.8375258256425252,0.2786,-0.5819,0.0,-12.75,False
Yangpu,0.3939,0.0,8.63,-0.8632082066249811,0.0532,0.6576,0.00162,6.51,-0.6510304514414433,0.2028,0.3939,0.0,8.63,False
Mombasa,0.1408,0.0,3.09,-0.30864025652159105,0.0172,0.5269,0.0,5.22,-0.5216706114172323,0.0539,0.1408,0.0,3.09,False
Mandalay,-0.0866,0.62041,-1.9,0.18977912274484704,0.1746,0.3728,0.53293,3.69,-0.36905227565923393,0.5957,-0.0866,0.62041,-1.9,True
Srinagar,-1.1159,0.0,-24.46,2.4456821655214123,0.0763,-2.9142,0.0,-28.85,2.8852870531365395,0.3046,-1.1159,0.0,-24.46,False
Barranquilla,0.11,0.16135,2.41,-0.24107166848984382,0.0783,0.6294,0.02112,6.23,-0.623174915609859,0.2686,0.11,0.16135,2.41,False
Chelyabinsk,-0.4825,0.0,-10.57,1.0574296763904418,0.0743,-1.6439,0.0,-16.28,1.627592605984645,0.2382,-0.4825,0.0,-10.57,False
Mérida,0.8899,0.0,19.5,-1.9504498025980344,0.0852,1.2466,0.00042,12.34,-1.2342217408076777,0.3414,0.8899,0.0,19.5,False
Hiroshima,-0.0005,0.98117,-0.01,0.0011851383820059064,0.0229,0.1934,0.02936,1.92,-0.1915044196985114,0.0875,-0.0005,0.98117,-0.01,True
Santiago de los Caballeros,0.2676,0.0,5.86,-0.5864337197009423,0.0335,0.2709,0.01864,2.68,-0.26819118116332574,0.1132,0.2676,0.0,5.86,False
Shymkent,-0.3917,0.0,-8.59,0.8585653581925712,0.0533,-0.7951,9e-05,-7.87,0.7872420713288358,0.1942,-0.3917,0.0,-8.59,False
Weinan,-0.0341,0.38691,-0.75,0.07471252498741568,0.0393,0.4515,0.00051,4.47,-0.4469932336338696,0.1256,-0.0341,0.38691,-0.75,True
Ghāziābād,-8.4326,0.0,-184.82,18.48178913693908,0.2789,-2.3689,0.02108,-23.45,2.3453545211500457,1.0105,-8.4326,0.0,-184.82,False
Matola,0.0572,0.05071,1.25,-0.1253101584511494,0.0291,0.5685,0.0,5.63,-0.5628156527184943,0.1094,0.0572,0.05071,1.25,False
Dhanbad,-0.4382,0.00787,-9.6,0.9604338647570904,0.1634,0.6117,0.27492,6.06,-0.6055830750679448,0.5571,-0.4382,0.00787,-9.6,True
Hong Kong Island,0.1718,0.00086,3.77,-0.37663512751600964,0.0509,0.4066,0.0482,4.03,-0.4025820723583963,0.2032,0.1718,0.00086,3.77,False
Fes,-0.415,0.0,-9.09,0.909496246787926,0.0472,-1.5972,0.0,-15.81,1.5813938815002415,0.1105,-0.415,0.0,-9.09,False
Gustavo Adolfo Madero,-0.8774,0.0,-19.23,1.923103328662953,0.1042,-2.4499,0.0,-24.26,2.425547757024158,0.3631,-0.8774,0.0,-19.23,False
Nouakchott,0.1259,0.0,2.76,-0.27584436053639283,0.0126,0.1661,0.0024,1.64,-0.16442773785803852,0.0533,0.1259,0.0,2.76,False
Kisangani,0.3881,0.0,8.51,-0.8506600452158914,0.0569,0.8513,0.00011,8.43,-0.8428185485650791,0.211,0.3881,0.0,8.51,False
Jiaxing,0.3785,0.0,8.3,-0.829576759626133,0.0524,0.4114,0.09088,4.07,-0.40733852035430657,0.2409,0.3785,0.0,8.3,False
Aurangabad,0.7507,0.0,16.45,-1.645293500999122,0.1356,2.7271,0.0,27.0,-2.7000125216776425,0.4656,0.7507,0.0,16.45,False
Zhongwei,-0.4875,0.0,-10.69,1.0685320895632995,0.0257,-0.7714,0.0,-7.64,0.7637530714731408,0.1244,-0.4875,0.0,-10.69,False
Omsk,0.2582,9e-05,5.66,-0.5658919247137995,0.0648,-0.7624,0.00022,-7.55,0.7548511102275441,0.1985,0.2582,9e-05,5.66,True
Guarulhos,-0.1371,0.04855,-3.0,0.30049510033411525,0.0691,-0.3102,0.23054,-3.07,0.30707696515942234,0.2571,-0.1371,0.04855,-3.0,False
Panjin,-0.3071,0.0,-6.73,0.6729918629934692,0.0582,1.571,0.0,15.55,-1.5553688832668346,0.1895,-0.3071,0.0,-6.73,True
Bandar Lampung,0.2209,0.00061,4.84,-0.4841199590919168,0.0635,0.2514,0.27942,2.49,-0.24893504084893076,0.2312,0.2209,0.00061,4.84,False
Prague,-0.5363,0.0,-11.75,1.1753405088564022,0.0606,-0.459,0.05042,-4.54,0.45445441448450036,0.2317,-0.5363,0.0,-11.75,False
Varanasi,-0.2026,0.15592,-4.44,0.44401113191947117,0.1423,1.7399,0.0007,17.23,-1.7226105824286626,0.497,-0.2026,0.15592,-4.44,True
Batam,0.0173,0.88726,0.38,-0.03790230564319123,0.1218,0.7276,0.10707,7.2,-0.7203800039092518,0.4474,0.0173,0.88726,0.38,False
Jiujiang,0.2529,0.02992,5.54,-0.5543361598953113,0.1158,-0.9236,0.07333,-9.14,0.9144754384976178,0.5102,0.2529,0.02992,5.54,True
Samara,-0.2619,0.00387,-5.74,0.5739809664547115,0.0897,0.0387,0.90285,0.38,-0.03835364428848635,0.3165,-0.2619,0.00387,-5.74,True
Aba,0.5513,0.00041,12.08,-1.2082754641067397,0.1538,1.5036,0.01002,14.89,-1.48863798789909,0.5725,0.5513,0.00041,12.08,False
Amritsar,-2.5629,0.0,-56.17,5.617081807067212,0.1203,-6.1073,0.0,-60.47,6.046716087917441,0.4179,-2.5629,0.0,-56.17,False
Birmingham,0.0418,0.27496,0.92,-0.09153698924229657,0.0382,0.262,0.09997,2.59,-0.25944102471398256,0.1578,0.0418,0.27496,0.92,False
Copenhagen,0.6488,0.0,14.22,-1.4219542601280344,0.0712,0.6417,0.02589,6.35,-0.6353343256051863,0.2837,0.6488,0.0,14.22,False
Sofia,-0.791,0.0,-17.34,1.733653346363729,0.0997,-2.487,0.0,-24.62,2.4622853693221733,0.3286,-0.791,0.0,-17.34,False
Anyang,-2.4606,0.0,-53.93,5.392945250497719,0.165,2.7657,0.0,27.38,-2.738222588007778,0.5091,-2.4606,0.0,-53.93,True
Yerevan,-0.5269,0.0,-11.55,1.154826237327527,0.0658,-0.2119,0.43607,-2.1,0.20976627783808158,0.2709,-0.5269,0.0,-11.55,False
Luohu District,0.249,2e-05,5.46,-0.545782566937883,0.0579,-0.0666,0.79157,-0.66,0.06597735636772917,0.2515,0.249,2e-05,5.46,True
Vijayawada,0.5183,3e-05,11.36,-1.1360082976494517,0.1209,2.3443,0.0,23.21,-2.3210351353663214,0.4223,0.5183,3e-05,11.36,False
Fengxiang,0.3785,0.0,8.3,-0.829576759626133,0.0524,0.4114,0.09088,4.07,-0.40733852035430657,0.2409,0.3785,0.0,8.3,False
Bijie,0.6063,0.0,13.29,-1.3288438534457636,0.0672,0.0892,0.74317,0.88,-0.08827401752128164,0.2713,0.6063,0.0,13.29,False
Monterrey,-0.2701,0.0,-5.92,0.5919220028503663,0.0339,-0.846,0.0,-8.38,0.8376229868643517,0.1132,-0.2701,0.0,-5.92,False
Kigali,2.0163,0.0,44.19,-4.419093646778006,0.0986,3.3303,0.0,32.97,-3.2972445784686313,0.3962,2.0163,0.0,44.19,False
Rostov-on-Don,-0.6151,0.0,-13.48,1.3481577803953615,0.0827,-0.1363,0.66292,-1.35,0.13497436429384074,0.3118,-0.6151,0.0,-13.48,False
Zhuzhou,0.2995,0.00534,6.56,-0.6564809575595715,0.1065,-1.2102,0.00438,-11.98,1.1982282133319981,0.4149,0.2995,0.00534,6.56,True
Bogor,0.2383,0.0,5.22,-0.5223150013508291,0.0456,0.2499,0.12402,2.47,-0.24743348947262087,0.1611,0.2383,0.0,5.22,False
Malingao,0.1586,0.0,3.48,-0.34770206282115124,0.032,0.3983,0.00569,3.94,-0.3943345740983129,0.1409,0.1586,0.0,3.48,False
Touba,0.6423,0.0,14.08,-1.4076963394298994,0.0467,1.3851,0.0,13.71,-1.371313364496956,0.1916,0.6423,0.0,14.08,False
Ufa,-0.5354,0.0,-11.73,1.1734899906990635,0.0828,-1.1579,3e-05,-11.46,1.1463653149262165,0.2652,-0.5354,0.0,-11.73,False
Ranchi,-0.2232,0.15627,-4.89,0.48923669287306126,0.1569,1.1405,0.03456,11.29,-1.129149429375669,0.5321,-0.2232,0.15627,-4.89,True
Shangrao,0.3395,0.00059,7.44,-0.7440787979115234,0.0975,-0.8365,0.02418,-8.28,0.8281601644281552,0.3653,0.3395,0.00059,7.44,True
Lilongwe,-0.0982,0.51649,-2.15,0.21529051300685623,0.1512,1.3916,0.0123,13.78,-1.377832799298682,0.5456,-0.0982,0.51649,-2.15,True
Huaibei,-0.5656,0.0,-12.4,1.2395473033564814,0.0673,0.1665,0.54802,1.65,-0.1648402186770564,0.2762,-0.5656,0.0,-12.4,True
Maiduguri,2.0303,0.0,44.5,-4.449921713526706,0.13,6.294,0.0,62.32,-6.231564693341867,0.4747,2.0303,0.0,44.5,False
Xuhui,0.3939,0.0,8.63,-0.8632082066249811,0.0532,0.6576,0.00162,6.51,-0.6510304514414433,0.2028,0.3939,0.0,8.63,False
Meishan,0.4584,0.0,10.05,-1.0046999958796297,0.0479,0.7209,0.00045,7.14,-0.71377274276271,0.1985,0.4584,0.0,10.05,False
Mwanza,2.6804,0.0,58.75,-5.8746509403522404,0.1377,4.4271,0.0,43.83,-4.383196165514112,0.5846,2.6804,0.0,58.75,False
Ulsan,-0.1189,0.00028,-2.61,0.26066376633319577,0.0322,0.1467,0.21179,1.45,-0.1452408255263136,0.1167,-0.1189,0.00028,-2.61,True
Sendai,0.05,0.41912,1.1,-0.10964602451376233,0.0618,0.1848,0.39212,1.83,-0.18300383060518655,0.215,0.05,0.41912,1.1,False
Krasnoyarsk,-0.1283,0.01181,-2.81,0.2811235183979428,0.0505,-0.3709,0.01302,-3.67,0.3672673194933114,0.1467,-0.1283,0.01181,-2.81,False
Fuzhou,0.2234,0.04456,4.9,-0.48960083630550405,0.1106,-1.2321,0.00319,-12.2,1.219857599424219,0.4075,0.2234,0.04456,4.9,True
Guigang,0.184,0.01382,4.03,-0.40327490517776776,0.0742,-0.6489,0.01865,-6.42,0.642469296598108,0.2713,0.184,0.01382,4.03,True
Pekanbaru,0.0908,0.0044,1.99,-0.19891544050799714,0.0316,0.389,0.00124,3.85,-0.38510060990246353,0.1169,0.0908,0.0044,1.99,False
Oslo,0.0785,0.10285,1.72,-0.172070705673123,0.0479,-0.4811,0.01097,-4.76,0.476344064509559,0.1856,0.0785,0.10285,1.72,True
Jabalpur,0.3763,0.00635,8.25,-0.8248472867460889,0.1366,1.6226,0.00107,16.07,-1.6065074073035068,0.4813,0.3763,0.00635,8.25,False
Ilorin,1.0935,0.0,23.97,-2.3966806669286465,0.1289,2.9592,0.0,29.3,-2.9298362400573152,0.4239,1.0935,0.0,23.97,False
Aden,0.0018,0.91477,0.04,-0.0038581377186144403,0.0164,0.2321,4e-05,2.3,-0.22977056395160594,0.0543,0.0018,0.91477,0.04,False
Ciudad Nezahualcoyotl,-0.8774,0.0,-19.23,1.923103328662953,0.1042,-2.4499,0.0,-24.26,2.425547757024158,0.3631,-0.8774,0.0,-19.23,False
Hengyang,0.158,0.17024,3.46,-0.34626535889130733,0.1148,-1.2753,0.00302,-12.63,1.2626113069054694,0.4192,0.158,0.17024,3.46,True
Prayagraj,-0.0501,0.71456,-1.1,0.10971593220394153,0.1367,1.5299,0.00157,15.15,-1.514756171766782,0.4705,-0.0501,0.71456,-1.1,True
Visakhapatnam,0.0794,0.0,1.74,-0.17396764388338928,0.0159,0.4746,0.0,4.7,-0.4699212251853986,0.046,0.0794,0.0,1.74,False
Goyang-si,-0.066,0.09208,-1.45,0.14476052166579614,0.039,0.6391,0.0,6.33,-0.632767455793806,0.1261,-0.066,0.09208,-1.45,True
Yulin,0.1853,0.01767,4.06,-0.40607044979821966,0.0775,-0.4799,0.10964,-4.75,0.475099811410994,0.2972,0.1853,0.01767,4.06,True
Jodhpur,-1.8935,0.0,-41.5,4.150110461326177,0.1072,-2.6459,0.0,-26.2,2.6196649251251856,0.4544,-1.8935,0.0,-41.5,False
Gwalior,-0.2439,0.05562,-5.35,0.5345458058025123,0.1268,1.1912,0.01085,11.79,-1.179402135937652,0.4587,-0.2439,0.05562,-5.35,True
Jingzhou,0.3707,0.0,8.13,-0.8125237092992433,0.0639,0.1956,0.51719,1.94,-0.19368911191010021,0.301,0.3707,0.0,8.13,False
Gqeberha,0.2645,0.0,5.8,-0.5796433554797461,0.0203,0.1261,0.10863,1.25,-0.12489163754709653,0.0779,0.2645,0.0,5.8,False
Tbilisi,-0.7275,0.0,-15.94,1.5944967622333073,0.0653,-0.59,0.03761,-5.84,0.5841584030823435,0.2799,-0.7275,0.0,-15.94,False
Voronezh,-0.8268,0.0,-18.12,1.8120576162330542,0.1003,0.2493,0.52265,2.47,-0.246820308769057,0.3886,-0.8268,0.0,-18.12,True
Xinxiang,-1.8324,0.0,-40.16,4.016067738345563,0.1579,2.2778,2e-05,22.55,-2.255164017263518,0.5075,-1.8324,0.0,-40.16,True
Yichun,0.1989,0.09382,4.36,-0.435911704089241,0.1182,-1.2144,0.00668,-12.02,1.202303325162047,0.4382,0.1989,0.09382,4.36,True
Sokoto,1.7821,0.0,39.06,-3.905809637174621,0.0858,3.3226,0.0,32.9,-3.289580471709988,0.3577,1.7821,0.0,39.06,False
Jos,1.4136,0.0,30.98,-3.098292345803492,0.1277,2.9097,0.0,28.81,-2.880862480835021,0.4335,1.4136,0.0,30.98,False
Tangier,-0.1852,0.0,-4.06,0.40587982195603506,0.0206,-0.385,0.0,-3.81,0.38118091544678784,0.0514,-0.1852,0.0,-4.06,False
Teni,-0.1088,0.20697,-2.39,0.2385303704736747,0.086,0.7001,0.02459,6.93,-0.693181431224632,0.3067,-0.1088,0.20697,-2.39,True
Xianyang,-0.0437,0.2044,-0.96,0.09581659259851476,0.0344,0.4512,0.00014,4.47,-0.44672017537460407,0.1138,-0.0437,0.2044,-0.96,True
Mexicali,-0.2616,0.0,-5.73,0.5733136468180086,0.0258,-0.0592,0.55784,-0.59,0.05862867793377306,0.1007,-0.2616,0.0,-5.73,False
Pointe-Noire,0.914,0.0,20.03,-2.0033164168903204,0.079,1.0169,0.00111,10.07,-1.0067723252956542,0.3025,0.914,0.0,20.03,False
Maceió,0.0458,0.13222,1.0,-0.10036868412577099,0.0303,0.4733,0.00014,4.69,-0.4685730609354669,0.1196,0.0458,0.13222,1.0,False
Campinas,-0.5832,0.0,-12.78,1.2782538415822613,0.0938,-1.5396,7e-05,-15.24,1.5243546573915512,0.37,-0.5832,0.0,-12.78,False
Sanya,0.5552,0.0,12.17,-1.2168408001217077,0.1072,1.1653,0.00598,11.54,-1.1537027087778962,0.4147,0.5552,0.0,12.17,False
Rangpur,-1.4447,0.0,-31.66,3.1663531012612967,0.204,-1.0354,0.15523,-10.25,1.0251500375354095,0.7229,-1.4447,0.0,-31.66,False
Kirkuk,-1.1691,0.0,-25.62,2.5624298938905823,0.1189,-1.313,0.00195,-13.0,1.2999847791127506,0.4123,-1.1691,0.0,-25.62,False
Ashgabat,0.4055,0.0,8.89,-0.8887849497164991,0.0368,1.2063,0.0,11.94,-1.1942811634827837,0.1459,0.4055,0.0,8.89,False
Comilla,-0.2955,0.15928,-6.48,0.6475435750726046,0.2092,0.5728,0.42911,5.67,-0.5670879551895815,0.7214,-0.2955,0.15928,-6.48,True
Shaoguan,0.0839,0.36163,1.84,-0.1839658272869946,0.0918,-0.9508,0.01024,-9.41,0.941372796363234,0.3632,0.0839,0.36163,1.84,True
Howrah,-0.1599,0.32813,-3.5,0.350464912578289,0.1632,0.6662,0.2367,6.6,-0.6595862058293909,0.5596,-0.1599,0.32813,-3.5,True
Raipur,0.2681,0.09145,5.88,-0.5877050085598315,0.1582,1.6041,0.00402,15.88,-1.5881608536905634,0.5444,0.2681,0.09145,5.88,False
Changwon,-0.1065,0.02335,-2.33,0.23336207738174317,0.0466,0.376,0.02543,3.72,-0.3723049258651749,0.1657,-0.1065,0.02335,-2.33,True
Longyan,0.0853,0.35072,1.87,-0.18705146573198433,0.0913,-0.5993,0.09229,-5.93,0.5933406546595201,0.3525,0.0853,0.35072,1.87,True
Köln,-0.2657,0.0,-5.82,0.5823303510609115,0.0512,-0.2829,0.17921,-2.8,0.28007141469209296,0.2091,-0.2657,0.0,-5.82,False
Dublin,-0.1688,0.0,-3.7,0.3698964541066649,0.0306,-0.0276,0.80249,-0.27,0.027283764910778673,0.1099,-0.1688,0.0,-3.7,False
Tiruchirappalli,-0.2164,0.06884,-4.74,0.474200927908519,0.1184,1.5897,0.00011,15.74,-1.5738986660825798,0.3945,-0.2164,0.06884,-4.74,True
Yongzhou,0.2545,0.00341,5.58,-0.5578171019402961,0.086,-1.3036,0.0001,-12.91,1.290634780723458,0.3206,0.2545,0.00341,5.58,True
Brussels,-0.1709,0.00158,-3.75,0.37458533612999684,0.0535,-0.2191,0.28932,-2.17,0.2169739379074962,0.2057,-0.1709,0.00158,-3.75,False
Zamboanga,0.1498,0.0,3.28,-0.3282969249338566,0.0189,0.2715,0.00012,2.69,-0.2687592425987302,0.0677,0.1498,0.0,3.28,False
Ottawa,0.3367,0.0,7.38,-0.7378772122909544,0.058,0.1017,0.64986,1.01,-0.10069991040773565,0.2234,0.3367,0.0,7.38,False
Huzhou,0.3785,0.0,8.3,-0.829576759626133,0.0524,0.4114,0.09088,4.07,-0.40733852035430657,0.2409,0.3785,0.0,8.3,False
Volgograd,-0.3467,0.0,-7.6,0.7598065276178521,0.058,0.3599,0.06181,3.56,-0.3563339117083534,0.1905,-0.3467,0.0,-7.6,True
Khartoum North,0.2052,0.0,4.5,-0.44982524353963826,0.0218,0.2311,0.02089,2.29,-0.22885493264404608,0.0985,0.2052,0.0,4.5,False
Edmonton,-0.3005,0.0,-6.59,0.6586230781089748,0.0395,-1.052,0.0,-10.42,1.0415833200949536,0.1417,-0.3005,0.0,-6.59,False
Odesa,-0.1736,9e-05,-3.8,0.38044497402211985,0.0437,-0.033,0.81345,-0.33,0.032721393376083825,0.1397,-0.1736,9e-05,-3.8,False
Wuwei,-0.0846,7e-05,-1.85,0.18536953375245072,0.0209,0.0388,0.70452,0.38,-0.038423188101375745,0.102,-0.0846,7e-05,-1.85,True
Jacksonville,0.7755,0.0,17.0,-1.6997812055843222,0.0576,1.3244,0.0,13.11,-1.311280058620033,0.2444,0.7755,0.0,17.0,False
Arequipa,0.1138,8e-05,2.49,-0.2493688847017144,0.0282,-0.0667,0.52288,-0.66,0.06604951420571535,0.104,0.1138,8e-05,2.49,True
Fort Worth,-0.2421,0.00477,-5.31,0.5307134671165717,0.085,-0.99,0.00018,-9.8,0.9801436372506606,0.2547,-0.2421,0.00477,-5.31,False
Hanzhong,0.2854,0.0,6.26,-0.6256191505859682,0.0475,0.6823,0.00039,6.76,-0.6755753928167277,0.1859,0.2854,0.0,6.26,False
Hezhou,0.1358,0.10899,2.98,-0.2976588698244245,0.0844,-0.9901,0.00327,-9.8,0.9802627196157166,0.3284,0.1358,0.10899,2.98,True
Pest,-0.4685,0.0,-10.27,1.0268737254046,0.0556,-0.5819,0.00075,-5.76,0.576120414166979,0.1673,-0.4685,0.0,-10.27,False
Kota,0.0121,0.91881,0.26,-0.026474499639360962,0.1184,0.5691,0.18198,5.63,-0.5634056976313098,0.4233,0.0121,0.91881,0.26,False
Zhu Cheng City,-0.4074,0.0,-8.93,0.8928090521261078,0.0607,0.9971,3e-05,9.87,-0.9872102497041777,0.2256,-0.4074,0.0,-8.93,True
Shivaji Nagar,0.6182,0.0,13.55,-1.3550119389279351,0.1291,2.5294,0.0,25.04,-2.504276081207635,0.4537,0.6182,0.0,13.55,False
Dongying,-0.5393,0.0,-11.82,1.1819613176157442,0.0887,2.0596,0.0,20.39,-2.0392061812295115,0.309,-0.5393,0.0,-11.82,True
Luzhou,0.7136,0.0,15.64,-1.5639206251645934,0.0613,0.6356,0.01952,6.29,-0.6292882519509994,0.2677,0.7136,0.0,15.64,False
San Jose,-0.7984,0.0,-17.5,1.7497757919396444,0.1324,0.9056,0.05754,8.97,-0.8966249285250112,0.4712,-0.7984,0.0,-17.5,True
Sholapur,0.527,0.00025,11.55,-1.1549707390853374,0.1418,2.7252,0.0,26.98,-2.698163173986291,0.4812,0.527,0.00025,11.55,False
Marrakesh,-0.3969,0.0,-8.7,0.8699357211934329,0.036,-1.5947,0.0,-15.79,1.5789158054163084,0.0987,-0.3969,0.0,-8.7,False
Guatemala City,-0.3598,0.00737,-7.89,0.788584459756967,0.1331,-0.2942,0.48463,-2.91,0.2912559235763981,0.4193,-0.3598,0.00737,-7.89,False
Meizhou,0.0952,0.28025,2.09,-0.20867944536231406,0.088,-0.4666,0.18244,-4.62,0.4619341396746053,0.3475,0.0952,0.28025,2.09,True
Yueyang,0.4082,0.00014,8.95,-0.8947203027957552,0.1053,-0.8778,0.06017,-8.69,0.8690651111712145,0.4616,0.4082,0.00014,8.95,True
Laiwu,-0.9188,0.0,-20.14,2.0137620147888167,0.091,1.2641,0.00061,12.52,-1.2515809579974497,0.3567,-0.9188,0.0,-20.14,True
Benxi,-0.2171,0.00157,-4.76,0.4757931582669253,0.0678,1.9705,0.0,19.51,-1.9509311069348922,0.2089,-0.2171,0.00157,-4.76,True
Perm,-0.3925,0.0,-8.6,0.8602523156886406,0.0678,-1.7462,0.0,-17.29,1.728825511383323,0.2354,-0.3925,0.0,-8.6,False
Zaria,2.3201,0.0,50.85,-5.084916006311418,0.104,4.012,0.0,39.72,-3.9721843714391323,0.3996,2.3201,0.0,50.85,False
Kennedy,-0.0203,0.70453,-0.44,0.04447864308645738,0.0534,0.3176,0.09845,3.14,-0.31440687862243116,0.1903,-0.0203,0.70453,-0.44,True
Chiba,0.3753,0.0,8.23,-0.8226424970020652,0.0311,1.0304,0.0,10.2,-1.0201641697588308,0.1319,0.3753,0.0,8.23,False
Pingdingshan,-0.325,0.00012,-7.12,0.7123280110325025,0.0831,0.2273,0.40951,2.25,-0.2250559816009385,0.2744,-0.325,0.00012,-7.12,True
Ciudad Guayana,0.7751,8e-05,16.99,-1.6988838224692233,0.1937,3.2946,0.0,32.62,-3.2618951833397736,0.6256,0.7751,8e-05,16.99,False
Sargodha,-0.6116,0.0,-13.4,1.340356456573174,0.0587,-1.1823,1e-05,-11.71,1.1705685383025184,0.2546,-0.6116,0.0,-13.4,False
Austin,-0.2339,0.01343,-5.13,0.5126771308776729,0.0939,-1.2354,4e-05,-12.23,1.2231190333195512,0.2855,-0.2339,0.01343,-5.13,False
Managua,-0.1333,0.19875,-2.92,0.29214723081315275,0.1034,0.5376,0.14674,5.32,-0.5322878532600095,0.3675,-0.1333,0.19875,-2.92,True
Bengbu,-0.0883,0.01784,-1.93,0.19348914635259618,0.037,-0.0756,0.60966,-0.75,0.07486337626356736,0.1476,-0.0883,0.01784,-1.93,False
Salé,-0.3576,0.0,-7.84,0.7837033775803027,0.0461,-1.5122,0.0,-14.97,1.4972121072956446,0.1139,-0.3576,0.0,-7.84,False
Jerusalem,-0.2683,0.0,-5.88,0.5880339766493016,0.0262,0.2634,0.01297,2.61,-0.26075283242836184,0.1041,-0.2683,0.0,-5.88,True
Chandigarh,-6.6935,0.0,-146.7,14.670293696707635,0.1821,-5.6908,0.0,-56.34,5.6343267459962085,0.7414,-6.6935,0.0,-146.7,False
Dnipro,-1.3256,0.0,-29.05,2.90528375888927,0.0784,-1.9827,0.0,-19.63,1.9630197337597324,0.3009,-1.3256,0.0,-29.05,False
Cebu City,0.2918,0.0,6.39,-0.6394534833426815,0.0407,0.9923,0.0,9.82,-0.9824025116900031,0.1698,0.2918,0.0,6.39,False
Sanhe,-0.4242,0.0,-9.3,0.9297070321466566,0.0489,1.0174,0.0,10.07,-1.0073206437934508,0.1692,-0.4242,0.0,-9.3,True
Tiruppur,-0.0828,0.4358,-1.81,0.1813663184109017,0.106,1.306,0.00057,12.93,-1.2930112534594755,0.3668,-0.0828,0.4358,-1.81,True
Guwahati,-0.6024,0.00025,-13.2,1.3203519923758025,0.1619,0.0952,0.87079,0.94,-0.09424984177436418,0.5837,-0.6024,0.00025,-13.2,True
Xiangtan,0.2995,0.00534,6.56,-0.6564809575595715,0.1065,-1.2102,0.00438,-11.98,1.1982282133319981,0.4149,0.2995,0.00534,6.56,True
Linfen,-1.7069,0.0,-37.41,3.7409784449965904,0.1247,0.9104,0.02997,9.01,-0.9013344110407306,0.4133,-1.7069,0.0,-37.41,True
Victoria,0.1718,0.00086,3.77,-0.37663512751600964,0.0509,0.4066,0.0482,4.03,-0.4025820723583963,0.2032,0.1718,0.00086,3.77,False
Zhenjiang,0.027,0.45705,0.59,-0.05924532156872687,0.0363,0.1582,0.31659,1.57,-0.15664241521550154,0.1572,0.027,0.45705,0.59,False
Enugu,0.5492,0.00037,12.04,-1.2036961681936846,0.152,1.4264,0.01012,14.12,-1.4122175031974078,0.5439,0.5492,0.00037,12.04,False
Rosario,-0.4464,0.00105,-9.78,0.9783118958562148,0.1345,-4.6808,0.0,-46.34,4.634357105862616,0.3175,-0.4464,0.00105,-9.78,False
Sulţānah,-0.2864,0.0,-6.28,0.6277704285699554,0.0197,0.1608,0.0398,1.59,-0.15919030603637024,0.0772,-0.2864,0.0,-6.28,True
Huludao,-0.256,0.0,-5.61,0.5611730264339423,0.0484,1.2492,0.0,12.37,-1.2367823323359441,0.1568,-0.256,0.0,-5.61,True
Hubballi,0.3372,0.00875,7.39,-0.738949797942906,0.1275,2.2387,0.0,22.16,-2.2164710972965564,0.4462,0.3372,0.00875,7.39,False
Kitakyushu,0.173,2e-05,3.79,-0.3791089858038364,0.0399,0.407,0.00537,4.03,-0.4029546957645609,0.1429,0.173,2e-05,3.79,False
Taiz,0.1886,0.0,4.13,-0.41336408670497515,0.0255,0.3041,0.01402,3.01,-0.3011123941048734,0.1216,0.1886,0.0,4.13,False
Setagaya,0.5728,0.0,12.55,-1.2554123888447868,0.0424,1.5877,0.0,15.72,-1.5719846401550466,0.1807,0.5728,0.0,12.55,False
Kingston,0.2924,0.0,6.41,-0.6409195491207903,0.0202,0.2704,0.00089,2.68,-0.26767776038750674,0.0788,0.2924,0.0,6.41,False
Jing’an,0.3939,0.0,8.63,-0.8632082066249811,0.0532,0.6576,0.00162,6.51,-0.6510304514414433,0.2028,0.3939,0.0,8.63,False
Baoshan,0.0387,0.69833,0.85,-0.08488682178818399,0.0998,0.4075,0.24517,4.03,-0.4034440507033955,0.3485,0.0387,0.69833,0.85,False
Rui’an,0.3071,0.0,6.73,-0.6730662055150478,0.0328,0.2598,0.03872,2.57,-0.2572066599987307,0.124,0.3071,0.0,6.73,False
Chihuahua,-1.1983,0.0,-26.26,2.6262869261679334,0.0584,-3.0093,0.0,-29.79,2.9794108697278388,0.1973,-1.1983,0.0,-26.26,False
Nay Pyi Taw,-0.2442,0.16588,-5.35,0.5352941480266027,0.1757,0.4398,0.45873,4.35,-0.4354800761115636,0.5913,-0.2442,0.16588,-5.35,True
Eskişehir,-0.899,0.0,-19.7,1.9703493794339317,0.0915,-2.8862,0.0,-28.58,2.857539949641739,0.2972,-0.899,0.0,-19.7,False
Mysuru,0.1442,0.2327,3.16,-0.3160654695151719,0.1205,2.2097,0.0,21.88,-2.1878150748611427,0.4125,0.1442,0.2327,3.16,False
Trujillo,0.0841,0.00034,1.84,-0.18438342197695098,0.0231,-0.166,0.04816,-1.64,0.16430912126287986,0.0829,0.0841,0.00034,1.84,True
Salem,-0.0817,0.53792,-1.79,0.17895767023883408,0.1324,2.2328,0.0,22.11,-2.210594383029215,0.4383,-0.0817,0.53792,-1.79,True
São Luís,1.5707,0.0,34.43,-3.442601061433952,0.196,3.7717,0.0,37.34,-3.7342997526547625,0.7656,1.5707,0.0,34.43,False
Seongnam-si,-0.066,0.09208,-1.45,0.14476052166579614,0.039,0.6391,0.0,6.33,-0.632767455793806,0.1261,-0.066,0.09208,-1.45,True
Cartagena,0.11,0.16135,2.41,-0.24107166848984382,0.0783,0.6294,0.02112,6.23,-0.623174915609859,0.2686,0.11,0.16135,2.41,False
Antipolo,0.3033,0.0,6.65,-0.6647042960737849,0.0415,0.3367,0.04485,3.33,-0.333308983432042,0.1657,0.3033,0.0,6.65,False
Columbus,-0.0593,0.33861,-1.3,0.1299886336094703,0.0619,-0.7927,0.00019,-7.85,0.7847942420994733,0.2046,-0.0593,0.33861,-1.3,False
Sialkot,-1.5511,0.0,-34.0,3.399518890135978,0.091,-3.8148,0.0,-37.77,3.7769071254388358,0.3612,-1.5511,0.0,-34.0,False
Charlotte,0.3634,0.0,7.97,-0.7965523848809916,0.0736,-0.2013,0.40869,-1.99,0.19929262230574826,0.2426,0.3634,0.0,7.97,True
Laibin,0.1592,0.02652,3.49,-0.3489363625823705,0.0713,-0.771,0.00258,-7.63,0.7633566196563538,0.2492,0.1592,0.02652,3.49,True
Warri,0.6048,0.0,13.26,-1.3256003106946541,0.1289,1.5372,0.00179,15.22,-1.5219199630441467,0.4787,0.6048,0.0,13.26,False
Naples,-0.1218,0.01283,-2.67,0.2670293156536697,0.0486,-0.3455,0.04675,-3.42,0.3420417293485244,0.1715,-0.1218,0.01283,-2.67,False
Padang,0.0159,0.54776,0.35,-0.03486766942485873,0.0264,0.1255,0.1876,1.24,-0.12421981045501587,0.0945,0.0159,0.54776,0.35,False
Xiaogan,0.1293,0.08814,2.83,-0.2834317823005018,0.0755,-0.2537,0.44465,-2.51,0.2512222005711338,0.3306,0.1293,0.08814,2.83,True
Campo Grande,-0.1897,0.08218,-4.16,0.41573514377969084,0.1087,-3.2696,0.0,-32.37,3.237140039873343,0.3156,-0.1897,0.08218,-4.16,False
Ziyang,0.4584,0.0,10.05,-1.0046999958796297,0.0479,0.7209,0.00045,7.14,-0.71377274276271,0.1985,0.4584,0.0,10.05,False
Bobo-Dioulasso,0.8976,0.0,19.67,-1.967231395447479,0.0981,1.9216,0.0,19.02,-1.9024938072468625,0.3802,0.8976,0.0,19.67,False
Bahawalpur,-0.4939,0.0,-10.83,1.0825366466202664,0.0667,-0.1318,0.67787,-1.31,0.13052262520589894,0.3164,-0.4939,0.0,-10.83,False
Quzhou,0.4308,0.0,9.44,-0.9441476839878132,0.0838,-0.4613,0.16783,-4.57,0.4567647624001649,0.332,0.4308,0.0,9.44,True
Blantyre,0.1254,0.26606,2.75,-0.274892409088604,0.1125,0.1713,0.68942,1.7,-0.16960032747459777,0.4274,0.1254,0.26606,2.75,False
Donetsk,-0.8888,0.0,-19.48,1.9479248066372412,0.089,-0.5839,0.06922,-5.78,0.5780887267876178,0.3178,-0.8888,0.0,-19.48,False
Abū Ghurayb,-0.5819,0.0,-12.75,1.2753483712093734,0.0743,-0.8459,0.00307,-8.38,0.8375258256425252,0.2786,-0.5819,0.0,-12.75,False
Qom,-0.7897,0.0,-17.31,1.730749225937697,0.0611,-0.769,0.00187,-7.61,0.7613439296035313,0.2405,-0.7897,0.0,-17.31,False
Bishkek,-0.3982,0.0,-8.73,0.8726644521056867,0.0417,-0.6183,0.00018,-6.12,0.6121524758661634,0.1585,-0.3982,0.0,-8.73,False
Zaozhuang,-0.5554,0.0,-12.17,1.2173003941132483,0.0688,0.5173,0.07357,5.12,-0.5121461373613084,0.286,-0.5554,0.0,-12.17,True
Krasnodar,-0.5546,0.0,-12.16,1.2155572590053456,0.1071,-0.3486,0.43603,-3.45,0.34515979831482607,0.4457,-0.5546,0.0,-12.16,False
Natal,0.0498,0.00057,1.09,-0.10905328107558121,0.0142,0.3037,0.0,3.01,-0.300683146826005,0.0475,0.0498,0.00057,1.09,False
Pingxiang,0.1989,0.09382,4.36,-0.435911704089241,0.1182,-1.2144,0.00668,-12.02,1.202303325162047,0.4382,0.1989,0.09382,4.36,True
Cancún,0.9996,0.0,21.91,-2.1908080255775566,0.0655,1.4188,0.0,14.05,-1.4047073488237012,0.2573,0.9996,0.0,21.91,False
Indianapolis,-0.0321,0.59941,-0.7,0.07028937669399357,0.061,-0.7613,0.00017,-7.54,0.7537359467440508,0.1945,-0.0321,0.59941,-0.7,False
Gurugram,-8.4326,0.0,-184.82,18.48178913693908,0.2789,-2.3689,0.02108,-23.45,2.3453545211500457,1.0105,-8.4326,0.0,-184.82,False
Bhubaneswar,0.1367,0.39822,3.0,-0.2995057630316512,0.1615,1.3414,0.01481,13.28,-1.3280742431493868,0.5407,0.1367,0.39822,3.0,False
Zhoushan,0.4089,0.0,8.96,-0.8962862873366223,0.0786,0.5012,0.06301,4.96,-0.4962398036061625,0.2665,0.4089,0.0,8.96,False
Qiqihar,1.0251,0.0,22.47,-2.24672702907004,0.0763,1.4289,0.0,14.15,-1.414713858809908,0.2613,1.0251,0.0,22.47,False
Mulenvos,0.456,0.0,9.99,-0.9993477778218671,0.0587,1.0239,7e-05,10.14,-1.0137027309619018,0.2471,0.456,0.0,9.99,False
Sulaymaniyah,-1.0467,0.0,-22.94,2.294172147869105,0.1165,-1.2696,0.00301,-12.57,1.2570149256245227,0.4172,-1.0467,0.0,-22.94,False
Marseille,-0.1644,0.00172,-3.6,0.36036214100018515,0.0518,-0.5926,0.00196,-5.87,0.586682736217948,0.1862,-0.1644,0.00172,-3.6,False
Puning,0.364,0.0,7.98,-0.7977962708370676,0.0602,0.0714,0.78993,0.71,-0.07064436090554305,0.2671,0.364,0.0,7.98,False
Pikine,0.0778,0.0,1.71,-0.17055013988887388,0.0102,0.0773,0.03156,0.77,-0.07657397700543875,0.0355,0.0778,0.0,1.71,False
Bhiwandi,0.3283,0.00087,7.19,-0.7194763600318205,0.0973,1.4173,0.0001,14.03,-1.4032561757098834,0.35,0.3283,0.00087,7.19,False
Soshanguve,0.008,0.86265,0.18,-0.017557814773824395,0.0463,0.6374,0.00098,6.31,-0.6310661061109851,0.1875,0.008,0.86265,0.18,False
Teresina,0.6134,0.00161,13.44,-1.3443980951161527,0.1922,4.2818,0.0,42.39,-4.239293993713884,0.6069,0.6134,0.00161,13.44,False
Ankang,0.1512,0.00193,3.31,-0.3314577332572505,0.0482,0.5842,0.00164,5.78,-0.5784078969739369,0.1804,0.1512,0.00193,3.31,False
Jalandhar,-2.5629,0.0,-56.17,5.617081807067212,0.1203,-6.1073,0.0,-60.47,6.046716087917441,0.4179,-2.5629,0.0,-56.17,False
Rotterdam,-0.1998,3e-05,-4.38,0.43793167904815616,0.0471,-0.089,0.62703,-0.88,0.08814678374317618,0.1826,-0.1998,3e-05,-4.38,False
Langfang,-0.4868,0.0,-10.67,1.0668476486927092,0.0383,0.5703,3e-05,5.65,-0.5646363086077472,0.1307,-0.4868,0.0,-10.67,True
Viana,0.456,0.0,9.99,-0.9993477778218671,0.0587,1.0239,7e-05,10.14,-1.0137027309619018,0.2471,0.456,0.0,9.99,False
Jiaozuo,-2.0977,0.0,-45.98,4.597502663140181,0.1724,2.4451,1e-05,24.21,-2.4208608531702227,0.5247,-2.0977,0.0,-45.98,True
Rohini,-8.4326,0.0,-184.82,18.48178913693908,0.2789,-2.3689,0.02108,-23.45,2.3453545211500457,1.0105,-8.4326,0.0,-184.82,False
Wanxian,0.5813,0.0,12.74,-1.2741248098601976,0.0584,0.8416,0.0029,8.33,-0.8332627043917498,0.2755,0.5813,0.0,12.74,False
Guang’an,0.6836,0.0,14.98,-1.49819478900086,0.0583,0.8708,0.00152,8.62,-0.8621219254838076,0.2669,0.6836,0.0,14.98,False
Johor Bahru,0.0182,0.83456,0.4,-0.03981432326112512,0.0869,0.5856,0.06167,5.8,-0.5798292752294554,0.3098,0.0182,0.83456,0.4,False
Pasig City,0.3033,0.0,6.65,-0.6647042960737849,0.0415,0.3367,0.04485,3.33,-0.333308983432042,0.1657,0.3033,0.0,6.65,False
Cheongju-si,-0.2189,6e-05,-4.8,0.4797634702258428,0.0536,0.59,0.00518,5.84,-0.5841366779853782,0.2063,-0.2189,6e-05,-4.8,True
Kanayannur,0.0062,0.94653,0.14,-0.013631530986437197,0.0926,1.1315,0.00064,11.2,-1.120305700761921,0.3206,0.0062,0.94653,0.14,False
Tegucigalpa,-0.2014,0.026,-4.42,0.44150845291912905,0.0899,0.2957,0.35687,2.93,-0.2928023985013595,0.3195,-0.2014,0.026,-4.42,True
Bucheon-si,-0.066,0.09208,-1.45,0.14476052166579614,0.039,0.6391,0.0,6.33,-0.632767455793806,0.1261,-0.066,0.09208,-1.45,True
Thanh Hóa,0.0568,0.58034,1.25,-0.12450963455260597,0.1026,0.8413,0.02033,8.33,-0.8329371822743407,0.3567,0.0568,0.58034,1.25,False
Turin,-0.5834,0.0,-12.79,1.2786309214284188,0.0772,-1.5459,0.0,-15.31,1.5305967791216706,0.2765,-0.5834,0.0,-12.79,False
Malang,0.4229,0.0,9.27,-0.9268738789943954,0.0755,0.2774,0.32501,2.75,-0.274673600331355,0.2805,0.4229,0.0,9.27,False
Al Ain City,-0.2578,0.0,-5.65,0.5651324968102669,0.0209,-0.0105,0.8988,-0.1,0.010441462644648852,0.0827,-0.2578,0.0,-5.65,False
Libreville,0.3357,0.0,7.36,-0.7358478325092086,0.0516,0.8074,0.00019,7.99,-0.7993617282902301,0.2077,0.3357,0.0,7.36,False
Saratov,-0.177,0.02347,-3.88,0.3879280744847648,0.0776,0.508,0.08096,5.03,-0.5029122365125929,0.2881,-0.177,0.02347,-3.88,True
Ulan Bator,0.172,0.0,3.77,-0.37693469368483407,0.0266,0.7594,0.0,7.52,-0.7518207898177889,0.1043,0.172,0.0,3.77,False
Weihai,-0.1369,0.08403,-3.0,0.3000003179755936,0.0789,1.0586,0.00014,10.48,-1.0480455122165617,0.267,-0.1369,0.08403,-3.0,True
Takeo,-0.3629,0.06191,-7.95,0.7952952144049653,0.1934,1.3136,0.02463,13.01,-1.300558716089001,0.5755,-0.3629,0.06191,-7.95,True
Cochabamba,-0.188,0.00854,-4.12,0.41213205517191104,0.0709,-1.3577,0.0,-13.44,1.3441851279994035,0.2241,-0.188,0.00854,-4.12,False
Ahvaz,-0.3143,0.0,-6.89,0.688906215304303,0.0606,-0.1475,0.47954,-1.46,0.1460574609706077,0.2078,-0.3143,0.0,-6.89,False
Vientiane,-0.1179,0.42406,-2.58,0.25832317701683455,0.1472,1.1907,0.01645,11.79,-1.178848997875561,0.4878,-0.1179,0.42406,-2.58,True
Zhabei,0.3939,0.0,8.63,-0.8632082066249811,0.0532,0.6576,0.00162,6.51,-0.6510304514414433,0.2028,0.3939,0.0,8.63,False
Xinyu,0.254,0.02761,5.57,-0.5566028209972442,0.1146,-1.1708,0.00988,-11.59,1.1592162888372473,0.445,0.254,0.02761,5.57,True
Pietermaritzburg,0.3148,0.0,6.9,-0.6898974765666751,0.0356,0.9498,0.0,9.4,-0.9403685478252539,0.1401,0.3148,0.0,6.9,False
Yibin,0.572,0.0,12.54,-1.2536158416671728,0.0573,0.7861,0.00174,7.78,-0.7783329823927219,0.2441,0.572,0.0,12.54,False
Naucalpan de Juárez,-0.8774,0.0,-19.23,1.923103328662953,0.1042,-2.4499,0.0,-24.26,2.425547757024158,0.3631,-0.8774,0.0,-19.23,False
Kampung Baru Subang,0.2356,3e-05,5.16,-0.5163307221304783,0.0554,0.8591,4e-05,8.51,-0.850610893420068,0.2011,0.2356,3e-05,5.16,False
Bouaké,0.2847,0.00053,6.24,-0.6240649759391109,0.081,0.7706,0.01074,7.63,-0.7629937063351953,0.2963,0.2847,0.00053,6.24,False
Samarinda,0.211,3e-05,4.62,-0.4624798033860092,0.0494,0.4822,0.01022,4.77,-0.47738883875865096,0.1841,0.211,3e-05,4.62,False
Taicang,0.3939,0.0,8.63,-0.8632082066249811,0.0532,0.6576,0.00162,6.51,-0.6510304514414433,0.2028,0.3939,0.0,8.63,False
San Francisco,-0.3195,0.00125,-7.0,0.7001948634497716,0.0977,-0.6298,0.07676,-6.24,0.6235617870394505,0.3521,-0.3195,0.00125,-7.0,False
Sakai,0.1955,0.0,4.29,-0.4285319457933677,0.0272,0.3534,0.00157,3.5,-0.34992053844790805,0.1087,0.1955,0.0,4.29,False
Valencia,-0.1835,0.0,-4.02,0.40228913351924217,0.0369,-0.483,2e-05,-4.78,0.4782426419703902,0.1085,-0.1835,0.0,-4.02,False
Nova Iguaçu,0.1125,0.27436,2.47,-0.24663219559420474,0.1027,0.8094,0.02135,8.01,-0.8013190152416424,0.346,0.1125,0.27436,2.47,False
Jinshan,0.3785,0.0,8.3,-0.829576759626133,0.0524,0.4114,0.09088,4.07,-0.40733852035430657,0.2409,0.3785,0.0,8.3,False
Chenzhou,0.0762,0.46449,1.67,-0.1670252001331571,0.104,-1.2687,0.00133,-12.56,1.2561512493669065,0.3839,0.0762,0.46449,1.67,True
Duque de Caxias,0.1125,0.27436,2.47,-0.24663219559420474,0.1027,0.8094,0.02135,8.01,-0.8013190152416424,0.346,0.1125,0.27436,2.47,False
João Pessoa,-0.0864,0.08833,-1.89,0.1893640449546476,0.0505,0.9006,0.0,8.92,-0.8916355612734219,0.1742,-0.0864,0.08833,-1.89,True
Bukavu,1.203,0.0,26.37,-2.6365760866100416,0.0889,2.157,0.0,21.36,-2.135576794808728,0.3731,1.203,0.0,26.37,False
Barcelona,0.1865,0.12257,4.09,-0.40879085596236236,0.1204,0.9569,0.02105,9.47,-0.9474160769259882,0.4081,0.1865,0.12257,4.09,False
Bangui,0.2129,0.05131,4.67,-0.46661562532161033,0.1087,0.8533,0.02413,8.45,-0.8448557429903611,0.3725,0.2129,0.05131,4.67,False
Hermosillo,-0.2426,0.0,-5.32,0.5318146440016749,0.026,-0.3792,0.00055,-3.75,0.37545262449567257,0.1061,-0.2426,0.0,-5.32,False
Bhayandar,0.3283,0.00087,7.19,-0.7194763600318205,0.0973,1.4173,0.0001,14.03,-1.4032561757098834,0.35,0.3283,0.00087,7.19,False
Culiacán,-0.1557,0.00296,-3.41,0.3411527819616692,0.0518,-0.5729,0.0018,-5.67,0.5672488874308327,0.1785,-0.1557,0.00296,-3.41,False
Petaling Jaya,0.2356,3e-05,5.16,-0.5163307221304783,0.0554,0.8591,4e-05,8.51,-0.850610893420068,0.2011,0.2356,3e-05,5.16,False
Anqing,0.185,0.04753,4.06,-0.40556558071133997,0.0929,-0.6228,0.13023,-6.17,0.6165903712917506,0.4081,0.185,0.04753,4.06,True
Kraków,-0.4934,0.0,-10.81,1.0813675919547336,0.0593,-0.0943,0.64148,-0.93,0.09336755608997203,0.2019,-0.4934,0.0,-10.81,False
Oran,-0.3276,0.0,-7.18,0.717906023841211,0.0369,-0.9452,0.0,-9.36,0.9358561772960111,0.088,-0.3276,0.0,-7.18,False
Freetown,0.2052,0.0,4.5,-0.4497841533417447,0.0254,0.3103,0.00044,3.07,-0.3071829651516962,0.0853,0.2052,0.0,4.5,False
San Pedro Sula,-0.0108,0.63697,-0.24,0.02375991470108133,0.0229,-0.041,0.60066,-0.41,0.040601647773338696,0.0781,-0.0108,0.63697,-0.24,False
Narela,-8.4326,0.0,-184.82,18.48178913693908,0.2789,-2.3689,0.02108,-23.45,2.3453545211500457,1.0105,-8.4326,0.0,-184.82,False
Xingtai,-2.005,0.0,-43.94,4.3944624355133115,0.1233,2.0652,0.0,20.45,-2.04474784723929,0.3701,-2.005,0.0,-43.94,True
Niigata,-0.2258,0.0,-4.95,0.4949411085548691,0.0313,-0.4162,0.00084,-4.12,0.4120395154311257,0.1208,-0.2258,0.0,-4.95,False
Muscat,-0.1186,0.0,-2.6,0.2599898653393091,0.0155,0.2077,0.0007,2.06,-0.20562548906090766,0.0593,-0.1186,0.0,-2.6,True
Zarqa,-0.2683,0.0,-5.88,0.5880339766493016,0.0262,0.2634,0.01297,2.61,-0.26075283242836184,0.1041,-0.2683,0.0,-5.88,True
Çankaya,-0.6175,0.0,-13.53,1.3534597126008898,0.0833,-2.1996,0.0,-21.78,2.1777416663846587,0.2814,-0.6175,0.0,-13.53,False
Hamamatsu,0.1353,0.0,2.96,-0.29649189528180075,0.0193,0.2575,0.00243,2.55,-0.2549181461193952,0.0827,0.1353,0.0,2.96,False
Kolwezi,0.6004,6e-05,13.16,-1.315885984933433,0.1463,0.5986,0.26481,5.93,-0.592701627188034,0.5338,0.6004,6e-05,13.16,False
Vinh,0.1044,0.47093,2.29,-0.22887671012813726,0.1446,1.1917,0.02168,11.8,-1.1798240295282458,0.5107,0.1044,0.47093,2.29,False
Thiruvananthapuram,0.0371,0.01559,0.81,-0.081300749739452,0.0152,0.3255,0.0,3.22,-0.3222379679846599,0.0524,0.0371,0.01559,0.81,False
Zhaotong,0.4137,0.0,9.07,-0.9066387918825782,0.0714,0.3715,0.19493,3.68,-0.3678113120593017,0.2847,0.4137,0.0,9.07,False
Panzhihua,0.1709,0.01689,3.74,-0.3744819141906394,0.071,0.3991,0.1358,3.95,-0.39512585886977625,0.2654,0.1709,0.01689,3.74,False
Chuzhou,0.0669,0.14743,1.47,-0.14666005334324908,0.046,-0.0253,0.8991,-0.25,0.02504744483019913,0.199,0.0669,0.14743,1.47,True
Seattle,0.0478,0.65398,1.05,-0.1047866452867271,0.1065,-1.0623,0.00519,-10.52,1.0517830842956204,0.3715,0.0478,0.65398,1.05,True
Port Said,-0.1855,0.0,-4.07,0.4065279273152926,0.0363,0.3602,0.00506,3.57,-0.3566326198154865,0.1256,-0.1855,0.0,-4.07,True
Cúcuta,-0.2146,0.08881,-4.7,0.4702612380788138,0.1256,1.5072,0.00035,14.92,-1.492239193702867,0.4067,-0.2146,0.08881,-4.7,True
Homs,-0.4053,0.0,-8.88,0.8882289787199447,0.0498,-0.3894,0.03671,-3.86,0.38552031407340925,0.1839,-0.4053,0.0,-8.88,False
Xuancheng,0.2287,0.00179,5.01,-0.5012172248874802,0.0724,-0.234,0.47282,-2.32,0.23167464713436717,0.3247,0.2287,0.00179,5.01,True
Ibb,0.1886,0.0,4.13,-0.41336408670497515,0.0255,0.3041,0.01402,3.01,-0.3011123941048734,0.1216,0.1886,0.0,4.13,False
Nampula,0.0976,0.1955,2.14,-0.21395338077564427,0.0752,0.1819,0.52412,1.8,-0.18013685042979796,0.2846,0.0976,0.1955,2.14,False
Shangyu,0.4785,0.0,10.49,-1.0488099311100112,0.058,0.324,0.20796,3.21,-0.3207764259088686,0.2556,0.4785,0.0,10.49,False
Bujumbura,1.773,0.0,38.86,-3.8858410164136203,0.1151,3.2449,0.0,32.13,-3.212663535950534,0.4489,1.773,0.0,38.86,False
Tyumen,-0.4129,0.0,-9.05,0.9050553534290817,0.0716,-1.942,0.0,-19.23,1.9227370967172557,0.2291,-0.4129,0.0,-9.05,False
Erzurum,-0.4457,2e-05,-9.77,0.9768419782176782,0.1028,-0.781,0.04771,-7.73,0.7732835320941015,0.3895,-0.4457,2e-05,-9.77,False
Anshun,0.4477,0.0,9.81,-0.9813175692225542,0.071,-0.2598,0.32445,-2.57,0.2572398515171184,0.2624,0.4477,0.0,9.81,True
Dodoma,1.2375,0.0,27.12,-2.71229358412928,0.0912,2.8545,0.0,28.26,-2.826129736988109,0.3656,1.2375,0.0,27.12,False
Rajshahi,-0.8691,2e-05,-19.05,1.9048669230528106,0.2015,-0.5335,0.44597,-5.28,0.528242692024139,0.6972,-0.8691,2e-05,-19.05,False
Dera Ismail Khan,-0.2921,0.0,-6.4,0.6402930012055896,0.0429,-0.7912,1e-05,-7.83,0.7833740006454843,0.1698,-0.2921,0.0,-6.4,False
Wuzhou,0.1739,0.03453,3.81,-0.3810899624160534,0.0818,-0.6819,0.03777,-6.75,0.675132743501154,0.3238,0.1739,0.03453,3.81,True
Ipoh,0.0564,0.35821,1.24,-0.12352394532331556,0.0612,0.5164,0.01568,5.11,-0.5112658963923162,0.21,0.0564,0.35821,1.24,False
Qinhuangdao,0.0395,0.3578,0.86,-0.08649554197509214,0.0428,0.7283,0.0,7.21,-0.7210911738230665,0.1404,0.0395,0.3578,0.86,False
Benghazi,0.1609,1e-05,3.53,-0.3527139502661731,0.0349,0.9766,0.0,9.67,-0.9669335351027603,0.1217,0.1609,1e-05,3.53,False
Alīgarh,-4.64,0.0,-101.7,10.169504674826667,0.2176,-0.726,0.312,-7.19,0.7187832759055187,0.7144,-4.64,0.0,-101.7,False
Shaoyang,0.2545,0.00341,5.58,-0.5578171019402961,0.086,-1.3036,0.0001,-12.91,1.290634780723458,0.3206,0.2545,0.00341,5.58,True
Malatya,-0.8408,0.0,-18.43,1.842842375587742,0.1123,-1.8667,3e-05,-18.48,1.8481896958943504,0.4253,-0.8408,0.0,-18.43,False
