name,country,lat,lon,population,elev_m
Shanghai,CN,31.22222,121.45806,24874500,12
Beijing,CN,39.9075,116.39723,18960744,49
Shenzhen,CN,22.54554,114.0683,17494398,4
Guangzhou,CN,23.11667,113.25,16096724,15
Kinshasa,CD,-4.32758,15.31357,16000000,281
Istanbul,TR,41.01384,28.94966,15701602,39
Lagos,NG,6.45407,3.39467,15388000,11
Ho Chi Minh City,VN,10.82302,106.62965,14002598,7
Chengdu,CN,30.66667,104.06667,13568357,499
Lahore,PK,31.558,74.35071,13004135,216
Mumbai,IN,19.07283,72.88261,12691836,8
São Paulo,BR,-23.5475,-46.63611,12400232,769
Mexico City,MX,19.42847,-99.12766,12294193,2240
Karachi,PK,24.8608,67.0104,11624219,8
Tianjin,CN,39.14222,117.17667,11090314,11
Delhi,IN,28.65195,77.23149,11034555,227
Wuhan,CN,30.58333,114.26667,10392693,20
Moscow,RU,55.75204,37.61781,10381222,155
Dhaka,BD,23.7104,90.40744,10356500,23
Seoul,KR,37.566,126.9784,10349312,38
Tokyo,JP,35.6895,139.69171,9733276,44
Dongguan,CN,23.01797,113.74866,9644871,1
Cairo,EG,30.06263,31.24967,9606916,23
Xi’an,CN,34.25833,108.92861,9600000,416
Johannesburg,ZA,-26.20227,28.04363,9418183,1767
Nanjing,CN,32.06167,118.77778,9314685,22
Hangzhou,CN,30.29365,120.16142,9236032,12
Foshan,CN,23.02677,113.13148,9042509,5
London,GB,51.50853,-0.12574,8961989,25
New York City,US,40.71427,-74.00597,8804190,57
Jakarta,ID,-6.21462,106.84513,8540121,16
Bengaluru,IN,12.97194,77.59369,8495492,914
Hanoi,VN,21.0245,105.84117,8053663,10
Taipei,TW,25.05306,121.52639,7871900,5
Lima,PE,-12.04318,-77.02824,7737002,152
Bogotá,CO,4.60971,-74.08175,7674366,2582
Chongqing,CN,29.56026,106.55771,7457599,289
Hong Kong,HK,22.27832,114.17469,7396076,60
Baghdad,IQ,33.34058,44.40088,7216000,41
Wuzhong,CN,37.9867,106.201,7202654,1133
Qingdao,CN,36.06488,120.38042,7172451,16
Tehran,IR,35.69439,51.42151,7153309,1178
Shenyang,CN,41.79222,123.43278,7050000,53
Hyderabad,IN,17.38405,78.45636,6993262,515
Rio de Janeiro,BR,-22.90642,-43.18223,6747815,12
Suzhou,CN,31.30408,120.59538,6715559,10
Ahmedabad,IN,23.02579,72.58727,6357693,56
Abidjan,CI,5.35444,-4.00167,6321017,50
Pudong,CN,31.23995,121.50094,5681512,9
Singapore,SG,1.28967,103.85007,5638700,23
Sydney,AU,-33.86785,151.20732,5557233,58
Dar es Salaam,TZ,-6.82349,39.26951,5383728,24
Saint Petersburg,RU,59.93863,30.31413,5351935,11
Melbourne,AU,-37.814,144.96332,5350705,25
Alexandria,EG,31.20176,29.91582,5263542,9
Harbin,CN,45.75,126.65,5242897,140
Bangkok,TH,13.75398,100.50144,5104476,12
Hefei,CN,31.86389,117.28083,5050000,24
Dalian,CN,38.91222,121.60222,4913879,33
Kano,NG,12.00012,8.51672,4910000,484
Santiago,CL,-33.45694,-70.64827,4837295,556
Cape Town,ZA,-33.92584,18.42322,4772846,25
Peshawar,PK,34.008,71.57849,4758762,340
Changchun,CN,43.88,125.32278,4714996,206
Jeddah,SA,21.49012,39.18624,4697000,7
Chennai,IN,13.08784,80.27847,4681087,14
Kolkata,IN,22.56263,88.36304,4631392,11
Xiamen,CN,24.47979,118.08187,4617251,12
Surat,IN,21.19594,72.83023,4591246,20
Yangon,MM,16.80528,96.15611,4477638,30
Bao'an,CN,22.55213,113.88288,4476554,-9999
Kabul,AF,34.52813,69.17233,4434550,1798
Nairobi,KE,-1.28333,36.81667,4397073,1684
Wuxi,CN,31.56887,120.28857,4396835,10
Giza,EG,30.00944,31.20861,4367343,19
Jinan,CN,36.66833,116.99722,4335989,32
Taiyuan,CN,37.86944,112.56028,4303673,795
Zhengzhou,CN,34.75778,113.64861,4253913,104
Bamako,ML,12.60915,-7.97522,4227569,374
Riyadh,SA,24.68773,46.72185,4205961,612
New Taipei City,TW,25.06199,121.45703,4004367,4
New Territories,HK,22.42441,114.11095,3984077,231
Shijiazhuang,CN,38.04139,114.47861,3938513,77
Chattogram,BD,22.3384,91.83168,3920222,15
Addis Ababa,ET,9.02497,38.74689,3860000,2405
Kunming,CN,25.03889,102.71833,3855346,1895
Zhongshan,CN,22.52306,113.37912,3841873,9
Nanning,CN,22.81667,108.31667,3839800,91
Shantou,CN,23.35489,116.67876,3838900,3
Los Angeles,US,34.05223,-118.24368,3820914,96
Faisalabad,PK,31.41554,73.08969,3800193,186
Dubai,AE,25.07725,55.30927,3790000,24
Yokohama,JP,35.43333,139.65,3777491,21
Fuzhou,CN,26.06139,119.30611,3740000,14
Ningbo,CN,29.87819,121.54945,3731203,15
Casablanca,MA,33.58831,-7.61138,3665954,27
Ibadan,NG,7.37756,3.90591,3649000,181
Puyang,CN,29.45679,119.88872,3590000,76
Ankara,TR,39.91987,32.85427,3517182,874
Shiyan,CN,32.6475,110.77806,3460000,247
Berlin,DE,52.52437,13.41053,3426354,43
Tangshan,CN,39.64381,118.18319,3372102,7
Rawalpindi,PK,33.59733,73.0479,3357612,501
Lüliang,CN,37.5192,111.14436,3346500,959
Durban,ZA,-29.8579,31.0292,3338026,21
Changzhou,CN,31.77359,119.95401,3290918,9
Busan,KR,35.10168,129.03004,3285147,15
Madrid,ES,40.4165,-3.70256,3255944,665
Pyongyang,KP,39.03385,125.75432,3222000,43
Zibo,CN,36.79056,118.06333,3129228,51
Pune,IN,18.51957,73.85535,3124458,554
Bursa,TR,40.19559,29.06013,3101833,155
Changsha,CN,28.19874,112.97087,3093980,67
Quezon City,PH,14.6488,121.0509,3084270,49
Jaipur,IN,26.91962,75.78781,3046163,435
Guiyang,CN,26.58333,106.71667,3037159,1087
Ürümqi,CN,43.80096,87.60046,3029372,862
Incheon,KR,37.45646,126.70515,3015482,43
Lanzhou,CN,36.05701,103.83987,3000000,1521
Caracas,VE,10.48801,-66.87919,3000000,887
Kyiv,UA,50.45466,30.5238,2952301,187
İzmir,TR,38.41273,27.13838,2938292,122
Huizhou,CN,23.11147,114.41523,2900113,25
Buenos Aires,AR,-34.61315,-58.37723,2891082,31
Surabaya,ID,-7.24917,112.75083,2874314,8
Haikou,CN,20.03421,110.34651,2873358,9
Taichung,TW,24.1469,120.6839,2850285,91
Kanpur,IN,26.46523,80.34975,2823249,137
Toronto,CA,43.70643,-79.39864,2794356,161
Quito,EC,-0.22985,-78.52495,2781641,2854
Brisbane,AU,-27.46794,153.02809,2780063,27
Luanda,AO,-8.83682,13.23432,2776168,73
Osaka,JP,34.69379,135.50107,2753862,4
Linyi,CN,35.06306,118.34278,2743843,69
Baoding,CN,38.87288,115.46246,2739887,15
Kaohsiung,TW,22.61626,120.31333,2737660,9
Brooklyn,US,40.6501,-73.94958,2736074,18
Guayaquil,EC,-2.19616,-79.88621,2723665,14
Belo Horizonte,BR,-19.92083,-43.93778,2721564,872
Minhang,CN,31.10881,121.37471,2716600,12
Bazhong,CN,31.8694,106.74432,2712894,393
Salvador,BR,-12.97563,-38.49096,2711840,4
Abuja,NG,9.05785,7.49508,2690000,476
Gazipur,BD,23.99844,90.42234,2674697,12
Chicago,US,41.85003,-87.65005,2664452,180
Wenzhou,CN,27.99942,120.66682,2650000,10
Dakar,SN,14.6937,-17.44406,2646503,12
Haiphong,VN,20.86481,106.68345,2625200,12
Yunfu,CN,22.92787,112.03809,2612800,67
Navi Mumbai,IN,19.03681,73.01582,2600000,14
Mogadishu,SO,2.03711,45.34375,2587183,12
Bekasi,ID,-6.2349,106.9896,2564940,18
Kumasi,GH,6.68848,-1.62443,2544530,270
Gujranwala,PK,32.15567,74.18705,2511118,230
Huai'an,CN,33.58861,119.01917,2494013,14
Lucknow,IN,26.83928,80.92313,2472011,126
Bandung,ID,-6.92222,107.60694,2444160,714
Medan,ID,3.58333,98.66667,2435252,26
Ouagadougou,BF,12.36566,-1.53388,2415266,299
Nagpur,IN,21.14631,79.08491,2405665,319
Fortaleza,BR,-3.71722,-38.54306,2400000,18
Cali,CO,3.43054,-76.5199,2392877,758
Daegu,KR,35.87028,128.59111,2365523,45
Algiers,DZ,36.73225,3.08746,2364230,113
Nanchang,CN,28.68396,115.85306,2357839,20
Baku,AZ,40.37767,49.89201,2351300,-23
Hohhot,CN,40.81056,111.65222,2350000,1051
Nagoya,JP,35.18147,136.90641,2332176,23
Rome,IT,41.89193,12.51133,2318895,52
Queens,US,40.68149,-73.83652,2316841,13
Houston,US,29.76328,-95.36327,2314157,30
Perth,AU,-31.95224,115.8614,2309338,34
Mashhad,IR,36.29807,59.60567,2307177,980
Shaoxing,CN,30.00237,120.57864,2300000,21
Nantong,CN,32.03028,120.87472,2273326,6
Baoshan,CN,31.40845,121.48956,2265900,5
Kowloon,HK,22.31667,114.18333,2232339,92
Yantai,CN,37.47649,121.44081,2227733,22
Gaziantep,TR,37.05944,37.3825,2222415,842
Lubumbashi,CD,-11.66089,27.47938,2221925,1260
Manaus,BR,-3.10194,-60.025,2219580,20
Lusaka,ZM,-15.40669,28.28713,2212301,1277
Brasília,BR,-15.77972,-47.92972,2207718,1136
Zhuhai,CN,22.27694,113.56778,2207090,35
Santo Domingo,DO,18.47186,-69.89232,2201941,24
Lomé,TG,6.12874,1.22154,2188376,13
Multan,PK,30.19679,71.47824,2169915,126
Havana,CU,23.13302,-82.38304,2163824,41
Baotou,CN,40.6516,109.84389,2150000,1064
Depok,ID,-6.4,106.81861,2145400,92
Paris,FR,48.85341,2.3488,2138551,42
Coimbatore,IN,11.00555,76.96612,2136916,425
Qingyang,CN,35.70976,107.64455,2125400,1427
Port Harcourt,NG,4.77742,7.0134,2120000,16
Pretoria,ZA,-25.74486,28.18783,2112693,1332
Córdoba,AR,-31.40648,-64.18853,2106734,378
Mbuji-Mayi,CD,-6.13603,23.58979,2101332,621
Aleppo,SY,36.20124,37.16117,2098210,401
Kunshan,CN,31.37762,120.95431,2092496,10
Al Mawşil al Jadīdah,IQ,36.33271,43.10555,2065597,239
Weifang,CN,36.71,119.10194,2044028,30
Zunyi,CN,27.68667,106.90722,2037775,867
Al Başrah al Qadīmah,IQ,30.50316,47.81507,2015483,7
La Paz,BO,-16.5,-68.15,2004652,3782
Lianyungang,CN,34.59845,119.21556,2001009,1
Medellín,CO,6.245,-75.57151,1999979,1528
Indore,IN,22.71792,75.8333,1994397,550
Brazzaville,CG,-4.26613,15.28318,1982000,284
Tashkent,UZ,41.26465,69.21627,1978028,424
Ganzhou,CN,25.84664,114.9326,1977253,117
Almaty,KZ,43.25249,76.9115,1977011,783
Khartoum,SD,15.55177,32.53241,1974647,381
Hamburg,DE,53.55073,9.99302,1973896,9
Sapporo,JP,43.06667,141.35,1973832,26
Songjiang,CN,31.03443,121.22326,1973500,3
Accra,GH,5.55602,-0.1969,1963264,33
Curitiba,BR,-25.42778,-49.27306,1948626,924
Ordos,CN,39.6086,109.78157,1940653,1310
Sanaa,YE,15.35452,44.20646,1937451,2253
Conakry,GN,9.53795,-13.67729,1928389,13
Tijuana,MX,32.5027,-117.00371,1922523,97
Hyderabad,PK,25.39689,68.37718,1921275,14
Beirut,LB,33.89332,35.50157,1916100,40
Tangerang,ID,-6.17806,106.63,1912679,18
Jieyang,CN,23.5418,116.36581,1899394,7
Jilin,CN,43.84652,126.5608,1895865,188
Jiading,CN,31.38575,121.24465,1886100,9
Bucharest,RO,44.43225,26.10626,1877155,83
Camayenne,GN,9.535,-13.68778,1871242,6
Kakamega,KE,0.28422,34.75229,1867579,1563
Shangqiu,CN,34.4143,115.65613,1859723,52
Nanchong,CN,30.79508,106.08473,1858875,287
Tainan,TW,22.99083,120.21333,1856642,26
Datong,CN,40.09361,113.29139,1850000,1054
Kaduna,NG,10.52641,7.43879,1850000,626
Omdurman,SD,15.64453,32.47773,1849659,391
Davao,PH,7.07306,125.61278,1848947,13
Thāne,IN,19.19704,72.96355,1841488,23
Iztapalapa,MX,19.35529,-99.06224,1835486,2238
Diyarbakır,TR,37.91363,40.21721,1833684,674
Santa Cruz de la Sierra,BO,-17.78629,-63.18117,1831434,433
Vadodara,IN,22.29941,73.20812,1822221,46
Adana,TR,36.98615,35.32531,1816750,30
Nanyang,CN,33.00524,112.54659,1811812,126
Abu Dhabi,AE,24.45118,54.39696,1807000,6
Sharjah,AE,25.3342,55.41221,1800000,15
Bhopal,IN,23.25469,77.40289,1798218,523
Jiangmen,CN,22.58333,113.08333,1795459,11
Benin City,NG,6.33815,5.62575,1782000,88
Jiangyin,CN,31.91102,120.26302,1779515,7
Fuyang,CN,32.9,115.81667,1768947,31
Montréal,CA,45.50884,-73.58781,1762949,216
Bayan Nur,CN,40.74143,107.38599,1760000,1041
Maracaibo,VE,10.64232,-71.61089,1752602,-9999
Chaozhou,CN,23.65396,116.62262,1750945,23
Minsk,BY,53.90019,27.56653,1742124,222
Budapest,HU,47.49835,19.04045,1741041,104
Qingyuan,CN,23.7,113.03333,1738424,11
Tai’an,CN,36.18528,117.12,1735425,143
Rasapūdipalem,IN,17.73308,83.31622,1728128,45
Pimpri-Chinchwad,IN,18.61867,73.80375,1727692,568
Caloocan,PH,14.64953,120.96788,1712945,6
Warsaw,PL,52.22977,21.01178,1702139,113
Soweto,ZA,-26.26781,27.85849,1695047,1632
Puebla,MX,19.04778,-98.20723,1692181,2166
Vienna,AT,48.20849,16.37208,1691468,193
Barcelona,ES,41.38879,2.15899,1686208,47
Patna,IN,25.59408,85.13563,1684297,53
Mosul,IQ,36.335,43.11889,1683000,228
Kallakurichi,IN,11.73379,78.95925,1682687,124
Kampala,UG,0.31628,32.58219,1680600,1223
Xining,CN,36.62554,101.75739,1677177,2275
Changshu,CN,31.64615,120.74221,1677050,9
Palembang,ID,-2.91673,104.7458,1668848,5
Huainan,CN,32.62639,116.99694,1666826,47
Rabat,MA,34.01325,-6.83255,1655753,46
Semarang,ID,-6.99306,110.42083,1653524,18
Recife,BR,-8.05389,-34.88111,1653461,8
Phoenix,US,33.44838,-112.07404,1650070,366
Suzhou,CN,33.63611,116.97889,1647642,34
Ecatepec de Morelos,MX,19.60492,-99.06064,1645352,2306
Lu’an,CN,31.73561,116.51688,1644344,81
Valencia,VE,10.16153,-68.00044,1619470,547
Ludhiana,IN,30.91204,75.85379,1618879,256
Yancheng,CN,33.3575,120.1573,1615717,3
Novosibirsk,RU,55.02259,82.93175,1612833,113
Erbil,IQ,36.19117,44.00943,1612700,429
Fukuoka,JP,33.6,130.41667,1612392,3
Taizhou,CN,32.49069,119.90812,1607108,10
Daqing,CN,46.58333,125.0,1604027,146
Manila,PH,14.6042,120.9822,1600000,13
Wuhu,CN,31.35259,118.42947,1598165,9
Santiago de Querétaro,MX,20.58806,-100.38806,1594212,1826
Dazhou,CN,31.2106,107.46308,1589435,292
Yangzhou,CN,32.39722,119.43583,1584237,14
León de los Aldama,MX,21.12183,-101.68253,1579803,1803
Makkah,SA,21.42664,39.82563,1578722,333
Philadelphia,US,39.95238,-75.16362,1573916,8
Phnom Penh,KH,11.56245,104.91601,1573544,20
Guilin,CN,25.28022,110.29639,1572300,141
Damascus,SY,33.5102,36.29128,1569394,701
Quetta,PK,30.18414,67.00141,1565546,1683
Zhaoqing,CN,23.04893,112.46091,1553109,16
Onitsha,NG,6.14978,6.78569,1553000,57
Mianyang,CN,31.46784,104.68168,1550000,471
Auckland,NZ,-36.84853,174.76349,1547200,43
Isfahan,IR,32.65246,51.67462,1547164,1578
Wanzhou,CN,30.76451,108.39586,1545900,205
Harare,ZW,-17.82772,31.05337,1542813,1494
Monrovia,LR,6.30054,-10.7969,1542549,32
Putian,CN,25.43944,119.01028,1539389,23
Kawasaki,JP,35.52056,139.71722,1538262,1
Goiânia,BR,-16.67861,-49.25389,1536097,766
San Antonio,US,29.42412,-98.49363,1526656,202
Kobe,JP,34.6913,135.183,1525152,35
Stockholm,SE,59.32938,18.06871,1515017,17
Ciudad Juárez,MX,31.72024,-106.46084,1512450,1124
Cần Thơ,VN,10.03711,105.78825,1507187,3
Munich,DE,48.13743,11.57549,1505005,524
Khulna,BD,22.80979,89.56439,1500689,8
Belém,BR,-1.45583,-48.50444,1499641,15
Yekaterinburg,RU,56.85733,60.61529,1495066,278
Porto Alegre,BR,-30.03283,-51.23019,1488252,46
Yinchuan,CN,38.46806,106.27306,1487579,1117
Manhattan,US,40.78343,-73.96625,1487536,38
Nashik,IN,19.99727,73.79096,1486053,584
Taizhou,CN,28.66266,121.43312,1485502,15
Asunción,PY,-25.28646,-57.647,1482200,113
Yiwu,CN,29.31506,120.07676,1481384,84
Zapopan,MX,20.72111,-103.38742,1476491,1565
Adelaide,AU,-34.92866,138.59863,1469163,59
Quanzhou,CN,24.91389,118.58583,1469157,14
Madurai,IN,9.919,78.11953,1465625,139
Jinhua,CN,29.10678,119.64421,1463990,55
Kyoto,JP,35.02107,135.75385,1463723,50
Cixi,CN,30.1764,121.2457,1457510,11
Changde,CN,29.03205,111.69844,1457419,38
Kuala Lumpur,MY,3.1412,101.68653,1453975,56
Kayseri,TR,38.73222,35.48528,1452458,1054
Kaifeng,CN,34.7986,114.30742,1451741,76
Anshan,CN,41.12361,122.99,1450000,55
Karaj,IR,35.83266,50.99155,1448075,1341
Kathmandu,NP,27.70169,85.3206,1442271,1296
Daejeon,KR,36.34913,127.38493,1441203,58
Baoji,CN,34.36775,107.23705,1437802,567
Suqian,CN,33.94917,118.29583,1437685,23
Liuzhou,CN,24.32405,109.40698,1436599,102
Tirunelveli,IN,8.72742,77.6838,1435844,49
Konya,TR,37.87135,32.48464,1433861,1030
Zhangjiagang,CN,31.865,120.53889,1432044,13
Agra,IN,27.18333,78.01667,1430055,166
Tabriz,IR,38.08,46.2919,1424641,1396
Makassar,ID,-5.14861,119.43194,1423877,6
Kharkiv,UA,49.98177,36.25475,1421125,128
Jinjiang,CN,24.81978,118.57415,1416151,33
Faridabad,IN,28.41124,77.31316,1414050,209
Bozhou,CN,33.87722,115.77028,1409436,40
Qujing,CN,25.48333,103.78333,1408500,1887
South Tangerang,ID,-6.28862,106.71789,1404785,39
San Diego,US,32.71571,-117.16472,1404452,20
Gwangju,KR,35.15472,126.91556,1401235,47
Zhanjiang,CN,21.23391,110.38749,1400709,16
Fushun,CN,41.88669,123.94363,1400646,85
Rājkot,IN,22.29161,70.79322,1390640,140
Luoyang,CN,34.67345,112.43684,1390581,128
Guadalajara,MX,20.67738,-103.34749,1385629,1546
The Bronx,US,40.84985,-73.86641,1385108,19
Guankou,CN,28.15861,113.62709,1380000,79
Huế,VN,16.4619,107.59546,1380000,8
Milan,IT,45.46427,9.18951,1371498,127
Najafgarh,IN,28.60922,76.97982,1365000,215
N'Djamena,TD,12.10672,15.0444,1359526,299
Handan,CN,36.60999,114.48764,1358318,61
Bannu,PK,32.98527,70.60403,1357890,379
Yichang,CN,30.71444,111.28472,1350150,63
Antananarivo,MG,-18.91368,47.53613,1349501,1274
Heze,CN,35.23929,115.47358,1346717,53
Abobo,CI,5.41613,-4.0159,1340083,105
Jamshedpur,IN,22.80278,86.18545,1339438,171
Douala,CM,4.04827,9.70428,1338082,19
Antalya,TR,36.90812,30.69556,1335002,61
Basrah,IQ,30.50852,47.7804,1326564,4
Dallas,US,32.78306,-96.80667,1326087,139
Saitama,JP,35.90807,139.65657,1324854,16
Gorakhpur,IN,29.44768,75.67206,1324570,218
Niamey,NE,13.51366,2.1098,1323691,206
Liupanshui,CN,26.59444,104.83333,1320825,1799
Taguig,PH,14.5243,121.0792,1308085,5
Maoming,CN,21.66625,110.91364,1307802,31
Calgary,CA,51.05011,-114.08529,1306784,1042
Tripoli,LY,32.88743,13.18733,1302947,15
Callao,PE,-12.05162,-77.13452,1300000,5
Madinah,SA,24.46861,39.61417,1300000,603
Yaoundé,CM,3.86667,11.51667,1299369,726
Qinzhou,CN,21.98247,108.65061,1296300,12
Luohe,CN,33.57424,114.03261,1294974,67
Xiangyang,CN,32.0422,112.14479,1294733,71
Yangjiang,CN,21.85563,111.96272,1292987,15
Yixing,CN,31.36059,119.82016,1285785,8
Pimpri,IN,18.62292,73.80696,1284606,571
Da Nang,VN,16.06778,108.22083,1276000,11
Amman,JO,31.95522,35.94503,1275857,757
Budta,PH,7.20417,124.43972,1273715,4
Belgrade,RS,44.80401,20.46513,1273651,120
Biên Hòa,VN,10.94469,106.82432,1272235,6
Qingpu,CN,31.15394,121.11408,1271424,6
Montevideo,UY,-34.90328,-56.18816,1270737,34
Xuchang,CN,34.03189,113.86299,1265536,71
Kalyān,IN,19.2437,73.13554,1262255,10
Zigong,CN,29.34162,104.77689,1262064,306
Nizhniy Novgorod,RU,56.32867,44.00205,1259013,141
Jepara,ID,-6.5924,110.671,1257912,5
Maputo,MZ,-25.96553,32.58322,1254837,70
Xuzhou,CN,34.20442,117.28386,1253991,35
Dammam,SA,26.43442,50.10326,1252523,10
Ra’s Bayrūt,LB,33.9,35.48333,1251739,35
Neijiang,CN,29.58354,105.06216,1251095,349
Shiraz,IR,29.61031,52.53113,1249942,1545
Heshan,CN,28.56938,112.34733,1249807,73
Dombivali,IN,19.21667,73.08333,1247327,11
Kananga,CD,-5.89624,22.41659,1247168,643
Kazan,RU,55.78874,49.12214,1243500,61
Jining,CN,35.405,116.58139,1241012,43
Barquisimeto,VE,10.0647,-69.35703,1240714,606
Shubrā al Khaymah,EG,30.12511,31.25053,1240289,26
Putuo,CN,31.251,121.3897,1239100,10
Port-au-Prince,HT,18.54349,-72.33881,1234742,27
Suwon,KR,37.29111,127.00889,1234582,58
Xinyang,CN,32.12278,114.06556,1230042,89
Liaocheng,CN,36.45064,116.00247,1229768,32
Jinzhong,CN,37.68403,112.75471,1226617,821
Meerut,IN,28.98002,77.70636,1223184,228
Virār,IN,19.45591,72.81136,1222390,9
Nowrangapur,IN,19.23114,82.54826,1220946,578
Karbala,IQ,32.61603,44.02488,1218732,32
Changzhi,CN,36.18389,113.10528,1214940,937
Tianshui,CN,34.57952,105.74238,1212791,1153
Sadr City,IQ,33.3889,44.4583,1211849,39
Yangpu,CN,31.26193,121.51904,1210800,9
Mombasa,KE,-4.05466,39.66359,1208333,20
Mandalay,MM,21.97473,96.08359,1208099,83
Srinagar,IN,34.08565,74.80555,1206419,1589
Barranquilla,CO,10.96854,-74.78132,1206319,24
Chelyabinsk,RU,55.1611,61.42877,1202371,232
Mérida,MX,20.967,-89.62318,1201000,10
Hiroshima,JP,34.4,132.45,1200754,16
Santiago de los Caballeros,DO,19.45036,-70.69085,1200000,209
Shymkent,KZ,42.30988,69.60042,1200000,520
Weinan,CN,34.50355,109.50891,1199290,354
Ghāziābād,IN,28.66535,77.43915,1199191,214
Matola,MZ,-25.96222,32.45889,1198988,42
Dhanbad,IN,23.79759,86.42992,1196214,247
Hong Kong Island,HK,22.26302,114.18419,1195529,170
Fes,MA,34.03313,-5.00028,1191905,406
Gustavo Adolfo Madero,MX,19.49392,-99.11075,1185772,2284
Nouakchott,MR,18.08581,-15.9785,1184530,10
Kisangani,CD,0.51528,25.19099,1181788,400
Jiaxing,CN,30.7522,120.75,1180000,8
Aurangabad,IN,19.87757,75.34226,1175116,588
Zhongwei,CN,37.51129,105.19067,1174600,1227
Omsk,RU,54.99244,73.36859,1172070,90
Guarulhos,BR,-23.46278,-46.53333,1169577,774
Panjin,CN,41.121,122.0739,1166481,7
Bandar Lampung,ID,-5.42917,105.26111,1166066,95
Prague,CZ,50.08804,14.42076,1165581,202
Varanasi,IN,25.31668,83.01041,1164404,86
Batam,ID,1.14937,104.02491,1164352,38
Jiujiang,CN,29.70475,116.00206,1164268,41
Samara,RU,53.20767,50.13553,1163399,107
Aba,NG,5.10658,7.36667,1160000,64
Amritsar,IN,31.62234,74.87534,1159227,244
Birmingham,GB,52.48142,-1.89983,1157603,149
Copenhagen,DK,55.67594,12.56553,1153615,14
Sofia,BG,42.69751,23.32415,1152556,562
Anyang,CN,36.096,114.38278,1146839,70
Yerevan,AM,40.17765,44.5126,1144700,1002
Luohu District,CN,22.54721,114.13149,1143801,2
Vijayawada,IN,16.50745,80.6466,1143232,47
Fengxiang,CN,30.85841,121.46779,1140872,5
Bijie,CN,27.30193,105.28627,1137383,1471
Monterrey,MX,25.68435,-100.31721,1135512,560
Kigali,RW,-1.94995,30.05885,1132686,1542
Rostov-on-Don,RU,47.21997,39.70769,1130305,54
Zhuzhou,CN,27.83333,113.15,1129687,54
Bogor,ID,-6.59444,106.78917,1127408,245
Malingao,PH,7.16083,124.475,1121974,5
Touba,SN,14.86229,-15.87532,1120824,47
Ufa,RU,54.74306,55.96779,1120547,158
Ranchi,IN,23.34316,85.3094,1120374,643
Shangrao,CN,28.45179,117.94287,1116486,84
Lilongwe,MW,-13.96692,33.78725,1115815,1056
Huaibei,CN,33.97444,116.79167,1113321,51
Maiduguri,NG,11.84692,13.15712,1110000,325
Xuhui,CN,31.19594,121.44709,1109800,11
Meishan,CN,30.04392,103.83696,1107742,423
Mwanza,TZ,-2.51667,32.9,1104521,1144
Ulsan,KR,35.53722,129.31667,1098421,10
Sendai,JP,38.26667,140.86667,1096704,53
Krasnoyarsk,RU,56.03742,92.93136,1090811,182
Fuzhou,CN,27.95999,116.33333,1089888,53
Guigang,CN,23.11603,109.59472,1086327,40
Pekanbaru,ID,0.51667,101.44167,1085000,19
Oslo,NO,59.91273,10.74609,1082575,26
Jabalpur,IN,23.16697,79.95006,1081677,416
Ilorin,NG,8.49664,4.54214,1080000,320
Aden,YE,12.77957,45.03852,1079670,7
Ciudad Nezahualcoyotl,MX,19.40061,-99.01483,1077208,2235
Hengyang,CN,26.88946,112.61888,1075516,66
Prayagraj,IN,25.44478,81.84322,1073438,99
Visakhapatnam,IN,17.68009,83.20161,1063178,24
Goyang-si,KR,37.65639,126.835,1061752,19
Yulin,CN,22.6305,110.14686,1056743,87
Jodhpur,IN,26.26841,73.00594,1056191,237
Gwalior,IN,26.22983,78.17337,1054420,220
Jingzhou,CN,30.35028,112.19028,1052282,39
Gqeberha,ZA,-33.96109,25.61494,1050078,61
Tbilisi,GE,41.69143,44.83412,1049498,433
Voronezh,RU,51.66833,39.19204,1047549,148
Xinxiang,CN,35.19033,113.80151,1047088,82
Yichun,CN,27.83333,114.4,1045952,99
Sokoto,NG,13.06269,5.24322,1040000,296
Jos,NG,9.92849,8.89212,1040000,1186
Tangier,MA,35.76727,-5.79975,1035141,20
Teni,IN,10.01115,77.47772,1034724,300
Xianyang,CN,34.33778,108.70261,1034081,387
Mexicali,MX,32.62781,-115.45446,1032686,4
Pointe-Noire,CG,-4.77609,11.86352,1032000,12
Maceió,BR,-9.66583,-35.73528,1031597,11
Campinas,BR,-22.90556,-47.06083,1031554,686
Sanya,CN,18.25435,109.50947,1031396,1
Rangpur,BD,25.74664,89.25166,1031388,36
Kirkuk,IQ,35.46806,44.39222,1031000,346
Ashgabat,TM,37.95,58.38333,1030063,219
Comilla,BD,23.46186,91.18503,1030000,17
Shaoguan,CN,24.8,113.58333,1028460,69
Howrah,IN,22.57688,88.31857,1027672,8
Raipur,IN,21.23333,81.63333,1027264,296
Changwon,KR,35.22806,128.68111,1025702,27
Longyan,CN,25.07485,117.01775,1025087,318
Köln,DE,50.93333,6.95,1024621,58
Dublin,IE,53.33306,-6.24889,1024027,17
Tiruchirappalli,IN,10.8155,78.69651,1022518,79
Yongzhou,CN,26.42389,111.61306,1020715,101
Brussels,BE,50.85045,4.34878,1019022,28
Zamboanga,PH,6.91028,122.07389,1018849,9
Ottawa,CA,45.41117,-75.69812,1017449,71
Huzhou,CN,30.8703,120.0933,1015937,6
Volgograd,RU,48.71378,44.4976,1013533,42
Khartoum North,SD,15.64925,32.53458,1012211,381
Edmonton,CA,53.55014,-113.46871,1010899,610
Odesa,UA,46.48572,30.74383,1010537,34
Wuwei,CN,37.92672,102.63202,1010295,1542
Jacksonville,US,30.33218,-81.65565,1009833,12
Arequipa,PE,-16.39899,-71.53747,1008290,2397
Fort Worth,US,32.72541,-97.32085,1008106,203
Hanzhong,CN,33.07507,107.02214,1006557,517
Hezhou,CN,24.40357,111.56675,1005490,106
Pest,HU,47.5,19.08333,1001748,113
Kota,IN,25.18254,75.83907,1001694,267
Zhu Cheng City,CN,35.99502,119.40259,1000000,67
Shivaji Nagar,IN,18.53017,73.85263,1000000,559
Dongying,CN,37.46271,118.49165,998968,6
Luzhou,CN,28.8903,105.42575,998900,256
San Jose,US,37.33939,-121.89496,997368,23
Sholapur,IN,17.67152,75.91044,997281,473
Marrakesh,MA,31.63416,-7.99994,995871,457
Guatemala City,GT,14.64072,-90.51327,994938,1508
Meizhou,CN,24.28859,116.11768,992351,84
Yueyang,CN,29.37455,113.09481,991465,43
Laiwu,CN,36.19278,117.65694,989535,182
Benxi,CN,41.28861,123.765,987717,212
Perm,RU,58.01046,56.25017,982419,149
Zaria,NG,11.11128,7.7227,980000,644
Kennedy,CO,4.6165,-74.14597,979914,2556
Chiba,JP,35.6,140.11667,979768,5
Pingdingshan,CN,33.73091,113.31554,979130,82
Ciudad Guayana,VE,8.35122,-62.64102,978202,103
Sargodha,PK,32.08586,72.67418,975886,187
Austin,US,30.26715,-97.74306,974447,165
Managua,NI,12.13282,-86.2504,973087,108
Bengbu,CN,32.94083,117.36083,972784,31
Salé,MA,34.0531,-6.79846,972299,34
Jerusalem,IL,31.76904,35.21633,971800,786
Chandigarh,IN,30.73629,76.7884,970602,351
Dnipro,UA,48.46664,35.04066,968502,61
Cebu City,PH,10.31672,123.89071,965332,37
Sanhe,CN,39.98049,117.06887,965075,24
Tiruppur,IN,11.11541,77.35456,963173,305
Guwahati,IN,26.1844,91.7458,962334,59
Xiangtan,CN,27.85,112.9,959303,31
Linfen,CN,36.08889,111.51889,959198,451
Victoria,HK,22.2875,114.14417,956800,31
Zhenjiang,CN,32.21086,119.45508,950516,26
Enugu,NG,6.44132,7.49883,950000,192
Rosario,AR,-32.94682,-60.63932,948312,38
Sulţānah,SA,24.49258,39.58572,946697,597
Huludao,CN,40.75243,120.83552,944495,17
Hubballi,IN,15.34776,75.13378,943788,620
Kitakyushu,JP,33.85181,130.85034,940978,57
Taiz,YE,13.57952,44.02091,940600,1316
Setagaya,JP,35.64188,139.64715,940071,44
Kingston,JM,17.99702,-76.79358,937700,65
Jing’an,CN,31.22,121.41583,936500,32
Baoshan,CN,25.11626,99.16366,935618,1680
Rui’an,CN,27.77605,120.65859,927383,4
Chihuahua,MX,28.63528,-106.08889,925762,1437
Nay Pyi Taw,MM,19.745,96.12972,925000,122
Eskişehir,TR,39.77667,30.52056,921630,794
Mysuru,IN,12.29791,76.63925,920550,757
Trujillo,PE,-8.11599,-79.02998,919899,31
Salem,IN,11.65376,78.15538,917414,283
São Luís,BR,-2.52972,-44.30278,917237,29
Seongnam-si,KR,37.43861,127.13778,914832,80
Cartagena,CO,10.39817,-75.49328,914552,20
Antipolo,PH,14.62578,121.12251,913712,23
Columbus,US,39.96118,-82.99879,913175,242
Sialkot,PK,32.49268,74.53134,911817,250
Charlotte,US,35.22709,-80.84313,911311,272
Laibin,CN,23.74743,109.22222,910282,72
Warri,NG,5.51737,5.75006,910000,6
Naples,IT,40.85216,14.26811,909048,14
Padang,ID,-0.94924,100.35427,909040,6
Xiaogan,CN,30.92689,113.92221,908266,35
Campo Grande,BR,-20.44278,-54.64639,906092,592
Ziyang,CN,30.12108,104.64811,905729,365
Bobo-Dioulasso,BF,11.18064,-4.29489,904920,453
Bahawalpur,PK,29.39779,71.6752,903795,121
Quzhou,CN,28.95944,118.86861,902767,77
Blantyre,MW,-15.78499,35.00854,902588,1041
Donetsk,UA,48.023,37.80224,901645,223
Abū Ghurayb,IQ,33.30563,44.18477,900000,42
Qom,IR,34.6401,50.8764,900000,935
Bishkek,KG,42.87,74.59,900000,767
Zaozhuang,CN,34.86472,117.55417,899753,79
Krasnodar,RU,45.04534,38.98178,899541,36
Natal,BR,-5.795,-35.20944,896708,32
Pingxiang,CN,27.61672,113.85353,893550,167
Cancún,MX,21.17429,-86.84656,888797,11
Indianapolis,US,39.76838,-86.15804,887642,248
Gurugram,IN,28.4601,77.02635,886519,228
Bhubaneswar,IN,20.27241,85.83385,885363,62
Zhoushan,CN,29.98869,122.20488,882932,2
Qiqihar,CN,47.33922,123.96154,882364,146
Mulenvos,AO,-8.86695,13.3344,882014,88
Sulaymaniyah,IQ,35.56496,45.4329,878146,847
Marseille,FR,43.29695,5.38107,877215,28
Puning,CN,23.31072,116.16869,874954,12
Pikine,SN,14.76457,-17.39071,874062,17
Bhiwandi,IN,19.30023,73.05881,874032,9
Soshanguve,ZA,-25.47288,28.09919,872309,1179
Teresina,BR,-5.08917,-42.80194,871126,87
Ankang,CN,32.68,109.01722,870126,273
Jalandhar,IN,31.32556,75.57917,868929,243
Rotterdam,NL,51.9225,4.47917,868135,9
Langfang,CN,39.52079,116.71471,868066,19
Viana,AO,-8.90553,13.37499,865863,128
Jiaozuo,CN,35.23925,113.23914,865413,90
Rohini,IN,28.74322,77.06778,860000,216
Wanxian,CN,30.81601,108.37407,859662,232
Guang’an,CN,30.47413,106.63696,858159,244
Johor Bahru,MY,1.4655,103.7578,858118,32
Pasig City,PH,14.58691,121.0614,853050,63
Cheongju-si,KR,36.63722,127.48972,852147,49
Kanayannur,IN,9.96667,76.26667,851406,1
Tegucigalpa,HN,14.0818,-87.20681,850848,944
Bucheon-si,KR,37.49889,126.78306,850731,14
Thanh Hóa,VN,19.8,105.76667,850000,5
Turin,IT,45.07049,7.68682,847287,245
Malang,ID,-7.9797,112.6304,847182,452
Al Ain City,AE,24.19167,55.76056,846747,275
Libreville,GA,0.39241,9.45356,846090,8
Saratov,RU,51.54048,45.9901,844858,80
Ulan Bator,MN,47.90771,106.88324,844818,1284
Weihai,CN,37.50914,122.11356,844310,14
Takeo,KH,10.99081,104.78498,843931,12
Cochabamba,BO,-17.38195,-66.15995,841276,2537
Ahvaz,IR,31.31901,48.6842,841145,23
Vientiane,LA,17.96667,102.6,840940,174
Zhabei,CN,31.25861,121.45972,840000,10
Xinyu,CN,27.80429,114.93335,839488,68
Pietermaritzburg,ZA,-29.61679,30.39278,839327,636
Yibin,CN,28.7593,104.63994,836340,323
Naucalpan de Juárez,MX,19.47851,-99.23963,834434,2300
Kampung Baru Subang,MY,3.15,101.53333,833571,27
Bouaké,CI,7.69385,-5.03031,832371,339
Samarinda,ID,-0.49167,117.14583,831460,24
Taicang,CN,31.44778,121.09389,831113,4
San Francisco,US,37.77493,-122.41942,827526,28
Sakai,JP,34.58216,135.46653,826161,2
Valencia,ES,39.47391,-0.37966,824340,10
Nova Iguaçu,BR,-22.75917,-43.45111,823302,36
Jinshan,CN,30.83556,121.29373,822776,7
Chenzhou,CN,25.8,113.03333,822534,180
Duque de Caxias,BR,-22.78556,-43.31167,818329,15
João Pessoa,BR,-7.115,-34.86306,817511,45
Bukavu,CD,-2.49077,28.84281,816811,1631
Barcelona,VE,10.1384,-64.68769,815141,3
Bangui,CF,4.36122,18.55496,812407,351
Hermosillo,MX,29.08874,-110.96677,812229,202
Bhayandar,IN,19.30157,72.85107,809378,9
Culiacán,MX,24.80209,-107.39421,808416,47
Petaling Jaya,MY,3.10726,101.60671,807879,45
Anqing,CN,30.51365,117.04723,804493,19
Kraków,PL,50.06143,19.93658,804237,219
Oran,DZ,35.69906,-0.63588,803329,118
Freetown,SL,8.48714,-13.2356,802639,38
San Pedro Sula,HN,15.50585,-88.02588,801259,90
Narela,IN,28.85267,77.09288,800000,219
Xingtai,CN,37.06217,114.49272,798770,71
Niigata,JP,37.92259,139.04125,797591,1
Muscat,OM,23.58413,58.40778,797000,14
Zarqa,JO,32.07275,36.08796,792665,625
Çankaya,TR,39.9179,32.86268,792189,889
Hamamatsu,JP,34.7,137.73333,791707,3
Kolwezi,CD,-10.71484,25.46674,790248,1485
Vinh,VN,18.67337,105.69232,790000,12
Thiruvananthapuram,IN,8.4855,76.94924,788271,18
Zhaotong,CN,27.31667,103.71667,787845,1974
Panzhihua,CN,26.58509,101.71276,787177,1101
Chuzhou,CN,32.32194,118.29778,782671,24
Seattle,US,47.60621,-122.33207,780995,56
Port Said,EG,31.26531,32.3019,780515,16
Cúcuta,CO,7.90745,-72.5049,777106,298
Homs,SY,34.72405,36.72559,775404,508
Xuancheng,CN,30.9525,118.75528,774332,25
Ibb,YE,13.96667,44.18333,771514,1931
Nampula,MZ,-15.11646,39.2666,770379,431
Shangyu,CN,30.01556,120.87111,770000,13
Bujumbura,BI,-3.38193,29.36142,769317,807
Tyumen,RU,57.15222,65.52722,768358,81
Erzurum,TR,39.90861,41.27694,767848,1914
Anshun,CN,26.25,105.93333,765313,1374
Dodoma,TZ,-6.17221,35.73947,765179,1125
Rajshahi,BD,24.374,88.60114,763580,23
Dera Ismail Khan,PK,31.83129,70.9017,763195,177
Wuzhou,CN,23.48054,111.28848,761948,51
Ipoh,MY,4.5841,101.0829,759952,45
Qinhuangdao,CN,39.94104,119.58936,759718,2
Benghazi,LY,32.11486,20.06859,757490,3
Alīgarh,IN,27.88145,78.07464,753207,189
Shaoyang,CN,27.23818,111.46214,753194,243
Malatya,TR,38.35018,38.31667,750491,963
