name,country,pgv_per_pga_k,specific_yield,trend_multiplier,dP,is_material,sign_reversed_from_baseline
Yokohama,JP,60,0.05,0.5,0.0132013995043222,True,False
Bhayandar,IN,60,0.05,0.5,0.0115869620336602,True,False
Mumbai,IN,60,0.05,0.5,0.0102298447747641,True,False
Delhi,IN,60,0.05,0.5,-0.010140725631031,True,False
Lahore,PK,60,0.05,0.5,-0.0122466300978798,True,False
Ludhiana,IN,60,0.05,0.5,-0.0132085913983448,True,False
Yokohama,JP,60,0.05,0.8,0.0211304465321773,True,False
Bhayandar,IN,60,0.05,0.8,0.0185721218506693,True,False
Mumbai,IN,60,0.05,0.8,0.0135842578049331,True,False
Delhi,IN,60,0.05,0.8,-0.0159601891708224,True,False
Lahore,PK,60,0.05,0.8,-0.0189326263583593,True,False
Ludhiana,IN,60,0.05,0.8,-0.0197809628127795,True,False
Yokohama,JP,60,0.05,1.0,0.0219586919748986,True,False
Bhayandar,IN,60,0.05,1.0,0.0232409839492891,True,False
Mumbai,IN,60,0.05,1.0,0.0135842578049331,True,False
Delhi,IN,60,0.05,1.0,-0.0197315020651369,True,False
Lahore,PK,60,0.05,1.0,-0.0231304373922418,True,False
Ludhiana,IN,60,0.05,1.0,-0.0236728073582555,True,False
Yokohama,JP,60,0.05,1.2,0.0219586919748986,True,False
Bhayandar,IN,60,0.05,1.2,0.0240253215802888,True,False
Mumbai,IN,60,0.05,1.2,0.0135842578049331,True,False
Delhi,IN,60,0.05,1.2,-0.0234173845198714,True,False
Lahore,PK,60,0.05,1.2,-0.0271296711326328,True,False
Ludhiana,IN,60,0.05,1.2,-0.027210520619904,True,False
Yokohama,JP,60,0.05,1.5,0.0219586919748986,True,False
Bhayandar,IN,60,0.05,1.5,0.0240253215802888,True,False
Mumbai,IN,60,0.05,1.5,0.0135842578049331,True,False
Delhi,IN,60,0.05,1.5,-0.0287884355169526,True,False
Lahore,PK,60,0.05,1.5,-0.0327728839651365,True,False
Ludhiana,IN,60,0.05,1.5,-0.0319178719119259,True,False
Yokohama,JP,60,0.075,0.5,0.0087983963901048,False,False
Bhayandar,IN,60,0.075,0.5,0.0077165810500545,False,False
Mumbai,IN,60,0.075,0.5,0.0068003781825139,False,False
Delhi,IN,60,0.075,0.5,-0.0068223383707745,False,False
Lahore,PK,60,0.075,0.5,-0.0083218964226075,False,False
Ludhiana,IN,60,0.075,0.5,-0.0091389859228865,False,False
Yokohama,JP,60,0.075,0.8,0.0140822172527541,True,False
Bhayandar,IN,60,0.075,0.8,0.0123619473092138,True,False
Mumbai,IN,60,0.075,0.8,0.0109180472809378,True,False
Delhi,IN,60,0.075,0.8,-0.0107970505322662,True,False
Lahore,PK,60,0.075,0.8,-0.0130132614490338,True,False
Ludhiana,IN,60,0.075,0.8,-0.0139853313685198,True,False
Yokohama,JP,60,0.075,1.0,0.017606029857742,True,False
Bhayandar,IN,60,0.075,1.0,0.015464796518985,True,False
Mumbai,IN,60,0.075,1.0,0.0135842578049331,True,False
Delhi,IN,60,0.075,1.0,-0.0133979933211714,True,False
Lahore,PK,60,0.075,1.0,-0.0160199465194267,True,False
Ludhiana,IN,60,0.075,1.0,-0.0169739416694561,True,False
Yokohama,JP,60,0.075,1.2,0.0211304465321774,True,False
Bhayandar,IN,60,0.075,1.2,0.0185721218506693,True,False
Mumbai,IN,60,0.075,1.2,0.0135842578049331,True,False
Delhi,IN,60,0.075,1.2,-0.0159601891708224,True,False
Lahore,PK,60,0.075,1.2,-0.0189326263583594,True,False
Ludhiana,IN,60,0.075,1.2,-0.0197809628127795,True,False
Yokohama,JP,60,0.075,1.5,0.0219586919748986,True,False
Bhayandar,IN,60,0.075,1.5,0.0232409839492891,True,False
Mumbai,IN,60,0.075,1.5,0.0135842578049331,True,False
Delhi,IN,60,0.075,1.5,-0.0197315020651369,True,False
Lahore,PK,60,0.075,1.5,-0.0231304373922418,True,False
Ludhiana,IN,60,0.075,1.5,-0.0236728073582556,True,False
Yokohama,JP,60,0.1,0.5,0.0065977183450626,False,False
Bhayandar,IN,60,0.1,0.5,0.0057843282857734,False,False
Mumbai,IN,60,0.1,0.5,0.0050929165203301,False,False
Delhi,IN,60,0.1,0.5,-0.0051400500004517,False,False
Lahore,PK,60,0.1,0.5,-0.006301327948943,False,False
Ludhiana,IN,60,0.1,0.5,-0.006983405439679,False,False
Yokohama,JP,60,0.1,0.8,0.0105593586666827,True,False
Bhayandar,IN,60,0.1,0.8,0.0092638097524193,False,False
Mumbai,IN,60,0.1,0.8,0.0081698472301366,False,False
Delhi,IN,60,0.1,0.8,-0.0081570637559893,False,False
Lahore,PK,60,0.1,0.8,-0.0099102507254014,False,False
Ludhiana,IN,60,0.1,0.8,-0.0108046927413074,True,False
Yokohama,JP,60,0.1,1.0,0.0132013995043222,True,False
Bhayandar,IN,60,0.1,1.0,0.0115869620336602,True,False
Mumbai,IN,60,0.1,1.0,0.0102298447747641,True,False
Delhi,IN,60,0.1,1.0,-0.010140725631031,True,False
Lahore,PK,60,0.1,1.0,-0.0122466300978798,True,False
Ludhiana,IN,60,0.1,1.0,-0.0132085913983448,True,False
Yokohama,JP,60,0.1,1.2,0.015844026167469,True,False
Bhayandar,IN,60,0.1,1.2,0.0139127976447674,True,False
Mumbai,IN,60,0.1,1.2,0.0122967445298982,True,False
Delhi,IN,60,0.1,1.2,-0.0121023840547828,True,False
Lahore,PK,60,0.1,1.2,-0.0145284994816136,True,False
Ludhiana,IN,60,0.1,1.2,-0.015502977724013,True,False
Yokohama,JP,60,0.1,1.5,0.0198087417150589,True,False
Bhayandar,IN,60,0.1,1.5,0.0174063653151624,True,False
Mumbai,IN,60,0.1,1.5,0.0135842578049331,True,False
Delhi,IN,60,0.1,1.5,-0.0150038871858686,True,False
Lahore,PK,60,0.1,1.5,-0.0178512407261436,True,False
Ludhiana,IN,60,0.1,1.5,-0.0187489648367558,True,False
Yokohama,JP,60,0.15,0.5,0.0043977029034031,False,False
Bhayandar,IN,60,0.15,0.5,0.0038541096250133,False,False
Mumbai,IN,60,0.15,0.5,0.0033903453737977,False,False
Delhi,IN,60,0.15,0.5,-0.0034422746207141,False,False
Lahore,PK,60,0.15,0.5,-0.0042412006778374,False,False
Ludhiana,IN,60,0.15,0.5,-0.0047436183164093,False,False
Yokohama,JP,60,0.15,0.8,0.0070378036699764,False,False
Bhayandar,IN,60,0.15,0.8,0.0061706179197977,False,False
Mumbai,IN,60,0.15,0.8,0.0054340186269081,False,False
Delhi,IN,60,0.15,0.8,-0.00547774449479,False,False
Lahore,PK,60,0.15,0.8,-0.0067085881685775,False,False
Ludhiana,IN,60,0.15,0.8,-0.0074211681855553,False,False
Yokohama,JP,60,0.15,1.0,0.0087983963901048,False,False
Bhayandar,IN,60,0.15,1.0,0.0077165810500545,False,False
Mumbai,IN,60,0.15,1.0,0.0068003781825139,False,False
Delhi,IN,60,0.15,1.0,-0.0068223383707745,False,False
Lahore,PK,60,0.15,1.0,-0.0083218964226075,False,False
Ludhiana,IN,60,0.15,1.0,-0.0091389859228865,False,False
Yokohama,JP,60,0.15,1.2,0.0105593586666827,True,False
Bhayandar,IN,60,0.15,1.2,0.0092638097524193,False,False
Mumbai,IN,60,0.15,1.2,0.0081698472301366,False,False
Delhi,IN,60,0.15,1.2,-0.0081570637559893,False,False
Lahore,PK,60,0.15,1.2,-0.0099102507254014,False,False
Ludhiana,IN,60,0.15,1.2,-0.0108046927413074,True,False
Yokohama,JP,60,0.15,1.5,0.0132013995043222,True,False
Bhayandar,IN,60,0.15,1.5,0.0115869620336602,True,False
Mumbai,IN,60,0.15,1.5,0.0102298447747641,True,False
Delhi,IN,60,0.15,1.5,-0.010140725631031,True,False
Lahore,PK,60,0.15,1.5,-0.0122466300978798,True,False
Ludhiana,IN,60,0.15,1.5,-0.0132085913983448,True,False
Yokohama,JP,60,0.2,0.5,0.0032979702480269,False,False
Bhayandar,IN,60,0.2,0.5,0.0028897807211081,False,False
Mumbai,IN,60,0.2,0.5,0.0025409035954761,False,False
Delhi,IN,60,0.2,0.5,-0.0025875585936141,False,False
Lahore,PK,60,0.2,0.5,-0.003196125054908,False,False
Ludhiana,IN,60,0.2,0.5,-0.0035912615955701,False,False
Yokohama,JP,60,0.2,0.8,0.0052776241206373,False,False
Bhayandar,IN,60,0.2,0.8,0.0046259493811372,False,False
Mumbai,IN,60,0.2,0.8,0.004070784945948,False,False
Delhi,IN,60,0.2,0.8,-0.0041232474760622,False,False
Lahore,PK,60,0.2,0.8,-0.0050700349921599,False,False
Ludhiana,IN,60,0.2,0.8,-0.0056498184933821,False,False
Yokohama,JP,60,0.2,1.0,0.0065977183450626,False,False
Bhayandar,IN,60,0.2,1.0,0.0057843282857734,False,False
Mumbai,IN,60,0.2,1.0,0.0050929165203301,False,False
Delhi,IN,60,0.2,1.0,-0.0051400500004517,False,False
Lahore,PK,60,0.2,1.0,-0.006301327948943,False,False
Ludhiana,IN,60,0.2,1.0,-0.006983405439679,False,False
Yokohama,JP,60,0.2,1.2,0.0079180511086778,False,False
Bhayandar,IN,60,0.2,1.2,0.0069434394723802,False,False
Mumbai,IN,60,0.2,1.2,0.0061168086896488,False,False
Delhi,IN,60,0.2,1.2,-0.0061512771735663,False,False
Lahore,PK,60,0.2,1.2,-0.0075183797279478,False,False
Ludhiana,IN,60,0.2,1.2,-0.008286679148448,False,False
Yokohama,JP,60,0.2,1.5,0.0098989572756352,False,False
Bhayandar,IN,60,0.2,1.5,0.0086834525259521,False,False
Mumbai,IN,60,0.2,1.5,0.0076559329918496,False,False
Delhi,IN,60,0.2,1.5,-0.0076576959765116,False,False
Lahore,PK,60,0.2,1.5,-0.0093175236796295,False,False
Ludhiana,IN,60,0.2,1.5,-0.0101860702750051,True,False
Yokohama,JP,60,0.25,0.5,0.0026382247962806,False,False
Bhayandar,IN,60,0.25,0.5,0.0023114371663947,False,False
Mumbai,IN,60,0.25,0.5,0.0020318307882221,False,False
Delhi,IN,60,0.25,0.5,-0.002072859212827,False,False
Lahore,PK,60,0.25,0.5,-0.0025642350069302,False,False
Ludhiana,IN,60,0.25,0.5,-0.0028892523268538,False,False
Yokohama,JP,60,0.25,0.8,0.0042217328413585,False,False
Bhayandar,IN,60,0.25,0.8,0.0036997816967109,False,False
Mumbai,IN,60,0.25,0.8,0.0032543518981144,False,False
Delhi,IN,60,0.25,0.8,-0.0033057815620345,False,False
Lahore,PK,60,0.25,0.8,-0.0040746645467705,False,False
Ludhiana,IN,60,0.25,0.8,-0.0045607129174985,False,False
Yokohama,JP,60,0.25,1.0,0.0052776241206373,False,False
Bhayandar,IN,60,0.25,1.0,0.0046259493811372,False,False
Mumbai,IN,60,0.25,1.0,0.004070784945948,False,False
Delhi,IN,60,0.25,1.0,-0.0041232474760622,False,False
Lahore,PK,60,0.25,1.0,-0.0050700349921599,False,False
Ludhiana,IN,60,0.25,1.0,-0.0056498184933821,False,False
Yokohama,JP,60,0.25,1.2,0.0063336798286742,False,False
Bhayandar,IN,60,0.25,1.2,0.0055525935315813,False,False
Mumbai,IN,60,0.25,1.2,0.0048883491388015,False,False
Delhi,IN,60,0.25,1.2,-0.0049371359852264,False,False
Lahore,PK,60,0.25,1.2,-0.0060562125782468,False,False
Ludhiana,IN,60,0.25,1.2,-0.0067191325575139,False,False
Yokohama,JP,60,0.25,1.5,0.0079180511086778,False,False
Bhayandar,IN,60,0.25,1.5,0.0069434394723802,False,False
Mumbai,IN,60,0.25,1.5,0.0061168086896488,False,False
Delhi,IN,60,0.25,1.5,-0.0061512771735663,False,False
Lahore,PK,60,0.25,1.5,-0.0075183797279478,False,False
Ludhiana,IN,60,0.25,1.5,-0.008286679148448,False,False
Yokohama,JP,80,0.05,0.5,0.0132142964937232,True,False
Bhayandar,IN,80,0.05,0.5,0.0117103076662507,True,False
Mumbai,IN,80,0.05,0.5,0.0105731601113793,True,False
Delhi,IN,80,0.05,0.5,-0.0108298400433796,True,False
Lahore,PK,80,0.05,0.5,-0.0132285262432683,True,False
Ludhiana,IN,80,0.05,0.5,-0.0143823709239811,True,False
Yokohama,JP,80,0.05,0.8,0.0211349838115307,True,False
Bhayandar,IN,80,0.05,0.8,0.0187571720154079,True,False
Mumbai,IN,80,0.05,0.8,0.0140355492424893,True,False
Delhi,IN,80,0.05,0.8,-0.0170546298907025,True,False
Lahore,PK,80,0.05,0.8,-0.0204642619197422,True,False
Ludhiana,IN,80,0.05,0.8,-0.0215530129113535,True,False
Yokohama,JP,80,0.05,1.0,0.021961660249166,True,False
Bhayandar,IN,80,0.05,1.0,0.023461981837474,True,False
Mumbai,IN,80,0.05,1.0,0.0140355492424893,True,False
Delhi,IN,80,0.05,1.0,-0.0210924639498893,True,False
Lahore,PK,80,0.05,1.0,-0.0250121755586283,True,False
Ludhiana,IN,80,0.05,1.0,-0.0258035890467487,True,False
Yokohama,JP,80,0.05,1.2,0.021961660249166,True,False
Bhayandar,IN,80,0.05,1.2,0.0242519426820188,True,False
Mumbai,IN,80,0.05,1.2,0.0140355492424893,True,False
Delhi,IN,80,0.05,1.2,-0.0250417587969557,True,False
Lahore,PK,80,0.05,1.2,-0.0293485058851741,True,False
Ludhiana,IN,80,0.05,1.2,-0.0296702770641108,True,False
Yokohama,JP,80,0.05,1.5,0.021961660249166,True,False
Bhayandar,IN,80,0.05,1.5,0.0242519426820188,True,False
Mumbai,IN,80,0.05,1.5,0.0140355492424893,True,False
Delhi,IN,80,0.05,1.5,-0.0308018428646778,True,False
Lahore,PK,80,0.05,1.5,-0.0354732968279006,True,False
Ludhiana,IN,80,0.05,1.5,-0.0348196345169897,True,False
Yokohama,JP,80,0.075,0.5,0.0088107203098991,False,False
Bhayandar,IN,80,0.075,0.5,0.0078016419015042,False,False
Mumbai,IN,80,0.075,0.5,0.0070309551820267,False,False
Delhi,IN,80,0.075,0.5,-0.0072835492146831,False,False
Lahore,PK,80,0.075,0.5,-0.0089855945072941,False,False
Ludhiana,IN,80,0.075,0.5,-0.0099470575479872,False,False
Yokohama,JP,80,0.075,0.8,0.0140947815661323,True,False
Bhayandar,IN,80,0.075,0.8,0.0124926077843836,True,False
Mumbai,IN,80,0.075,0.8,0.0112837003297502,True,False
Delhi,IN,80,0.075,0.8,-0.0115315177829213,True,False
Lahore,PK,80,0.075,0.8,-0.0140577009853544,True,False
Ludhiana,IN,80,0.075,0.8,-0.0152293230682061,True,False
Yokohama,JP,80,0.075,1.0,0.0176157727449786,True,False
Bhayandar,IN,80,0.075,1.0,0.0156235712134066,True,False
Mumbai,IN,80,0.075,1.0,0.0140355492424893,True,False
Delhi,IN,80,0.075,1.0,-0.0143130893015362,True,False
Lahore,PK,80,0.075,1.0,-0.0173109048026553,True,False
Ludhiana,IN,80,0.075,1.0,-0.0184893160783521,True,False
Yokohama,JP,80,0.075,1.2,0.0211349838115307,True,False
Bhayandar,IN,80,0.075,1.2,0.0187571720154079,True,False
Mumbai,IN,80,0.075,1.2,0.0140355492424893,True,False
Delhi,IN,80,0.075,1.2,-0.0170546298907025,True,False
Lahore,PK,80,0.075,1.2,-0.0204642619197422,True,False
Ludhiana,IN,80,0.075,1.2,-0.0215530129113535,True,False
Yokohama,JP,80,0.075,1.5,0.021961660249166,True,False
Bhayandar,IN,80,0.075,1.5,0.023461981837474,True,False
Mumbai,IN,80,0.075,1.5,0.0140355492424893,True,False
Delhi,IN,80,0.075,1.5,-0.0210924639498893,True,False
Lahore,PK,80,0.075,1.5,-0.0250121755586283,True,False
Ludhiana,IN,80,0.075,1.5,-0.0258035890467487,True,False
Yokohama,JP,80,0.1,0.5,0.006608358061421,False,False
Bhayandar,IN,80,0.1,0.5,0.0058491816230035,False,False
Mumbai,IN,80,0.1,0.5,0.0052664780822465,False,False
Delhi,IN,80,0.1,0.5,-0.0054866159993137,False,False
Lahore,PK,80,0.1,0.5,-0.0068025057339479,False,False
Ludhiana,IN,80,0.1,0.5,-0.0075992365960659,False,False
Yokohama,JP,80,0.1,0.8,0.0105723591039866,True,False
Bhayandar,IN,80,0.1,0.8,0.0093645260400468,False,False
Mumbai,IN,80,0.1,0.8,0.0084457280400646,False,False
Delhi,IN,80,0.1,0.8,-0.0087096610716056,False,False
Lahore,PK,80,0.1,0.8,-0.0107023238028687,True,False
Ludhiana,IN,80,0.1,0.8,-0.0117620122564227,True,False
Yokohama,JP,80,0.1,1.0,0.0132142964937232,True,False
Bhayandar,IN,80,0.1,1.0,0.0117103076662507,True,False
Mumbai,IN,80,0.1,1.0,0.0105731601113793,True,False
Delhi,IN,80,0.1,1.0,-0.0108298400433796,True,False
Lahore,PK,80,0.1,1.0,-0.0132285262432683,True,False
Ludhiana,IN,80,0.1,1.0,-0.0143823709239811,True,False
Yokohama,JP,80,0.1,1.2,0.015855477882718,True,False
Bhayandar,IN,80,0.1,1.2,0.0140577445374524,True,False
Mumbai,IN,80,0.1,1.2,0.0127068600950007,True,False
Delhi,IN,80,0.1,1.2,-0.0129273235442635,True,False
Lahore,PK,80,0.1,1.2,-0.0156969292216945,True,False
Ludhiana,IN,80,0.1,1.2,-0.0168845358242286,True,False
Yokohama,JP,80,0.1,1.5,0.0198155103831062,True,False
Bhayandar,IN,80,0.1,1.5,0.0175817781910175,True,False
Mumbai,IN,80,0.1,1.5,0.0140355492424893,True,False
Delhi,IN,80,0.1,1.5,-0.0160312267245948,True,False
Lahore,PK,80,0.1,1.5,-0.0192933060104879,True,False
Ludhiana,IN,80,0.1,1.5,-0.0204264476417448,True,False
Yokohama,JP,80,0.15,0.5,0.0044057269374372,False,False
Bhayandar,IN,80,0.15,0.5,0.0038980486105699,False,False
Mumbai,IN,80,0.15,0.5,0.0035064683987932,False,False
Delhi,IN,80,0.15,0.5,-0.0036737491557503,False,False
Lahore,PK,80,0.15,0.5,-0.0045775835635324,False,False
Ludhiana,IN,80,0.15,0.5,-0.0051607745421776,False,False
Yokohama,JP,80,0.15,0.8,0.0070488547557749,False,False
Bhayandar,IN,80,0.15,0.8,0.0062395693866055,False,False
Mumbai,IN,80,0.15,0.8,0.0056190173106256,False,False
Delhi,IN,80,0.15,0.8,-0.0058472755696615,False,False
Lahore,PK,80,0.15,0.8,-0.0072424521749658,False,False
Ludhiana,IN,80,0.15,0.8,-0.0080759580408088,False,False
Yokohama,JP,80,0.15,1.0,0.0088107203098991,False,False
Bhayandar,IN,80,0.15,1.0,0.0078016419015042,False,False
Mumbai,IN,80,0.15,1.0,0.0070309551820267,False,False
Delhi,IN,80,0.15,1.0,-0.0072835492146831,False,False
Lahore,PK,80,0.15,1.0,-0.0089855945072941,False,False
Ludhiana,IN,80,0.15,1.0,-0.0099470575479872,False,False
Yokohama,JP,80,0.15,1.2,0.0105723591039866,True,False
Bhayandar,IN,80,0.15,1.2,0.0093645260400469,False,False
Mumbai,IN,80,0.15,1.2,0.0084457280400646,False,False
Delhi,IN,80,0.15,1.2,-0.0087096610716056,False,False
Lahore,PK,80,0.15,1.2,-0.0107023238028687,True,False
Ludhiana,IN,80,0.15,1.2,-0.0117620122564227,True,False
Yokohama,JP,80,0.15,1.5,0.0132142964937232,True,False
Bhayandar,IN,80,0.15,1.5,0.0117103076662507,True,False
Mumbai,IN,80,0.15,1.5,0.0105731601113793,True,False
Delhi,IN,80,0.15,1.5,-0.0108298400433796,True,False
Lahore,PK,80,0.15,1.5,-0.0132285262432683,True,False
Ludhiana,IN,80,0.15,1.5,-0.0143823709239811,True,False
Yokohama,JP,80,0.2,0.5,0.0033043372574701,False,False
Bhayandar,IN,80,0.2,0.5,0.0029229982564093,False,False
Mumbai,IN,80,0.2,0.5,0.0026281505117721,False,False
Delhi,IN,80,0.2,0.5,-0.0027613236451838,False,False
Lahore,PK,80,0.2,0.5,-0.003449259673232,False,False
Ludhiana,IN,80,0.2,0.5,-0.0039066275188363,False,False
Yokohama,JP,80,0.2,0.8,0.0052868061823347,False,False
Bhayandar,IN,80,0.2,0.8,0.004678338767327,False,False
Mumbai,IN,80,0.2,0.8,0.0042099337847328,False,False
Delhi,IN,80,0.2,0.8,-0.0044008114316521,False,False
Lahore,PK,80,0.2,0.8,-0.0054726083769619,False,False
Ludhiana,IN,80,0.2,0.8,-0.0061472250714954,False,False
Yokohama,JP,80,0.2,1.0,0.006608358061421,False,False
Bhayandar,IN,80,0.2,1.0,0.0058491816230035,False,False
Mumbai,IN,80,0.2,1.0,0.0052664780822465,False,False
Delhi,IN,80,0.2,1.0,-0.0054866159993137,False,False
Lahore,PK,80,0.2,1.0,-0.0068025057339479,False,False
Ludhiana,IN,80,0.2,1.0,-0.0075992365960659,False,False
Yokohama,JP,80,0.2,1.2,0.0079298131445237,False,False
Bhayandar,IN,80,0.2,1.2,0.0070205022975824,False,False
Mumbai,IN,80,0.2,1.2,0.0063246306585987,False,False
Delhi,IN,80,0.2,1.2,-0.0065666844265915,False,False
Lahore,PK,80,0.2,1.2,-0.008117343018983,False,False
Ludhiana,IN,80,0.2,1.2,-0.0090186183895425,False,False
Yokohama,JP,80,0.2,1.5,0.0099117739052676,False,False
Bhayandar,IN,80,0.2,1.5,0.0087783513001854,False,False
Mumbai,IN,80,0.2,1.5,0.007914857230074,False,False
Delhi,IN,80,0.2,1.5,-0.0081760581079059,False,False
Lahore,PK,80,0.2,1.5,-0.0100616272497703,True,False
Ludhiana,IN,80,0.2,1.5,-0.011087890191471,True,False
Yokohama,JP,80,0.25,0.5,0.0026434858874624,False,False
Bhayandar,IN,80,0.25,0.5,0.0023381374497971,False,False
Mumbai,IN,80,0.25,0.5,0.0021017022710706,False,False
Delhi,IN,80,0.25,0.5,-0.0022119470500568,False,False
Lahore,PK,80,0.25,0.5,-0.0027671490033723,False,False
Ludhiana,IN,80,0.25,0.5,-0.0031427502204588,False,False
Yokohama,JP,80,0.25,0.8,0.0042295073920768,False,False
Bhayandar,IN,80,0.25,0.8,0.0037420170741801,False,False
Mumbai,IN,80,0.25,0.8,0.0033658617368441,False,False
Delhi,IN,80,0.25,0.8,-0.0035280298425441,False,False
Lahore,PK,80,0.25,0.8,-0.0043977657781676,False,False
Ludhiana,IN,80,0.25,0.8,-0.0049616933388558,False,False
Yokohama,JP,80,0.25,1.0,0.0052868061823347,False,False
Bhayandar,IN,80,0.25,1.0,0.004678338767327,False,False
Mumbai,IN,80,0.25,1.0,0.0042099337847328,False,False
Delhi,IN,80,0.25,1.0,-0.0044008114316521,False,False
Lahore,PK,80,0.25,1.0,-0.0054726083769619,False,False
Ludhiana,IN,80,0.25,1.0,-0.0061472250714954,False,False
Yokohama,JP,80,0.25,1.2,0.0063440548385788,False,False
Bhayandar,IN,80,0.25,1.2,0.0056149744183797,False,False
Mumbai,IN,80,0.25,1.2,0.0050550403011208,False,False
Delhi,IN,80,0.25,1.2,-0.0052699143568408,False,False
Lahore,PK,80,0.25,1.2,-0.006537734951869,False,False
Ludhiana,IN,80,0.25,1.2,-0.0073114650121935,False,False
Yokohama,JP,80,0.25,1.5,0.0079298131445237,False,False
Bhayandar,IN,80,0.25,1.5,0.0070205022975824,False,False
Mumbai,IN,80,0.25,1.5,0.0063246306585987,False,False
Delhi,IN,80,0.25,1.5,-0.0065666844265915,False,False
Lahore,PK,80,0.25,1.5,-0.008117343018983,False,False
Ludhiana,IN,80,0.25,1.5,-0.0090186183895425,False,False
Yokohama,JP,100,0.05,0.5,0.0131823600667306,True,False
Bhayandar,IN,100,0.05,0.5,0.0117697302764608,True,False
Mumbai,IN,100,0.05,0.5,0.0108165938122896,True,False
Delhi,IN,100,0.05,0.5,-0.0113766608006131,True,False
Lahore,PK,100,0.05,0.5,-0.0140276495434888,True,False
Ludhiana,IN,100,0.05,0.5,-0.0153533212038833,True,False
Yokohama,JP,100,0.05,0.8,0.0210714837798313,True,False
Bhayandar,IN,100,0.05,0.8,0.0188424340053853,True,False
Mumbai,IN,100,0.05,0.8,0.0143549539997001,True,False
Delhi,IN,100,0.05,0.8,-0.0179242815324084,True,False
Lahore,PK,100,0.05,0.8,-0.021712555989238,True,False
Ludhiana,IN,100,0.05,0.8,-0.0230207728704726,True,False
Yokohama,JP,100,0.05,1.0,0.0218943302879452,True,False
Bhayandar,IN,100,0.05,1.0,0.0235603535678588,True,False
Mumbai,IN,100,0.05,1.0,0.0143549539997001,True,False
Delhi,IN,100,0.05,1.0,-0.0221748606530449,True,False
Lahore,PK,100,0.05,1.0,-0.0265471647298141,True,False
Ludhiana,IN,100,0.05,1.0,-0.0275698492767831,True,False
Yokohama,JP,100,0.05,1.2,0.0218943302879452,True,False
Bhayandar,IN,100,0.05,1.2,0.0243521907419019,True,False
Mumbai,IN,100,0.05,1.2,0.0143549539997001,True,False
Delhi,IN,100,0.05,1.2,-0.0263347765251908,True,False
Lahore,PK,100,0.05,1.2,-0.0311600015287471,True,False
Ludhiana,IN,100,0.05,1.2,-0.0317106704556608,True,False
Yokohama,JP,100,0.05,1.5,0.0218943302879452,True,False
Bhayandar,IN,100,0.05,1.5,0.0243521907419019,True,False
Mumbai,IN,100,0.05,1.5,0.0143549539997001,True,False
Delhi,IN,100,0.05,1.5,-0.0324065631479485,True,False
Lahore,PK,100,0.05,1.5,-0.0376805840909275,True,False
Ludhiana,IN,100,0.05,1.5,-0.0372289349431073,True,False
Yokohama,JP,100,0.075,0.5,0.0087923078648425,False,False
Bhayandar,IN,100,0.075,0.5,0.007843520671101,False,False
Mumbai,IN,100,0.075,0.5,0.0071947549117948,False,False
Delhi,IN,100,0.075,0.5,-0.0076492370202549,False,False
Lahore,PK,100,0.075,0.5,-0.0095253020574505,False,False
Ludhiana,IN,100,0.075,0.5,-0.0106149526515318,True,False
Yokohama,JP,100,0.075,0.8,0.0140597958917455,True,False
Bhayandar,IN,100,0.075,0.8,0.0125552663508312,True,False
Mumbai,IN,100,0.075,0.8,0.0115428751606614,True,False
Delhi,IN,100,0.075,0.8,-0.0121144174352642,True,False
Lahore,PK,100,0.075,0.8,-0.0149078633831836,True,False
Ludhiana,IN,100,0.075,0.8,-0.0162585120770149,True,False
Yokohama,JP,100,0.075,1.0,0.0175674444032922,True,False
Bhayandar,IN,100,0.075,1.0,0.0156982620923845,True,False
Mumbai,IN,100,0.075,1.0,0.0143549539997001,True,False
Delhi,IN,100,0.075,1.0,-0.0150397907983913,True,False
Lahore,PK,100,0.075,1.0,-0.0183623983616364,True,False
Ludhiana,IN,100,0.075,1.0,-0.0197437741504165,True,False
Yokohama,JP,100,0.075,1.2,0.0210714837798313,True,False
Bhayandar,IN,100,0.075,1.2,0.0188424340053853,True,False
Mumbai,IN,100,0.075,1.2,0.0143549539997001,True,False
Delhi,IN,100,0.075,1.2,-0.0179242815324084,True,False
Lahore,PK,100,0.075,1.2,-0.021712555989238,True,False
Ludhiana,IN,100,0.075,1.2,-0.0230207728704726,True,False
Yokohama,JP,100,0.075,1.5,0.0218943302879452,True,False
Bhayandar,IN,100,0.075,1.5,0.0235603535678588,True,False
Mumbai,IN,100,0.075,1.5,0.0143549539997001,True,False
Delhi,IN,100,0.075,1.5,-0.0221748606530449,True,False
Lahore,PK,100,0.075,1.5,-0.0265471647298141,True,False
Ludhiana,IN,100,0.075,1.5,-0.0275698492767831,True,False
Yokohama,JP,100,0.1,0.5,0.0065956294465422,False,False
Bhayandar,IN,100,0.1,0.5,0.0058814377871325,False,False
Mumbai,IN,100,0.1,0.5,0.0053898878871883,False,False
Delhi,IN,100,0.1,0.5,-0.0057612934065013,False,False
Lahore,PK,100,0.1,0.5,-0.007209880517463,False,False
Ludhiana,IN,100,0.1,0.5,-0.0081080207555393,False,False
Yokohama,JP,100,0.1,0.8,0.0105488817936493,True,False
Bhayandar,IN,100,0.1,0.8,0.0094136948868415,False,False
Mumbai,IN,100,0.1,0.8,0.0086415659319437,False,False
Delhi,IN,100,0.1,0.8,-0.0091479471292335,False,False
Lahore,PK,100,0.1,0.8,-0.0113466399727463,True,False
Ludhiana,IN,100,0.1,0.8,-0.012553527738044,True,False
Yokohama,JP,100,0.1,1.0,0.0131823600667306,True,False
Bhayandar,IN,100,0.1,1.0,0.0117697302764608,True,False
Mumbai,IN,100,0.1,1.0,0.0108165938122896,True,False
Delhi,IN,100,0.1,1.0,-0.0113766608006131,True,False
Lahore,PK,100,0.1,1.0,-0.0140276495434888,True,False
Ludhiana,IN,100,0.1,1.0,-0.0153533212038833,True,False
Yokohama,JP,100,0.1,1.2,0.0158140498494124,True,False
Bhayandar,IN,100,0.1,1.2,0.0141266016839062,True,False
Mumbai,IN,100,0.1,1.2,0.012997329348554,True,False
Delhi,IN,100,0.1,1.2,-0.0135822281244144,True,False
Lahore,PK,100,0.1,1.2,-0.0166483227891944,True,False
Ludhiana,IN,100,0.1,1.2,-0.0180278829431253,True,False
Yokohama,JP,100,0.1,1.5,0.0197579137086502,True,False
Bhayandar,IN,100,0.1,1.5,0.0176632474707392,True,False
Mumbai,IN,100,0.1,1.5,0.0143549539997001,True,False
Delhi,IN,100,0.1,1.5,-0.0168473743355498,True,False
Lahore,PK,100,0.1,1.5,-0.0204683314074567,True,False
Ludhiana,IN,100,0.1,1.5,-0.0218155934650251,True,False
Yokohama,JP,100,0.15,0.5,0.0043979621677929,False,False
Bhayandar,IN,100,0.15,0.5,0.0039201165993457,False,False
Mumbai,IN,100,0.15,0.5,0.0035891120510447,False,False
Delhi,IN,100,0.15,0.5,-0.0038571344261946,False,False
Lahore,PK,100,0.15,0.5,-0.0048508881484185,False,False
Ludhiana,IN,100,0.15,0.5,-0.0055052647567574,False,False
Yokohama,JP,100,0.15,0.8,0.0070350469470773,False,False
Bhayandar,IN,100,0.15,0.8,0.0062737953562428,False,False
Mumbai,IN,100,0.15,0.8,0.0057505353368636,False,False
Delhi,IN,100,0.15,0.8,-0.0061401779425516,False,False
Lahore,PK,100,0.15,0.8,-0.0076764328450162,False,False
Ludhiana,IN,100,0.15,0.8,-0.0086169760690451,False,False
Yokohama,JP,100,0.15,1.0,0.0087923078648425,False,False
Bhayandar,IN,100,0.15,1.0,0.007843520671101,False,False
Mumbai,IN,100,0.15,1.0,0.0071947549117948,False,False
Delhi,IN,100,0.15,1.0,-0.0076492370202549,False,False
Lahore,PK,100,0.15,1.0,-0.0095253020574505,False,False
Ludhiana,IN,100,0.15,1.0,-0.0106149526515318,True,False
Yokohama,JP,100,0.15,1.2,0.0105488817936493,True,False
Bhayandar,IN,100,0.15,1.2,0.0094136948868415,False,False
Mumbai,IN,100,0.15,1.2,0.0086415659319437,False,False
Delhi,IN,100,0.15,1.2,-0.0091479471292335,False,False
Lahore,PK,100,0.15,1.2,-0.0113466399727463,True,False
Ludhiana,IN,100,0.15,1.2,-0.012553527738044,True,False
Yokohama,JP,100,0.15,1.5,0.0131823600667306,True,False
Bhayandar,IN,100,0.15,1.5,0.0117697302764608,True,False
Mumbai,IN,100,0.15,1.5,0.0108165938122896,True,False
Delhi,IN,100,0.15,1.5,-0.0113766608006131,True,False
Lahore,PK,100,0.15,1.5,-0.0140276495434888,True,False
Ludhiana,IN,100,0.15,1.5,-0.0153533212038833,True,False
Yokohama,JP,100,0.2,0.5,0.003298784171311,False,False
Bhayandar,IN,100,0.2,0.5,0.0029397604570275,False,False
Mumbai,IN,100,0.2,0.5,0.002690271353988,False,False
Delhi,IN,100,0.2,0.5,-0.002898960618809,False,False
Lahore,PK,100,0.2,0.5,-0.0036548811661887,False,False
Ludhiana,IN,100,0.2,0.5,-0.0041669988921056,False,False
Yokohama,JP,100,0.2,0.8,0.0052771423245236,False,False
Bhayandar,IN,100,0.2,0.8,0.0047045498161059,False,False
Mumbai,IN,100,0.2,0.8,0.0043089287688988,False,False
Delhi,IN,100,0.2,0.8,-0.0046207466680937,False,False
Lahore,PK,100,0.2,0.8,-0.0057997488331199,False,False
Ludhiana,IN,100,0.2,0.8,-0.0065580606820205,False,False
Yokohama,JP,100,0.2,1.0,0.0065956294465422,False,False
Bhayandar,IN,100,0.2,1.0,0.0058814377871325,False,False
Mumbai,IN,100,0.2,1.0,0.0053898878871883,False,False
Delhi,IN,100,0.2,1.0,-0.0057612934065013,False,False
Lahore,PK,100,0.2,1.0,-0.007209880517463,False,False
Ludhiana,IN,100,0.2,1.0,-0.0081080207555393,False,False
Yokohama,JP,100,0.2,1.2,0.0079137605758622,False,False
Bhayandar,IN,100,0.2,1.2,0.0070585999705875,False,False
Mumbai,IN,100,0.2,1.2,0.0064723198418313,False,False
Delhi,IN,100,0.2,1.2,-0.0068960025736332,False,False
Lahore,PK,100,0.2,1.2,-0.0086043266203532,False,False
Ludhiana,IN,100,0.2,1.2,-0.009623485125215,False,False
Yokohama,JP,100,0.2,1.5,0.0098902498216131,False,False
Bhayandar,IN,100,0.2,1.5,0.008824828911636,False,False
Mumbai,IN,100,0.2,1.5,0.0080987094905871,False,False
Delhi,IN,100,0.2,1.5,-0.0085871420993897,False,False
Lahore,PK,100,0.2,1.5,-0.0106668465167485,True,False
Ludhiana,IN,100,0.2,1.5,-0.0118334265145338,True,False
Yokohama,JP,100,0.25,0.5,0.0026391732840892,False,False
Bhayandar,IN,100,0.25,0.5,0.002351648526255,False,False
Mumbai,IN,100,0.25,0.5,0.0021514650250897,False,False
Delhi,IN,100,0.25,0.5,-0.0023221031346158,False,False
Lahore,PK,100,0.25,0.5,-0.0029319541914702,False,False
Ludhiana,IN,100,0.25,0.5,-0.0033520130499765,False,False
Yokohama,JP,100,0.25,0.8,0.0042221086028904,False,False
Bhayandar,IN,100,0.25,0.8,0.0037632456133038,False,False
Mumbai,IN,100,0.25,0.8,0.0034452279733251,False,False
Delhi,IN,100,0.25,0.8,-0.0037040998982421,False,False
Lahore,PK,100,0.25,0.8,-0.0046602700241484,False,False
Ludhiana,IN,100,0.25,0.8,-0.0052928134088723,False,False
Yokohama,JP,100,0.25,1.0,0.0052771423245236,False,False
Bhayandar,IN,100,0.25,1.0,0.0047045498161059,False,False
Mumbai,IN,100,0.25,1.0,0.0043089287688988,False,False
Delhi,IN,100,0.25,1.0,-0.0046207466680937,False,False
Lahore,PK,100,0.25,1.0,-0.0057997488331199,False,False
Ludhiana,IN,100,0.25,1.0,-0.0065580606820205,False,False
Yokohama,JP,100,0.25,1.2,0.0063319599165303,False,False
Bhayandar,IN,100,0.25,1.2,0.0056460378395326,False,False
Mumbai,IN,100,0.25,1.2,0.0051735779474629,False,False
Delhi,IN,100,0.25,1.2,-0.0055336513692617,False,False
Lahore,PK,100,0.25,1.2,-0.0069291128365605,False,False
Ludhiana,IN,100,0.25,1.2,-0.0078008093765802,False,False
Yokohama,JP,100,0.25,1.5,0.0079137605758622,False,False
Bhayandar,IN,100,0.25,1.5,0.0070585999705875,False,False
Mumbai,IN,100,0.25,1.5,0.0064723198418313,False,False
Delhi,IN,100,0.25,1.5,-0.0068960025736332,False,False
Lahore,PK,100,0.25,1.5,-0.0086043266203532,False,False
Ludhiana,IN,100,0.25,1.5,-0.009623485125215,False,False
Yokohama,JP,120,0.05,0.5,0.0131293013272866,True,False
Bhayandar,IN,120,0.05,0.5,0.0117942375656788,True,False
Mumbai,IN,120,0.05,0.5,0.0109988722952251,True,False
Delhi,IN,120,0.05,0.5,-0.011829841046781,True,False
Lahore,PK,120,0.05,0.5,-0.0147044481359278,True,False
Ludhiana,IN,120,0.05,0.5,-0.0161871565444412,True,False
Yokohama,JP,120,0.05,0.8,0.020976616844326,True,False
Bhayandar,IN,120,0.05,0.8,0.0188735327578136,True,False
Mumbai,IN,120,0.05,0.8,0.0145936897054936,True,False
Delhi,IN,120,0.05,0.8,-0.018645866006742,True,False
Lahore,PK,120,0.05,0.8,-0.0227710486630204,True,False
Ludhiana,IN,120,0.05,0.8,-0.0242826748299215,True,False
Yokohama,JP,120,0.05,1.0,0.0217946696881691,True,False
Bhayandar,IN,120,0.05,1.0,0.0235924582270118,True,False
Mumbai,IN,120,0.05,1.0,0.0145936897054936,True,False
Delhi,IN,120,0.05,1.0,-0.0230736580399284,True,False
Lahore,PK,120,0.05,1.0,-0.027849749399503,True,False
Ludhiana,IN,120,0.05,1.0,-0.029089395910644,True,False
Yokohama,JP,120,0.05,1.2,0.0217946696881691,True,False
Bhayandar,IN,120,0.05,1.2,0.0243841984771857,True,False
Mumbai,IN,120,0.05,1.2,0.0145936897054936,True,False
Delhi,IN,120,0.05,1.2,-0.0274092733374862,True,False
Lahore,PK,120,0.05,1.2,-0.0326983402518381,True,False
Ludhiana,IN,120,0.05,1.2,-0.0334671208440187,True,False
Yokohama,JP,120,0.05,1.5,0.0217946696881691,True,False
Bhayandar,IN,120,0.05,1.5,0.0243841984771857,True,False
Mumbai,IN,120,0.05,1.5,0.0145936897054936,True,False
Delhi,IN,120,0.05,1.5,-0.033741537681626,True,False
Lahore,PK,120,0.05,1.5,-0.0395569457815022,True,False
Ludhiana,IN,120,0.05,1.5,-0.039304625597928,True,False
Yokohama,JP,120,0.075,0.5,0.0087592553532326,False,False
Bhayandar,IN,120,0.075,0.5,0.0078617339062689,False,False
Mumbai,IN,120,0.075,0.5,0.0073176262680628,False,False
Delhi,IN,120,0.075,0.5,-0.0079520967764687,False,False
Lahore,PK,120,0.075,0.5,-0.0099820700673759,False,False
Ludhiana,IN,120,0.075,0.5,-0.0111881314003252,True,False
Yokohama,JP,120,0.075,0.8,0.014002459004698,True,False
Bhayandar,IN,120,0.075,0.8,0.0125808069942937,True,False
Mumbai,IN,120,0.075,0.8,0.0117368694005161,True,False
Delhi,IN,120,0.075,0.8,-0.01259756304418,True,False
Lahore,PK,120,0.075,0.8,-0.0156279882189104,True,False
Ludhiana,IN,120,0.075,0.8,-0.0171424789886233,True,False
Yokohama,JP,120,0.075,1.0,0.0174920754081511,True,False
Bhayandar,IN,120,0.075,1.0,0.0157271839373093,True,False
Mumbai,IN,120,0.075,1.0,0.0145936897054936,True,False
Delhi,IN,120,0.075,1.0,-0.0156424488702737,True,False
Lahore,PK,120,0.075,1.0,-0.0192535441414114,True,False
Ludhiana,IN,120,0.075,1.0,-0.0208217736534986,True,False
Yokohama,JP,120,0.075,1.2,0.020976616844326,True,False
Bhayandar,IN,120,0.075,1.2,0.0188735327578136,True,False
Mumbai,IN,120,0.075,1.2,0.0145936897054936,True,False
Delhi,IN,120,0.075,1.2,-0.018645866006742,True,False
Lahore,PK,120,0.075,1.2,-0.0227710486630204,True,False
Ludhiana,IN,120,0.075,1.2,-0.0242826748299215,True,False
Yokohama,JP,120,0.075,1.5,0.0217946696881691,True,False
Bhayandar,IN,120,0.075,1.5,0.0235924582270118,True,False
Mumbai,IN,120,0.075,1.5,0.0145936897054936,True,False
Delhi,IN,120,0.075,1.5,-0.0230736580399284,True,False
Lahore,PK,120,0.075,1.5,-0.027849749399503,True,False
Ludhiana,IN,120,0.075,1.5,-0.029089395910644,True,False
Yokohama,JP,120,0.1,0.5,0.006571712134755,False,False
Bhayandar,IN,120,0.1,0.5,0.00589580011938,False,False
Mumbai,IN,120,0.1,0.5,0.0054825435511564,False,False
Delhi,IN,120,0.1,0.5,-0.005988700667204,False,False
Lahore,PK,120,0.1,0.5,-0.0075545259168999,False,False
Ludhiana,IN,120,0.1,0.5,-0.0085444921454932,False,False
Yokohama,JP,120,0.1,0.8,0.0105081040938287,True,False
Bhayandar,IN,120,0.1,0.8,0.0094346511050848,False,False
Mumbai,IN,120,0.1,0.8,0.008788364969404,False,False
Delhi,IN,120,0.1,0.8,-0.0095110313876347,False,False
Lahore,PK,120,0.1,0.8,-0.0118920976585481,True,False
Ludhiana,IN,120,0.1,0.8,-0.0132329888614239,True,False
Yokohama,JP,120,0.1,1.0,0.0131293013272866,True,False
Bhayandar,IN,120,0.1,1.0,0.0117942375656788,True,False
Mumbai,IN,120,0.1,1.0,0.0109988722952251,True,False
Delhi,IN,120,0.1,1.0,-0.011829841046781,True,False
Lahore,PK,120,0.1,1.0,-0.0147044481359278,True,False
Ludhiana,IN,120,0.1,1.0,-0.0161871565444412,True,False
Yokohama,JP,120,0.1,1.2,0.0157478805936303,True,False
Bhayandar,IN,120,0.1,1.2,0.0141539834068792,True,False
Mumbai,IN,120,0.1,1.2,0.0132145877665656,True,False
Delhi,IN,120,0.1,1.2,-0.0141252009323884,True,False
Lahore,PK,120,0.1,1.2,-0.0174544158243272,True,False
Ludhiana,IN,120,0.1,1.2,-0.0190101542537893,True,False
Yokohama,JP,120,0.1,1.5,0.0196705298045629,True,False
Bhayandar,IN,120,0.1,1.5,0.0176936710631205,True,False
Mumbai,IN,120,0.1,1.5,0.0145936897054936,True,False
Delhi,IN,120,0.1,1.5,-0.0175244323883815,True,False
Lahore,PK,120,0.1,1.5,-0.0214645009454885,True,False
Ludhiana,IN,120,0.1,1.5,-0.0230096966956509,True,False
Yokohama,JP,120,0.15,0.5,0.0043825995396287,False,False
Bhayandar,IN,120,0.15,0.5,0.0039301593929777,False,False
Mumbai,IN,120,0.15,0.5,0.0036512150227825,False,False
Delhi,IN,120,0.15,0.5,-0.0040089074596871,False,False
Lahore,PK,120,0.15,0.5,-0.0050820218529968,False,False
Ludhiana,IN,120,0.15,0.5,-0.0058006802612639,False,False
Yokohama,JP,120,0.15,0.8,0.0070093489928302,False,False
Bhayandar,IN,120,0.15,0.8,0.0062889653759812,False,False
Mumbai,IN,120,0.15,0.8,0.0058492612059382,False,False
Delhi,IN,120,0.15,0.8,-0.0063826905602299,False,False
Lahore,PK,120,0.15,0.8,-0.0080436143073111,False,False
Ludhiana,IN,120,0.15,0.8,-0.0090811346137033,False,False
Yokohama,JP,120,0.15,1.0,0.0087592553532326,False,False
Bhayandar,IN,120,0.15,1.0,0.0078617339062689,False,False
Mumbai,IN,120,0.15,1.0,0.0073176262680628,False,False
Delhi,IN,120,0.15,1.0,-0.0079520967764687,False,False
Lahore,PK,120,0.15,1.0,-0.0099820700673759,False,False
Ludhiana,IN,120,0.15,1.0,-0.0111881314003252,True,False
Yokohama,JP,120,0.15,1.2,0.0105081040938287,True,False
Bhayandar,IN,120,0.15,1.2,0.0094346511050848,False,False
Mumbai,IN,120,0.15,1.2,0.008788364969404,False,False
Delhi,IN,120,0.15,1.2,-0.0095110313876347,False,False
Lahore,PK,120,0.15,1.2,-0.0118920976585481,True,False
Ludhiana,IN,120,0.15,1.2,-0.0132329888614239,True,False
Yokohama,JP,120,0.15,1.5,0.0131293013272866,True,False
Bhayandar,IN,120,0.15,1.5,0.0117942375656788,True,False
Mumbai,IN,120,0.15,1.5,0.0109988722952251,True,False
Delhi,IN,120,0.15,1.5,-0.011829841046781,True,False
Lahore,PK,120,0.15,1.5,-0.0147044481359278,True,False
Ludhiana,IN,120,0.15,1.5,-0.0161871565444412,True,False
Yokohama,JP,120,0.2,0.5,0.0032874807754803,False,False
Bhayandar,IN,120,0.2,0.5,0.0029474679073701,False,False
Mumbai,IN,120,0.2,0.5,0.0027369726495524,False,False
Delhi,IN,120,0.2,0.5,-0.0030128515368442,False,False
Lahore,PK,120,0.2,0.5,-0.003828742373009,False,False
Ludhiana,IN,120,0.2,0.5,-0.0043902349489468,False,False
Yokohama,JP,120,0.2,0.8,0.0052584275713056,False,False
Bhayandar,IN,120,0.2,0.8,0.0047163766286272,False,False
Mumbai,IN,120,0.2,0.8,0.0043832930438876,False,False
Delhi,IN,120,0.2,0.8,-0.004802794558804,False,False
Lahore,PK,120,0.2,0.8,-0.0060764530573119,False,False
Ludhiana,IN,120,0.2,0.8,-0.0069104246992729,False,False
Yokohama,JP,120,0.2,1.0,0.006571712134755,False,False
Bhayandar,IN,120,0.2,1.0,0.00589580011938,False,False
Mumbai,IN,120,0.2,1.0,0.0054825435511564,False,False
Delhi,IN,120,0.2,1.0,-0.005988700667204,False,False
Lahore,PK,120,0.2,1.0,-0.0075545259168999,False,False
Ludhiana,IN,120,0.2,1.0,-0.0085444921454932,False,False
Yokohama,JP,120,0.2,1.2,0.007884431717978,False,False
Bhayandar,IN,120,0.2,1.2,0.0070753291126038,False,False
Mumbai,IN,120,0.2,1.2,0.0065831455743098,False,False
Delhi,IN,120,0.2,1.2,-0.0071687037767237,False,False
Lahore,PK,120,0.2,1.2,-0.0090164130940914,False,False
Ludhiana,IN,120,0.2,1.2,-0.0101424983247347,True,False
Yokohama,JP,120,0.2,1.5,0.0098524124531216,False,False
Bhayandar,IN,120,0.2,1.5,0.0088447917089896,False,False
Mumbai,IN,120,0.2,1.5,0.0082365612791459,False,False
Delhi,IN,120,0.2,1.5,-0.0089276568576177,False,False
Lahore,PK,120,0.2,1.5,-0.0111791510421396,True,False
Ludhiana,IN,120,0.2,1.5,-0.0124733501953266,True,False
Yokohama,JP,120,0.25,0.5,0.0026302355412681,False,False
Bhayandar,IN,120,0.25,0.5,0.0023578986277306,False,False
Mumbai,IN,120,0.25,0.5,0.0021888854513521,False,False
Delhi,IN,120,0.25,0.5,-0.0024132447189832,False,False
Lahore,PK,120,0.25,0.5,-0.0030712876341376,False,False
Ludhiana,IN,120,0.25,0.5,-0.0035314084294714,False,False
Yokohama,JP,120,0.25,0.8,0.0042074052309747,False,False
Bhayandar,IN,120,0.25,0.8,0.003772922614361,False,False
Mumbai,IN,120,0.25,0.8,0.0035048722713592,False,False
Delhi,IN,120,0.25,0.8,-0.0038498146437414,False,False
Lahore,PK,120,0.25,0.8,-0.0048822631875544,False,False
Ludhiana,IN,120,0.25,0.8,-0.0055767545755155,False,False
Yokohama,JP,120,0.25,1.0,0.0052584275713056,False,False
Bhayandar,IN,120,0.25,1.0,0.0047163766286272,False,False
Mumbai,IN,120,0.25,1.0,0.0043832930438876,False,False
Delhi,IN,120,0.25,1.0,-0.004802794558804,False,False
Lahore,PK,120,0.25,1.0,-0.0060764530573119,False,False
Ludhiana,IN,120,0.25,1.0,-0.0069104246992729,False,False
Yokohama,JP,120,0.25,1.2,0.0063090998448693,False,False
Bhayandar,IN,120,0.25,1.2,0.0056599065611326,False,False
Mumbai,IN,120,0.25,1.2,0.0052625850162214,False,False
Delhi,IN,120,0.25,1.2,-0.0057519919210766,False,False
Lahore,PK,120,0.25,1.2,-0.007260209918729,False,False
Ludhiana,IN,120,0.25,1.2,-0.00822058500952,False,False
Yokohama,JP,120,0.25,1.5,0.007884431717978,False,False
Bhayandar,IN,120,0.25,1.5,0.0070753291126038,False,False
Mumbai,IN,120,0.25,1.5,0.0065831455743098,False,False
Delhi,IN,120,0.25,1.5,-0.0071687037767237,False,False
Lahore,PK,120,0.25,1.5,-0.0090164130940915,False,False
Ludhiana,IN,120,0.25,1.5,-0.0101424983247347,True,False
Yokohama,JP,150,0.05,0.5,0.013031970371827,True,False
Bhayandar,IN,150,0.05,0.5,0.0117945208572755,True,False
Mumbai,IN,150,0.05,0.5,0.0111997486260654,True,False
Delhi,IN,150,0.05,0.5,-0.0123903045589385,True,False
Lahore,PK,150,0.05,0.5,-0.0155611935263512,True,False
Ludhiana,IN,150,0.05,0.5,-0.0172585411352078,True,False
Yokohama,JP,150,0.05,0.8,0.0208089896343462,True,False
Bhayandar,IN,150,0.05,0.8,0.0188640350102977,True,False
Mumbai,IN,150,0.05,0.8,0.0148562037224241,True,False
Delhi,IN,150,0.05,0.8,-0.0195394183198594,True,False
Lahore,PK,150,0.05,0.8,-0.0241127142904357,True,False
Ludhiana,IN,150,0.05,0.8,-0.0259060335306239,True,False
Yokohama,JP,150,0.05,1.0,0.0216191931839084,True,False
Bhayandar,IN,150,0.05,1.0,0.0235723013579713,True,False
Mumbai,IN,150,0.05,1.0,0.0148562037224241,True,False
Delhi,IN,150,0.05,1.0,-0.0241875789224878,True,False
Lahore,PK,150,0.05,1.0,-0.0295021550482874,True,False
Ludhiana,IN,150,0.05,1.0,-0.0310455972421307,True,False
Yokohama,JP,150,0.05,1.2,0.0216191931839084,True,False
Bhayandar,IN,150,0.05,1.2,0.02436192914998,True,False
Mumbai,IN,150,0.05,1.2,0.0148562037224241,True,False
Delhi,IN,150,0.05,1.2,-0.0287420231961362,True,False
Lahore,PK,150,0.05,1.2,-0.034651331399943,True,False
Ludhiana,IN,150,0.05,1.2,-0.0357297745628297,True,False
Yokohama,JP,150,0.05,1.5,0.0216191931839084,True,False
Bhayandar,IN,150,0.05,1.5,0.02436192914998,True,False
Mumbai,IN,150,0.05,1.5,0.0148562037224241,True,False
Delhi,IN,150,0.05,1.5,-0.035399317564092,True,False
Lahore,PK,150,0.05,1.5,-0.0419416877020137,True,False
Ludhiana,IN,150,0.05,1.5,-0.0419808434346324,True,False
Yokohama,JP,150,0.075,0.5,0.008697142106308,False,False
Bhayandar,IN,150,0.075,0.5,0.0078642272097415,False,False
Mumbai,IN,150,0.075,0.5,0.0074533338212005,False,False
Delhi,IN,150,0.075,0.5,-0.008326379609908,False,False
Lahore,PK,150,0.075,0.5,-0.0105598426702566,True,False
Ludhiana,IN,150,0.075,0.5,-0.0119240526719688,True,False
Yokohama,JP,150,0.075,0.8,0.013897754275868,True,False
Bhayandar,IN,150,0.075,0.8,0.0125803718247022,True,False
Mumbai,IN,150,0.075,0.8,0.0119505608662495,True,False
Delhi,IN,150,0.075,0.8,-0.0131951722056797,True,False
Lahore,PK,150,0.075,0.8,-0.01653971516885,True,False
Ludhiana,IN,150,0.075,0.8,-0.018278438771367,True,False
Yokohama,JP,150,0.075,1.0,0.0173567807773968,True,False
Bhayandar,IN,150,0.075,1.0,0.0157229538522059,True,False
Mumbai,IN,150,0.075,1.0,0.0148562037224241,True,False
Delhi,IN,150,0.075,1.0,-0.0163883117547764,True,False
Lahore,PK,150,0.075,1.0,-0.0203824544111302,True,False
Ludhiana,IN,150,0.075,1.0,-0.0222078386995162,True,False
Yokohama,JP,150,0.075,1.2,0.0208089896343462,True,False
Bhayandar,IN,150,0.075,1.2,0.0188640350102977,True,False
Mumbai,IN,150,0.075,1.2,0.0148562037224241,True,False
Delhi,IN,150,0.075,1.2,-0.0195394183198594,True,False
Lahore,PK,150,0.075,1.2,-0.0241127142904358,True,False
Ludhiana,IN,150,0.075,1.2,-0.0259060335306239,True,False
Yokohama,JP,150,0.075,1.5,0.0216191931839084,True,False
Bhayandar,IN,150,0.075,1.5,0.0235723013579713,True,False
Mumbai,IN,150,0.075,1.5,0.0148562037224241,True,False
Delhi,IN,150,0.075,1.5,-0.0241875789224878,True,False
Lahore,PK,150,0.075,1.5,-0.0295021550482874,True,False
Ludhiana,IN,150,0.075,1.5,-0.0310455972421307,True,False
Yokohama,JP,150,0.1,0.5,0.0065261712299535,False,False
Bhayandar,IN,150,0.1,0.5,0.0058985342808487,False,False
Mumbai,IN,150,0.1,0.5,0.0055849898180462,False,False
Delhi,IN,150,0.1,0.5,-0.0062696326755994,False,False
Lahore,PK,150,0.1,0.5,-0.0079903019323933,False,False
Ludhiana,IN,150,0.1,0.5,-0.009104669682599,False,False
Yokohama,JP,150,0.1,0.8,0.0104322346902282,True,False
Bhayandar,IN,150,0.1,0.8,0.0094365369030746,False,False
Mumbai,IN,150,0.1,0.8,0.0089503577114443,False,False
Delhi,IN,150,0.1,0.8,-0.0099598736539215,False,False
Lahore,PK,150,0.1,0.8,-0.0125822680244382,True,False
Ludhiana,IN,150,0.1,0.8,-0.0141056354287442,True,False
Yokohama,JP,150,0.1,1.0,0.013031970371827,True,False
Bhayandar,IN,150,0.1,1.0,0.0117945208572755,True,False
Mumbai,IN,150,0.1,1.0,0.0111997486260654,True,False
Delhi,IN,150,0.1,1.0,-0.0123903045589385,True,False
Lahore,PK,150,0.1,1.0,-0.0155611935263512,True,False
Ludhiana,IN,150,0.1,1.0,-0.0172585411352078,True,False
Yokohama,JP,150,0.1,1.2,0.0156280995074556,True,False
Bhayandar,IN,150,0.1,1.2,0.0141518349588798,True,False
Mumbai,IN,150,0.1,1.2,0.0134536890085256,True,False
Delhi,IN,150,0.1,1.2,-0.0147970043380937,True,False
Lahore,PK,150,0.1,1.2,-0.0184752847969024,True,False
Ludhiana,IN,150,0.1,1.2,-0.0202727935233401,True,False
Yokohama,JP,150,0.1,1.5,0.019515230749457,True,False
Bhayandar,IN,150,0.1,1.5,0.0176863211808973,True,False
Mumbai,IN,150,0.1,1.5,0.0148562037224241,True,False
Delhi,IN,150,0.1,1.5,-0.0183626704661314,True,False
Lahore,PK,150,0.1,1.5,-0.0227269051853021,True,False
Ludhiana,IN,150,0.1,1.5,-0.0245455454157849,True,False
Yokohama,JP,150,0.15,0.5,0.0043529365588282,False,False
Bhayandar,IN,150,0.15,0.5,0.0039325582503446,False,False
Mumbai,IN,150,0.15,0.5,0.0037199537325511,False,False
Delhi,IN,150,0.15,0.5,-0.0041963328544295,False,False
Lahore,PK,150,0.15,0.5,-0.0053741546821282,False,False
Ludhiana,IN,150,0.15,0.5,-0.0061796680718,False,False
Yokohama,JP,150,0.15,0.8,0.0069605490935061,False,False
Bhayandar,IN,150,0.15,0.8,0.0062916974588914,False,False
Mumbai,IN,150,0.15,0.8,0.0059583955524945,False,False
Delhi,IN,150,0.15,0.8,-0.0066823056315246,False,False
Lahore,PK,150,0.15,0.8,-0.0085079220596413,False,False
Ludhiana,IN,150,0.15,0.8,-0.0096768942166948,False,False
Yokohama,JP,150,0.15,1.0,0.008697142106308,False,False
Bhayandar,IN,150,0.15,1.0,0.0078642272097415,False,False
Mumbai,IN,150,0.15,1.0,0.0074533338212005,False,False
Delhi,IN,150,0.15,1.0,-0.008326379609908,False,False
Lahore,PK,150,0.15,1.0,-0.0105598426702566,True,False
Ludhiana,IN,150,0.15,1.0,-0.0119240526719688,True,False
Yokohama,JP,150,0.15,1.2,0.0104322346902282,True,False
Bhayandar,IN,150,0.15,1.2,0.0094365369030746,False,False
Mumbai,IN,150,0.15,1.2,0.0089503577114443,False,False
Delhi,IN,150,0.15,1.2,-0.0099598736539215,False,False
Lahore,PK,150,0.15,1.2,-0.0125822680244382,True,False
Ludhiana,IN,150,0.15,1.2,-0.0141056354287442,True,False
Yokohama,JP,150,0.15,1.5,0.013031970371827,True,False
Bhayandar,IN,150,0.15,1.5,0.0117945208572755,True,False
Mumbai,IN,150,0.15,1.5,0.0111997486260654,True,False
Delhi,IN,150,0.15,1.5,-0.0123903045589385,True,False
Lahore,PK,150,0.15,1.5,-0.0155611935263512,True,False
Ludhiana,IN,150,0.15,1.5,-0.0172585411352078,True,False
Yokohama,JP,150,0.2,0.5,0.0032654955867428,False,False
Bhayandar,IN,150,0.2,0.5,0.0029494830620756,False,False
Mumbai,IN,150,0.2,0.5,0.0027886914135221,False,False
Delhi,IN,150,0.2,0.5,-0.0031534694853814,False,False
Lahore,PK,150,0.2,0.5,-0.0040484431710788,False,False
Ludhiana,IN,150,0.2,0.5,-0.0046765635877172,False,False
Yokohama,JP,150,0.2,0.8,0.0052224969088573,False,False
Bhayandar,IN,150,0.2,0.8,0.0047189787460286,False,False
Mumbai,IN,150,0.2,0.8,0.0044655680870154,False,False
Delhi,IN,150,0.2,0.8,-0.0050276404206389,False,False
Lahore,PK,150,0.2,0.8,-0.0064262393427162,False,False
Ludhiana,IN,150,0.2,0.8,-0.0073625465468779,False,False
Yokohama,JP,150,0.2,1.0,0.0065261712299535,False,False
Bhayandar,IN,150,0.2,1.0,0.0058985342808487,False,False
Mumbai,IN,150,0.2,1.0,0.0055849898180462,False,False
Delhi,IN,150,0.2,1.0,-0.0062696326755994,False,False
Lahore,PK,150,0.2,1.0,-0.0079903019323933,False,False
Ludhiana,IN,150,0.2,1.0,-0.009104669682599,False,False
Yokohama,JP,150,0.2,1.2,0.0078290305783241,False,False
Bhayandar,IN,150,0.2,1.2,0.0070779878984164,False,False
Mumbai,IN,150,0.2,1.2,0.0067056024066955,False,False
Delhi,IN,150,0.2,1.2,-0.0075056658426821,False,False
Lahore,PK,150,0.2,1.2,-0.0095375860232384,False,False
Ludhiana,IN,150,0.2,1.2,-0.0108087708554348,True,False
Yokohama,JP,150,0.2,1.5,0.0097817534155943,False,False
Bhayandar,IN,150,0.2,1.5,0.0088469485292034,False,False
Mumbai,IN,150,0.2,1.5,0.0083887309486676,False,False
Delhi,IN,150,0.2,1.5,-0.0093485524637309,False,False
Lahore,PK,150,0.2,1.5,-0.0118272979254566,True,False
Ludhiana,IN,150,0.2,1.5,-0.0132951248433921,True,False
Yokohama,JP,150,0.25,0.5,0.0026127732827717,False,False
Bhayandar,IN,150,0.25,0.5,0.0023596144305796,False,False
Mumbai,IN,150,0.25,0.5,0.0022303393491423,False,False
Delhi,IN,150,0.25,0.5,-0.0025257618749737,False,False
Lahore,PK,150,0.25,0.5,-0.0032473356038612,False,False
Ludhiana,IN,150,0.25,0.5,-0.0037614762962059,False,False
Yokohama,JP,150,0.25,0.8,0.0041789824117624,False,False
Bhayandar,IN,150,0.25,0.8,0.0037752697579483,False,False
Mumbai,IN,150,0.25,0.8,0.0035708952110493,False,False
Delhi,IN,150,0.25,0.8,-0.0040297531888419,False,False
Lahore,PK,150,0.25,0.8,-0.0051628340963637,False,False
Ludhiana,IN,150,0.25,0.8,-0.0059410098024471,False,False
Yokohama,JP,150,0.25,1.0,0.0052224969088573,False,False
Bhayandar,IN,150,0.25,1.0,0.0047189787460286,False,False
Mumbai,IN,150,0.25,1.0,0.0044655680870154,False,False
Delhi,IN,150,0.25,1.0,-0.0050276404206389,False,False
Lahore,PK,150,0.25,1.0,-0.0064262393427162,False,False
Ludhiana,IN,150,0.25,1.0,-0.0073625465468779,False,False
Yokohama,JP,150,0.25,1.2,0.0062655010050641,False,False
Bhayandar,IN,150,0.25,1.2,0.0056626309073105,False,False
Mumbai,IN,150,0.25,1.2,0.005361009864917,False,False
Delhi,IN,150,0.25,1.2,-0.0060217110932155,False,False
Lahore,PK,150,0.25,1.2,-0.0076788352630071,False,False
Ludhiana,IN,150,0.25,1.2,-0.0087593087704374,False,False
Yokohama,JP,150,0.25,1.5,0.0078290305783241,False,False
Bhayandar,IN,150,0.25,1.5,0.0070779878984164,False,False
Mumbai,IN,150,0.25,1.5,0.0067056024066955,False,False
Delhi,IN,150,0.25,1.5,-0.0075056658426821,False,False
Lahore,PK,150,0.25,1.5,-0.0095375860232384,False,False
Ludhiana,IN,150,0.25,1.5,-0.0108087708554348,True,False
