ghsl_uc_id,ghsl_uc_name,ghsl_country_name,ghsl_area_km2,ghsl_pop_2025,n_geonames_points,matched_city_names,geonames_population_sum,population_weighted_dP,max_abs_dP,median_dP,n_material_point_hotspots,material_point_names
7599,Mumbai,India,738.0,20453270.03,5,Mumbai; Navi Mumbai; Thāne; Bhiwandi; Bhayandar,18816734,0.009026036785906045,0.0117697302764608,0.0086312201636333,2,Bhayandar; Mumbai
6229,Ludhiana,India,226.0,2323217.464,1,Ludhiana,1618879,-0.0153533212038833,0.0153533212038833,-0.0153533212038833,1,Ludhiana
7794,Lahore,Pakistan,898.0,14305060.03,1,Lahore,13004135,-0.0140276495434888,0.0140276495434888,-0.0140276495434888,1,Lahore
5929,Tokyo,Japan,5165.0,33155906.87,6,Tokyo; Yokohama; Kawasaki; Saitama; Chiba; Setagaya,18293722,0.007179528184140917,0.0131823600667306,0.0003764395861375,1,Yokohama
7963,New Delhi,India,2139.0,31422507.92,6,Delhi; Faridabad; Najafgarh; Ghāziābād; Gurugram; Rohini,16759315,-0.008640855607571909,0.0113766608006131,-0.00230922704592835,1,Delhi
3570,Dar es-Salaam,Tanzania,907.0,8918524.621,1,Dar es Salaam,5383728,0.0099400650158641,0.0099400650158641,0.0099400650158641,0,
6913,Surat,India,296.0,7100723.104,1,Surat,4591246,0.0096221809737705,0.0096221809737705,0.0096221809737705,0,
8012,Nashik,India,192.0,1970969.903,1,Nashik,1486053,0.009150408807873,0.009150408807873,0.009150408807873,0,
1991,Srinagar,India,168.0,1340177.15,1,Srinagar,1206419,-0.0086285932427188,0.0086285932427188,-0.0086285932427188,0,
7739,Kalyan-Dombivli,India,175.0,3214860.965,2,Kalyān; Dombivali,2509582,0.00684652508048541,0.0083292880236759,0.0068552929939482005,0,
5029,Yangon,Myanmar,545.0,6190957.71,1,Yangon,4477638,0.0078525840287735,0.0078525840287735,0.0078525840287735,0,
9127,Tianjin,China,671.0,7330647.551,1,Tianjin,11090314,0.0073736357294239,0.0073736357294239,0.0073736357294239,0,
5098,Seattle,United States,1123.0,2099643.254,1,Seattle,780995,-0.0067245943704312,0.0067245943704312,-0.0067245943704312,0,
5853,Puebla,México,375.0,1949859.502,1,Puebla,1692181,-0.006715498408346,0.006715498408346,-0.006715498408346,0,
10008,Varanasi,India,381.0,3812495.5,1,Varanasi,1164404,0.0064547441040125,0.0064547441040125,0.0064547441040125,0,
7439,Chattogram,Bangladesh,519.0,5175717.307,1,Chattogram,3920222,0.0063066447842901,0.0063066447842901,0.0063066447842901,0,
10586,Patna,India,262.0,3434078.365,1,Patna,1684297,0.006098119810889201,0.0060981198108892,0.0060981198108892,0,
9244,Kanpur,India,309.0,4413624.598,1,Kanpur,2823249,0.005955810106998499,0.0059558101069985,0.0059558101069985,0,
70,Turin,Italy,212.0,1243448.069,1,Turin,847287,-0.0058121023331525,0.0058121023331525,-0.0058121023331525,0,
4175,Barcelona,Venezuela,144.0,688689.5729,1,Barcelona,815141,0.0055937627238466,0.0055937627238466,0.0055937627238466,0,
6477,Diyarbakir,Turkey,75.0,648873.8453,1,Diyarbakır,1833684,-0.0055730278091667,0.0055730278091667,-0.0055730278091667,0,
9714,Prayagraj,India,156.0,2358994.904,1,Prayagraj,1073438,0.005399910094125,0.005399910094125,0.005399910094125,0,
8035,Makassar,Indonesia,343.0,2241888.193,1,Makassar,1423877,0.005239330970689,0.005239330970689,0.005239330970689,0,
2389,Rangpur,Bangladesh,64.0,611286.5341,1,Rangpur,1031388,-0.0051411198019189,0.0051411198019189,-0.0051411198019189,0,
11352,Kolkata,India,2482.0,23314585.33,2,Kolkata; Howrah,5659064,0.005093130186782715,0.0050947550306674,0.00509376233824,0,
8336,Luzhou,China,64.0,446057.7543,1,Luzhou,998900,0.0050042128246746,0.0050042128246746,0.0050042128246746,0,
10832,Ranchi,India,200.0,1817833.171,1,Ranchi,1120374,0.004955914891752,0.004955914891752,0.004955914891752,0,
4628,San Félix,Venezuela,73.0,148642.3779,1,Ciudad Guayana,978202,0.004915952855939,0.004915952855939,0.004915952855939,0,
10695,Xiuying District,China,199.0,1374151.77,1,Haikou,2873358,0.0048257107875001,0.0048257107875001,0.0048257107875001,0,
11345,Shanghai,China,3128.0,30678616.23,8,Shanghai; Pudong; Baoshan; Putuo; Yangpu; Xuhui; Jing’an; Zhabei,38158112,0.001735054359879452,0.0047006544213692,0.0027834557053480497,0,
10224,Vijayawada,India,115.0,1240028.94,1,Vijayawada,1143232,0.0045902708923863,0.0045902708923863,0.0045902708923863,0,
9431,Kaifeng,China,193.0,1296333.573,1,Kaifeng,1451741,0.0043969392064603,0.0043969392064603,0.0043969392064603,0,
9489,Qinhuangdao,China,152.0,727667.2924,1,Qinhuangdao,759718,0.0042830898810408,0.0042830898810408,0.0042830898810408,0,
4165,Bayannur,China,52.0,270742.2309,1,Bayan Nur,1760000,-0.0042411337674424,0.0042411337674424,-0.0042411337674424,0,
5213,Nagoya,Japan,2392.0,7721742.251,1,Nagoya,2332176,0.0041915709353172,0.0041915709353172,0.0041915709353172,0,
9571,Luohe,China,191.0,1183149.362,1,Luohe,1294974,0.0040014589304054,0.0040014589304054,0.0040014589304054,0,
7449,Hanzhong,China,54.0,371212.2285,1,Hanzhong,1006557,0.003910982978689,0.003910982978689,0.003910982978689,0,
964,Budapest,Hungary,368.0,1743875.314,2,Budapest; Pest,2742789,-0.0018059109837085749,0.0038863109117462,-0.00224760796384825,0,
1530,Mosul,Iraq,153.0,1678252.637,2,Al Mawşil al Jadīdah; Mosul,3748597,-0.00269448865676475,0.003823520628428,-0.0027990502545165,0,
3105,Guadalajara,México,598.0,4138349.881,2,Zapopan; Guadalajara,2862120,-0.0026240680615032008,0.0037921671925452,-0.00266000997487915,0,
1461,San Francisco,United States,1614.0,4718348.828,2,San Jose; San Francisco,1824894,-0.0014244439338562149,0.0037395549434221,-0.00162156429669455,0,
1088,Benghazi,Libya,150.0,599690.5151,1,Benghazi,757490,0.0036816993522626996,0.0036816993522627,0.0036816993522627,0,
3175,Accra,Ghana,1121.0,5890466.043,1,Accra,1963264,0.0036759540436972,0.0036759540436972,0.0036759540436972,0,
9466,Jabalpur,India,147.0,1621134.785,1,Jabalpur,1081677,0.0035819517574923,0.0035819517574923,0.0035819517574923,0,
2323,Manila,Philippines,2555.0,25921189.32,6,Quezon City; Caloocan; Manila; Taguig; Antipolo; Pasig City,9472062,0.001182204105579072,0.0034897418002498,0.0008512396348927501,0,
4907,Niigata,Japan,153.0,437871.2881,1,Niigata,797591,-0.0034359910290833,0.0034359910290833,-0.0034359910290833,0,
7943,Shunqing,China,89.0,1110773.197,1,Nanchong,1858875,0.0033759501018316,0.0033759501018316,0.0033759501018316,0,
8584,Linfen,China,157.0,1090241.238,1,Linfen,959198,0.0033597281576323,0.0033597281576323,0.0033597281576323,0,
11032,Jamshedpur,India,161.0,2007932.496,1,Jamshedpur,1339438,0.003275903248584,0.003275903248584,0.003275903248584,0,
10813,Anqing,China,70.0,469918.8133,1,Anqing,804493,-0.0032250734790999,0.0032250734790999,-0.0032250734790999,0,
4581,Zhongwei,China,25.0,173278.5449,1,Zhongwei,1174600,-0.0030726814569047,0.0030726814569047,-0.0030726814569047,0,
8047,Rasoi,India,94.0,698923.968,1,Narela,800000,-0.0030309944519241,0.0030309944519241,-0.0030309944519241,0,
4997,Wuzhong,China,48.0,245267.776,1,Wuzhong,7202654,-0.0029932514957789,0.0029932514957789,-0.0029932514957789,0,
1268,Maracaibo,Venezuela,295.0,2142105.375,1,Maracaibo,1752602,0.0029827278373295,0.0029827278373295,0.0029827278373295,0,
5596,Midsayap,Philippines,23.0,87377.6063,2,Budta; Malingao,2395689,0.0029249833175390588,0.0029638183406366,0.00292729657648625,0,
10113,Dalian,China,516.0,3599519.205,1,Dalian,4913879,0.002896224481439,0.002896224481439,0.002896224481439,0,
2902,Mombasa,Kenya,181.0,1617738.965,1,Mombasa,1208333,0.0028114281985759,0.0028114281985759,0.0028114281985759,0,
10300,Chennai,India,1052.0,11466400.34,1,Chennai,4681087,0.0026832935777019,0.0026832935777019,0.0026832935777019,0,
3275,Cartagena,Colombia,114.0,925945.2183,1,Cartagena,914552,0.0026785270490979,0.0026785270490979,0.0026785270490979,0,
7563,Vasai-Virar,India,128.0,1551310.96,1,Virār,1222390,0.0025991780956606,0.0025991780956606,0.0025991780956606,0,
2597,Mandalay,Myanmar,205.0,1849445.916,1,Mandalay,1208099,0.0025833231311815,0.0025833231311815,0.0025833231311815,0,
5492,Dera Ismail Khan,Pakistan,63.0,381589.8698,1,Dera Ismail Khan,763195,-0.0025807271329828,0.0025807271329828,-0.0025807271329828,0,
7318,Ziyang,China,57.0,516027.5989,1,Ziyang,905729,0.0025591202315672994,0.0025591202315673,0.0025591202315673,0,
1667,Santo Domingo,Dominican Republic,483.0,4593163.695,1,Santo Domingo,2201941,0.0024767920648013,0.0024767920648013,0.0024767920648013,0,
3968,Barranquilla,Colombia,157.0,2166638.375,1,Barranquilla,1206319,0.0024053116310744,0.0024053116310744,0.0024053116310744,0,
2747,Rabat,Morocco,203.0,2094220.784,2,Rabat; Salé,2628052,-0.0017329059822941571,0.0023555736187819,-0.0018614169035571998,0,
3886,Tangier,Morocco,86.0,1300223.171,1,Tangier,1035141,-0.0023111798347327,0.0023111798347327,-0.0023111798347327,0,
5065,Cebu City,Philippines,416.0,3191585.379,1,Cebu City,965332,0.002276329626615,0.002276329626615,0.002276329626615,0,
3307,Baghdad,Iraq,688.0,6891721.864,3,Baghdad; Sadr City; Abū Ghurayb,9327849,-0.0019081563654211359,0.0022428271673237,-0.0012193354934096,0,
10721,Jiujiang,China,99.0,570902.5578,1,Jiujiang,1164268,-0.0022378165702468,0.0022378165702468,-0.0022378165702468,0,
7459,Surabaya,Indonesia,1304.0,6856993.107,1,Surabaya,2874314,0.0022082061862322,0.0022082061862322,0.0022082061862322,0,
348,Seoul,South Korea,2282.0,22261691.61,6,Seoul; Incheon; Suwon; Goyang-si; Seongnam-si; Bucheon-si,17426691,0.0015597607219421906,0.0021926419501853,0.00069305176845765,0,
4529,Antalya,Turkey,258.0,1372672.143,1,Antalya,1335002,-0.0021886002904899,0.0021886002904899,-0.0021886002904899,0,
2155,Rajshahi,Bangladesh,139.0,805559.7922,1,Rajshahi,763580,-0.0021503134704165,0.0021503134704165,-0.0021503134704165,0,
10099,Fuyang,China,199.0,1026178.734,1,Fuyang,1768947,-0.0020405435224123,0.0020405435224123,-0.0020405435224123,0,
8331,Weinan,China,47.0,273989.0197,1,Weinan,1199290,0.002007256314618,0.002007256314618,0.002007256314618,0,
291,Alexandria,Egypt,439.0,6931368.874,1,Alexandria,5263542,0.0019576794418436,0.0019576794418436,0.0019576794418436,0,
11621,Fuzhou,China,256.0,2880409.893,1,Fuzhou,3740000,-0.0019431239035406,0.0019431239035406,-0.0019431239035406,0,
351,Sapporo,Japan,353.0,1931423.54,1,Sapporo,1973832,0.001933859674291,0.001933859674291,0.001933859674291,0,
11225,Nantong,China,658.0,2608603.798,1,Nantong,2273326,0.0019166321843848,0.0019166321843848,0.0019166321843848,0,
1147,Auckland,New Zealand,638.0,1623897.767,1,Auckland,1547200,0.0019078322068631,0.0019078322068631,0.0019078322068631,0,
7915,Xianyang,China,113.0,564730.9671,1,Xianyang,1034081,0.0018758121915692,0.0018758121915692,0.0018758121915692,0,
5831,Hamamatsu,Japan,254.0,267033.0184,1,Hamamatsu,791707,0.0018496808038376,0.0018496808038376,0.0018496808038376,0,
2457,Karachi,Pakistan,834.0,21031702.73,1,Karachi,11624219,0.0018106153343679,0.0018106153343679,0.0018106153343679,0,
2637,Istanbul,Turkey,1269.0,14210222.07,1,Istanbul,15701602,-0.0017871685276213,0.0017871685276213,-0.0017871685276213,0,
4490,Naples,Italy,618.0,2885079.239,1,Naples,909048,-0.0017659817446177,0.0017659817446177,-0.0017659817446177,0,
4522,Valencia,Spain,223.0,1404208.285,1,Valencia,824340,-0.0017649770510182,0.0017649770510182,-0.0017649770510182,0,
1744,Tainan,Taiwan,202.0,1010791.827,1,Tainan,1856642,0.001610778367505,0.001610778367505,0.001610778367505,0,
573,Belgrade,Serbia,191.0,1200546.585,1,Belgrade,1273651,-0.0015988441037686,0.0015988441037686,-0.0015988441037686,0,
1027,Kitakyushu,Japan,388.0,1208934.612,1,Kitakyushu,940978,0.0015969601989614,0.0015969601989614,0.0015969601989614,0,
2171,Lima,Peru,984.0,10828103.83,2,Lima; Callao,9037002,-0.000596214426884526,0.0015812622489771,-0.0010059826291484999,0,
4356,Lanzhou,China,250.0,2689402.429,1,Lanzhou,3000000,0.0015712382400322,0.0015712382400322,0.0015712382400322,0,
2921,Hiroshima,Japan,338.0,1150147.517,1,Hiroshima,1200754,0.0015640616549372,0.0015640616549372,0.0015640616549372,0,
5872,Davao City,Philippines,227.0,1651085.903,1,Davao,1848947,0.0015205006009754,0.0015205006009754,0.0015205006009754,0,
7831,Neijiang,China,37.0,316065.1001,1,Neijiang,1251095,0.0014456937895842,0.0014456937895842,0.0014456937895842,0,
798,Santiago de los Caballeros,Dominican Republic,117.0,678295.8372,1,Santiago de los Caballeros,1200000,0.0014016720464758,0.0014016720464758,0.0014016720464758,0,
1269,Port-au-Prince,Haiti,275.0,1733377.8,1,Port-au-Prince,1234742,0.0013811960865968,0.0013811960865968,0.0013811960865968,0,
3938,Rome,Italy,467.0,2476089.431,1,Rome,2318895,-0.0013312110117336,0.0013312110117336,-0.0013312110117336,0,
5678,Hyderabad,Pakistan,144.0,2956488.276,1,Hyderabad,1921275,0.0013306612472312,0.0013306612472312,0.0013306612472312,0,
3687,Pyinmana [Nay Pyi Taw],Myanmar,89.0,556726.2982,1,Nay Pyi Taw,925000,0.0013303005997146,0.0013303005997146,0.0013303005997146,0,
9277,Zhengzhou,China,642.0,5126112.049,1,Zhengzhou,4253913,0.0012674802393856,0.0012674802393856,0.0012674802393856,0,
9191,Anyang,China,209.0,1736590.279,1,Anyang,1146839,0.0012147377205101,0.0012147377205101,0.0012147377205101,0,
945,Oran,Algeria,178.0,1261237.6,1,Oran,803329,-0.0011892114031741,0.0011892114031741,-0.0011892114031741,0,
4407,Fez,Morocco,106.0,1434234.525,1,Fes,1191905,-0.0011678201209472,0.0011678201209472,-0.0011678201209472,0,
907,Fukuoka,Japan,450.0,2213305.216,1,Fukuoka,1612392,0.0011292210388418,0.0011292210388418,0.0011292210388418,0,
6784,Panzhihua,China,38.0,292350.2902,1,Panzhihua,787177,0.0011250293667992,0.0011250293667992,0.0011250293667992,0,
5181,Bandar Lampung,Indonesia,176.0,1257827.767,1,Bandar Lampung,1166066,0.0010293927583578,0.0010293927583578,0.0010293927583578,0,
1081,Vienna,Austria,325.0,2056564.784,1,Vienna,1691468,-0.0009995313420966,0.0009995313420966,-0.0009995313420966,0,
10851,Yangjiang,China,84.0,490069.2173,1,Yangjiang,1292987,0.0009961720420938,0.0009961720420938,0.0009961720420938,0,
8557,Chongqing,China,653.0,8449690.334,1,Chongqing,7457599,0.0009810779997386,0.0009810779997386,0.0009810779997386,0,
1186,Cologne,Germany,296.0,1156303.314,1,Köln,1024621,-0.0009606448421492,0.0009606448421492,-0.0009606448421492,0,
5472,Jakarta,Indonesia,4614.0,40545125.86,6,Jakarta; Bekasi; Depok; Tangerang; South Tangerang; Bogor,17695333,0.0005937286002901319,0.0009605569416031,0.00025741084524615,0,
10927,Wuhu,China,197.0,2137949.349,1,Wuhu,1598165,-0.0009051439761154,0.0009051439761154,-0.0009051439761154,0,
5827,Tianshui,China,48.0,584188.6461,1,Tianshui,1212791,0.000896197666793,0.000896197666793,0.000896197666793,0,
6522,Erzurum,Turkey,27.0,162678.2729,1,Erzurum,767848,-0.0008920058235072,0.0008920058235072,-0.0008920058235072,0,
3874,Hải Phòng,Vietnam,221.0,922306.6795,1,Haiphong,2625200,0.0008755768894566,0.0008755768894566,0.0008755768894566,0,
3324,Changwon,South Korea,110.0,668434.074,1,Changwon,1025702,0.0008700584934065,0.0008700584934065,0.0008700584934065,0,
1919,Kaohsiung,Taiwan,372.0,2294771.919,1,Kaohsiung,2737660,0.0007876052972501,0.0007876052972501,0.0007876052972501,0,
7829,Sialkot,Pakistan,180.0,1830743.69,1,Sialkot,911817,-0.0007796467880671,0.0007796467880671,-0.0007796467880671,0,
7021,Vadodara,India,214.0,2269389.884,1,Vadodara,1822221,0.0007753986476834,0.0007753986476834,0.0007753986476834,0,
8975,Langfang,China,144.0,512854.2475,1,Langfang,868066,0.0007721279813353,0.0007721279813353,0.0007721279813353,0,
5236,Baotou,China,235.0,1645071.521,1,Baotou,2150000,-0.0007702065404044,0.0007702065404044,-0.0007702065404044,0,
1999,Hanoi,Vietnam,925.0,4965520.0,1,Hanoi,8053663,0.0007661094018628,0.0007661094018628,0.0007661094018628,0,
9757,Dongying,China,187.0,646178.0296,1,Dongying,998968,0.0007503506881893,0.0007503506881893,0.0007503506881893,0,
8326,Taiyuan,China,367.0,4332180.125,1,Taiyuan,4303673,0.0007481143005881,0.0007481143005881,0.0007481143005881,0,
11015,Zhenjiang,China,90.0,782534.4796,1,Zhenjiang,950516,0.0007220839788225,0.0007220839788225,0.0007220839788225,0,
4605,Cairo,Egypt,1680.0,25230324.96,3,Cairo; Giza; Shubrā al Khaymah,15214548,0.00020253363806525538,0.00070556806689,3.8857805861880484e-16,0,
4655,Yinchuan,China,253.0,1913287.29,1,Yinchuan,1487579,-0.0006979767837894,0.0006979767837894,-0.0006979767837894,0,
8635,Ankang,China,105.0,807066.4361,1,Ankang,870126,0.0006825083072400999,0.0006825083072401,0.0006825083072401,0,
792,Guayaquil,Ecuador,314.0,3247674.482,1,Guayaquil,2723665,-0.0006497006440756,0.0006497006440756,-0.0006497006440756,0,
11623,Quanzhou,China,799.0,3384624.24,2,Quanzhou; Jinjiang,2885308,-0.00042542469452502575,0.0006216479062742,-0.0004217524139695,0,
8258,Pune,India,580.0,6674000.048,4,Pune; Pimpri-Chinchwad; Pimpri; Shivaji Nagar,7136756,0.00022221429609131828,0.0006171175405221,0.0001907913756566197,0,
1158,Cali,Colombia,186.0,2691615.942,1,Cali,2392877,0.0006105155087874,0.0006105155087874,0.0006105155087874,0,
2614,Barquisimeto,Venezuela,139.0,853705.7149,1,Barquisimeto,1240714,0.0005986854645656,0.0005986854645656,0.0005986854645656,0,
9390,Mysuru,India,142.0,1297639.195,1,Mysuru,920550,0.0005723038697131,0.0005723038697131,0.0005723038697131,0,
5628,Adana,Turkey,128.0,523157.8865,1,Adana,1816750,-0.0005665372238081,0.0005665372238081,-0.0005665372238081,0,
258,Tripoli,Libya,465.0,1248354.011,1,Tripoli,1302947,0.0005650613683371,0.0005650613683371,0.0005650613683371,0,
458,Beirut,Lebanon,199.0,1538385.522,2,Beirut; Ra’s Bayrūt,3167839,0.00032067847125219067,0.0005301694941249,0.0002650847470625888,0,
7901,Yibin,China,37.0,234841.4453,1,Yibin,836340,0.0005162069294723,0.0005162069294723,0.0005162069294723,0,
367,Havana,Cuba,321.0,1632771.662,1,Havana,2163824,0.0005034226792101,0.0005034226792101,0.0005034226792101,0,
11500,Guwahati,India,194.0,1375936.954,1,Guwahati,962334,0.0005028785885829,0.0005028785885829,0.0005028785885829,0,
6090,Dhaka,Bangladesh,6611.0,37307159.73,3,Dhaka; Gazipur; Comilla,14061197,0.00037541552223323304,0.000501866092094,2.933684224548129e-05,0,
8234,Kota,India,132.0,1220154.188,1,Kota,1001694,0.000491096082124,0.000491096082124,0.000491096082124,0,
467,Tbilisi,Georgia,151.0,988277.7269,1,Tbilisi,1049498,-0.000482262754851,0.000482262754851,-0.000482262754851,0,
9113,Jiaozuo,China,135.0,723574.9448,1,Jiaozuo,865413,0.0004495476012168,0.0004495476012168,0.0004495476012168,0,
1142,Taipei,Taiwan,972.0,9686521.352,2,Taipei; New Taipei City,11876267,0.0004165218934767463,0.0004195205423698,0.00041507380273615,0,
8660,Agra,India,209.0,2790455.796,1,Agra,1430055,0.00041304537317110005,0.0004130453731711,0.0004130453731711,0,
10199,Linyi,China,829.0,1555397.381,1,Linyi,2743843,0.0003796795217104,0.0003796795217104,0.0003796795217104,0,
11173,Huizhou,China,152.0,1061951.602,1,Huizhou,2900113,-0.0003771200649233,0.0003771200649233,-0.0003771200649233,0,
11122,Bhubaneshwar,India,155.0,1173697.418,1,Bhubaneswar,885363,0.0003474043925275,0.0003474043925275,0.0003474043925275,0,
9409,Pingdingshan,China,121.0,703495.1341,1,Pingdingshan,979130,0.0003472585029559,0.0003472585029559,0.0003472585029559,0,
3831,Ulsan,South Korea,199.0,887567.7324,1,Ulsan,1098421,0.0003399052354951,0.0003399052354951,0.0003399052354951,0,
5559,Kayseri,Turkey,160.0,893375.5148,1,Kayseri,1452458,-0.0003388840098605,0.0003388840098605,-0.0003388840098605,0,
10447,Bengbu,China,134.0,671788.502,1,Bengbu,972784,-0.0003342250636843,0.0003342250636843,-0.0003342250636843,0,
8363,Natal,Brazil,210.0,1133223.558,1,Natal,896708,0.0003325867328523,0.0003325867328523,0.0003325867328523,0,
11630,Wenzhou,China,514.0,3838181.83,2,Wenzhou; Rui’an,3577383,0.0002448985936255415,0.0003306022888904,0.00016530114444539428,0,
109,Sofia,Bulgaria,201.0,1068056.502,1,Sofia,1152556,-0.0003294000406889,0.0003294000406889,-0.0003294000406889,0,
9701,Panjin,China,81.0,577711.9971,1,Panjin,1166481,0.0003149296385248,0.0003149296385248,0.0003149296385248,0,
6207,Malatya,Turkey,49.0,510424.5299,1,Malatya,750491,-0.0003126091903371,0.0003126091903371,-0.0003126091903371,0,
3397,Algiers,Algeria,468.0,3316231.955,1,Algiers,2364230,-0.0003050398441828,0.0003050398441828,-0.0003050398441828,0,
1156,Trujillo,Peru,94.0,991426.9265,1,Trujillo,919899,-0.0002982185846655,0.0002982185846655,-0.0002982185846655,0,
362,Managua,Nicaragua,216.0,1436088.514,1,Managua,973087,0.0002791380982256,0.0002791380982256,0.0002791380982256,0,
7260,Bahawalpur,Pakistan,83.0,738885.3445,1,Bahawalpur,903795,-0.0002729492771905,0.0002729492771905,-0.0002729492771905,0,
3494,Ottawa,Canada,208.0,604618.1703,1,Ottawa,1017449,0.0002719925024275,0.0002719925024275,0.0002719925024275,0,
1094,Izmir,Turkey,307.0,2457529.398,1,İzmir,2938292,-0.0002703422480119,0.0002703422480119,-0.0002703422480119,0,
8745,Beijing,China,2179.0,18150575.83,1,Beijing,18960744,0.0002529408037319,0.0002529408037319,0.0002529408037319,0,
8006,Xi'an,China,691.0,5298991.798,1,Xi’an,9600000,0.0002515117993584,0.0002515117993584,0.0002515117993584,0,
6998,Jepara,Indonesia,169.0,682383.7687,1,Jepara,1257912,0.00024401756337889997,0.0002440175633789,0.0002440175633789,0,
7672,Zigong,China,83.0,414628.4234,1,Zigong,1262064,0.00024214625137559996,0.0002421462513756,0.0002421462513756,0,
10403,Tianjia‘an,China,168.0,1177306.495,1,Huainan,1666826,-0.0002308977935756,0.0002308977935756,-0.0002308977935756,0,
3920,Busan,South Korea,355.0,3263408.049,1,Busan,3285147,0.0002305254564494,0.0002305254564494,0.0002305254564494,0,
2920,Daegu,South Korea,287.0,2300085.2,1,Daegu,2365523,0.000217891965716,0.000217891965716,0.000217891965716,0,
9558,Bengaluru,India,1008.0,15178532.9,1,Bengaluru,8495492,0.0002141837252329,0.0002141837252329,0.0002141837252329,0,
3130,Bursa,Turkey,216.0,2366447.919,1,Bursa,3101833,-0.0002096325866145,0.0002096325866145,-0.0002096325866145,0,
795,Kingston,Jamaica,118.0,593374.8263,1,Kingston,937700,0.0001636288480058,0.0001636288480058,0.0001636288480058,0,
5657,Jalandhar,India,144.0,1170866.618,1,Jalandhar,868929,-0.0001559091938008,0.0001559091938008,-0.0001559091938008,0,
9831,Xinyang,China,81.0,350066.6744,1,Xinyang,1230042,-0.0001533313902071,0.0001533313902071,-0.0001533313902071,0,
1646,Medan,Indonesia,607.0,4350623.852,1,Medan,2435252,0.0001521960233025,0.0001521960233025,0.0001521960233025,0,
3468,Karbala,Iraq,106.0,1078646.121,1,Karbala,1218732,-0.0001279146362438,0.0001279146362438,-0.0001279146362438,0,
5500,Sendai,Japan,298.0,1269674.844,1,Sendai,1096704,0.0001260206090287,0.0001260206090287,0.0001260206090287,0,
3881,Bogota,Colombia,534.0,10419360.65,2,Bogotá; Kennedy,8654280,0.00011455380824912634,0.0001202890283737,9.49632340592524e-05,0,
1498,Milan,Italy,785.0,3135553.23,1,Milan,1371498,-0.0001163008848194,0.0001163008848194,-0.0001163008848194,0,
11636,Putian,China,453.0,2463177.341,1,Putian,1539389,-0.0001160814337147,0.0001160814337147,-0.0001160814337147,0,
2471,San Diego,United States,778.0,1977278.929,1,San Diego,1404452,-0.000112629316547,0.000112629316547,-0.000112629316547,0,
666,Cochabamba,Bolivia,293.0,1357547.955,1,Cochabamba,841276,-0.0001074989858086,0.0001074989858086,-0.0001074989858086,0,
9025,Luoyang,China,340.0,1603585.414,1,Luoyang,1390581,9.478375575265922e-05,9.478375575265922e-05,9.478375575265922e-05,0,
4968,Palembang,Indonesia,245.0,2203124.013,1,Palembang,1668848,9.042149292762258e-05,9.042149292762258e-05,9.042149292762258e-05,0,
6943,Baoji,China,155.0,773900.6475,1,Baoji,1437802,8.616546833398013e-05,8.616546833398013e-05,8.616546833398013e-05,0,
5201,Basra,Iraq,188.0,2131556.447,2,Al Başrah al Qadīmah; Basrah,3342047,7.659041462962075e-05,8.563931653143841e-05,7.424075021490034e-05,0,
8485,Qujing,China,109.0,701652.2536,1,Qujing,1408500,-7.425047756744359e-05,7.425047756744359e-05,-7.425047756744359e-05,0,
10887,Nanjing,China,1012.0,8061028.981,1,Nanjing,9314685,-6.38610302273468e-05,6.38610302273468e-05,-6.38610302273468e-05,0,
5906,Khulna,Bangladesh,126.0,1081072.111,1,Khulna,1500689,6.173769196178179e-05,6.173769196178179e-05,6.173769196178179e-05,0,
9241,Xinxiang,China,130.0,870471.0626,1,Xinxiang,1047088,5.675551645155852e-05,5.675551645155852e-05,5.675551645155852e-05,0,
8506,Jinzhong,China,65.0,445102.0793,1,Jinzhong,1226617,5.542377266519764e-05,5.542377266519764e-05,5.542377266519764e-05,0,
8954,Solapur,India,76.0,1109881.787,1,Sholapur,997281,5.45804768456626e-05,5.45804768456626e-05,5.45804768456626e-05,0,
8629,Liupanshui,China,75.0,924181.6794,1,Liupanshui,1320825,5.177748474642641e-05,5.1777484746426405e-05,5.1777484746426405e-05,0,
4316,Amritsar,India,128.0,1303219.344,1,Amritsar,1159227,-5.011482914793282e-05,5.011482914793282e-05,-5.011482914793282e-05,0,
1648,Kuala Lumpur,Malaysia,1340.0,8413205.796,3,Kuala Lumpur; Kampung Baru Subang; Petaling Jaya,3095425,1.3896382499323072e-05,4.014157512375032e-05,7.280506355712159e-06,0,
6378,Chengdu,China,867.0,5609626.82,1,Chengdu,13568357,3.854409003034229e-05,3.854409003034229e-05,3.854409003034229e-05,0,
8895,Changzhi,China,114.0,590097.966,1,Changzhi,1214940,3.543453867513183e-05,3.543453867513183e-05,3.543453867513183e-05,0,
7738,Gujranwala,Pakistan,231.0,3108698.023,1,Gujranwala,2511118,-3.533074269846222e-05,3.533074269846222e-05,-3.533074269846222e-05,0,
7440,Datong,China,223.0,1571546.624,1,Datong,1850000,-3.378351124176497e-05,3.378351124176497e-05,-3.378351124176497e-05,0,
8909,Anshun,China,55.0,582993.3581,1,Anshun,765313,-3.289734126340777e-05,3.289734126340777e-05,-3.289734126340777e-05,0,
2359,Bucharest,Romania,260.0,1971350.247,1,Bucharest,1877155,-3.198525018772758e-05,3.198525018772758e-05,-3.198525018772758e-05,0,
11037,Taizhou,China,118.0,355520.3957,1,Taizhou,1607108,3.165049655297781e-05,3.165049655297781e-05,3.165049655297781e-05,0,
7151,Chandigarh,India,344.0,2417872.088,1,Chandigarh,970602,-3.082547473202998e-05,3.082547473202998e-05,-3.082547473202998e-05,0,
8305,Meerut,India,233.0,2169152.405,1,Meerut,1223184,-2.9525356371625216e-05,2.9525356371625216e-05,-2.9525356371625216e-05,0,
6912,Multan,Pakistan,268.0,2970059.131,1,Multan,2169915,2.747009937493442e-05,2.747009937493442e-05,2.747009937493442e-05,0,
9481,Liaocheng,China,127.0,530298.9758,1,Liaocheng,1229768,2.5218804814582957e-05,2.5218804814582957e-05,2.5218804814582957e-05,0,
3109,Valencia,Venezuela,330.0,1601248.835,1,Valencia,1619470,2.46839178901176e-05,2.46839178901176e-05,2.46839178901176e-05,0,
10024,Kallakurichi,India,15.0,84980.78138,1,Kallakurichi,1682687,2.4281377783598855e-05,2.4281377783598855e-05,2.4281377783598855e-05,0,
9579,Heze,China,144.0,450571.5074,1,Heze,1346717,2.251571264893885e-05,2.251571264893885e-05,2.251571264893885e-05,0,
3837,Caracas,Venezuela,311.0,2667322.485,1,Caracas,3000000,2.042034761258471e-05,2.042034761258471e-05,2.042034761258471e-05,0,
5681,Baoshan,China,84.0,307082.7945,1,Baoshan,935618,1.8027984983073723e-05,1.8027984983073723e-05,1.8027984983073723e-05,0,
5402,Mexico City,México,2134.0,17639163.99,6,Mexico City; Iztapalapa; Ecatepec de Morelos; Gustavo Adolfo Madero; Ciudad Nezahualcoyotl; Naucalpan de Juárez,18872445,-7.586285664910859e-06,1.7247795541052162e-05,-2.677138427646304e-06,0,
7719,Lüliang,China,39.0,554109.3908,1,Lüliang,3346500,-1.640366162603918e-05,1.640366162603918e-05,-1.640366162603918e-05,0,
7428,Faisalabad,Pakistan,326.0,5676792.888,1,Faisalabad,3800193,-1.6148091151211018e-05,1.6148091151211018e-05,-1.6148091151211018e-05,0,
9107,Handan,China,251.0,2099936.867,1,Handan,1358318,1.4961671246194909e-05,1.4961671246194909e-05,1.4961671246194909e-05,0,
8565,Indore,India,281.0,3598874.472,1,Indore,1994397,1.4940004805608672e-05,1.4940004805608672e-05,1.4940004805608672e-05,0,
5434,Kolwezi,Democratic Republic of the Congo,82.0,450630.548,1,Kolwezi,790248,1.3818388655759344e-05,1.3818388655759344e-05,1.3818388655759344e-05,0,
7085,Sargodha,Pakistan,82.0,1127650.941,1,Sargodha,975886,-1.3383785385165867e-05,1.3383785385165867e-05,-1.3383785385165867e-05,0,
906,Taichung,Taiwan,313.0,2318377.157,1,Taichung,2850285,1.254850314375e-05,1.254850314375e-05,1.254850314375e-05,0,
2089,Guatemala City,Guatemala,470.0,2900618.853,1,Guatemala City,994938,-1.2242415083635633e-05,1.2242415083635633e-05,-1.2242415083635633e-05,0,
312,Yerevan,Armenia,194.0,1027656.189,1,Yerevan,1144700,-1.0340446264539603e-05,1.0340446264539603e-05,-1.0340446264539603e-05,0,
511,San Pedro Sula,Honduras,211.0,1301567.028,1,San Pedro Sula,801259,-9.045056744078246e-06,9.045056744078246e-06,-9.045056744078246e-06,0,
8672,Chhatrapati Sambhajinagar,India,126.0,1542902.341,1,Aurangabad,1175116,8.714882584437593e-06,8.714882584437593e-06,8.714882584437593e-06,0,
9779,Shenyang,China,748.0,6175249.766,1,Shenyang,7050000,7.412707708519327e-06,7.412707708519327e-06,7.412707708519327e-06,0,
873,Blantyre,Malawi,191.0,941888.0305,1,Blantyre,902588,6.680133844755168e-06,6.680133844755168e-06,6.680133844755168e-06,0,
10651,Maoming,China,88.0,584252.9546,1,Maoming,1307802,-6.469737210338181e-06,6.469737210338181e-06,-6.469737210338181e-06,0,
1375,Santa Cruz de la Sierra,Bolivia,303.0,2016833.232,1,Santa Cruz de la Sierra,1831434,-4.5691481460386255e-06,4.5691481460386255e-06,-4.5691481460386255e-06,0,
4538,Ahwaz,Iran,245.0,1907837.453,1,Ahvaz,841145,-4.5536664083144045e-06,4.5536664083144045e-06,-4.5536664083144045e-06,0,
8626,Aligarh,India,106.0,1694356.57,1,Alīgarh,753207,-4.293349599803528e-06,4.293349599803528e-06,-4.293349599803528e-06,0,
9429,Xuchang,China,352.0,1821623.73,1,Xuchang,1265536,3.616357162117631e-06,3.616357162117631e-06,3.616357162117631e-06,0,
9881,Anshan,China,191.0,1495742.503,1,Anshan,1450000,2.976771155298167e-06,2.976771155298167e-06,2.976771155298167e-06,0,
6321,Lubumbashi,Democratic Republic of the Congo,354.0,2907723.958,1,Lubumbashi,2221925,2.839621737117903e-06,2.839621737117903e-06,2.839621737117903e-06,0,
5862,Addis Ababa,Ethiopia,465.0,7280462.518,1,Addis Ababa,3860000,2.8194569339276605e-06,2.8194569339276605e-06,2.8194569339276605e-06,0,
2401,Culiacán,México,137.0,671458.5658,1,Culiacán,808416,-2.0974711869263264e-06,2.0974711869263264e-06,-2.0974711869263264e-06,0,
11407,Shantou,China,1961.0,10579302.53,3,Jieyang; Chaozhou; Puning,4525293,-6.761781793464856e-07,2.0551410850402907e-06,1.7347234759768068e-17,0,
6173,Gaziantep,Turkey,134.0,1681269.631,1,Gaziantep,2222415,-2.0395743919534905e-06,2.0395743919534905e-06,-2.0395743919534905e-06,0,
6766,Islamabad,Pakistan,550.0,4913527.805,1,Rawalpindi,3357612,-2.02388264592984e-06,2.02388264592984e-06,-2.02388264592984e-06,0,
2007,Los Angeles,United States,4498.0,13474332.62,1,Los Angeles,3820914,-1.986593470939321e-06,1.986593470939321e-06,-1.986593470939321e-06,0,
2289,Jerusalem,Israel,79.0,1022929.273,1,Jerusalem,971800,1.707265361990725e-06,1.707265361990725e-06,1.707265361990725e-06,0,
3739,P'yŏngyang,North Korea,228.0,2868313.037,1,Pyongyang,3222000,1.532334130254123e-06,1.532334130254123e-06,1.532334130254123e-06,0,
1517,Lusaka,Zambia,360.0,3658064.188,1,Lusaka,2212301,-1.2905227307220935e-06,1.2905227307220935e-06,-1.2905227307220935e-06,0,
507,Tijuana,México,294.0,1538300.988,1,Tijuana,1922523,-1.1512007465949278e-06,1.151200746594928e-06,-1.151200746594928e-06,0,
4277,Peshawar,Pakistan,508.0,3497358.945,1,Peshawar,4758762,-9.310823135779052e-07,9.310823135779052e-07,-9.310823135779052e-07,0,
4399,Osaka,Japan,2212.0,12653994.42,4,Osaka; Kobe; Kyoto; Sakai,6568898,2.0042466425843539e-07,8.994660704178545e-07,3.7470027081099033e-16,0,
7468,Malang,Indonesia,326.0,1888199.564,1,Malang,847182,8.776195985724528e-07,8.776195985724528e-07,8.776195985724528e-07,0,
2676,Medellín,Colombia,233.0,3215457.351,1,Medellín,1999979,8.566869730858729e-07,8.566869730858729e-07,8.566869730858729e-07,0,
4921,Ankara,Turkey,357.0,3695989.495,2,Ankara; Çankaya,4309371,-5.662690681025525e-07,7.44889846432645e-07,-6.354637203275517e-07,0,
1619,Damascus,Syria,270.0,3771637.934,1,Damascus,1569394,6.73029755562284e-07,6.73029755562284e-07,6.73029755562284e-07,0,
2667,Gwangju,South Korea,190.0,1428491.527,1,Gwangju,1401235,6.674624721634217e-07,6.674624721634217e-07,6.674624721634217e-07,0,
992,Amman,Jordan,520.0,6425245.979,2,Amman; Zarqa,2068522,4.007066626629051e-07,6.400844697075083e-07,3.277468111862435e-07,0,
6409,Qingyang,China,29.0,201935.6099,1,Qingyang,2125400,5.39952270602856e-07,5.39952270602856e-07,5.39952270602856e-07,0,
9800,Salem,India,155.0,1299777.365,1,Salem,917414,4.997142860270237e-07,4.997142860270237e-07,4.997142860270237e-07,0,
8013,Kunming,China,362.0,3218009.543,1,Kunming,3855346,3.356685715909279e-07,3.356685715909279e-07,3.356685715909279e-07,0,
9620,Tiruppur,India,187.0,1156669.218,1,Tiruppur,963173,3.315665642735338e-07,3.315665642735338e-07,3.315665642735338e-07,0,
5097,Querétaro,México,169.0,908964.456,1,Santiago de Querétaro,1594212,-2.7608675705370773e-07,2.7608675705370773e-07,-2.7608675705370773e-07,0,
9879,Fushun,China,128.0,852127.9579,1,Fushun,1400646,2.6350394759514496e-07,2.6350394759514496e-07,2.6350394759514496e-07,0,
6844,Meishan,China,111.0,661433.3033,1,Meishan,1107742,2.3526340848704938e-07,2.3526340848704938e-07,2.3526340848704938e-07,0,
2907,Tashkent,Uzbekistan,598.0,3874652.58,1,Tashkent,1978028,-1.6091052581911517e-07,1.6091052581911517e-07,-1.6091052581911517e-07,0,
9229,Tangshan,China,455.0,2651178.671,1,Tangshan,3372102,1.5904333389553664e-07,1.5904333389553664e-07,1.5904333389553664e-07,0,
10073,Weifang,China,235.0,961427.8535,1,Weifang,2044028,1.348122234628772e-07,1.348122234628772e-07,1.348122234628772e-07,0,
3512,Johannesburg,South Africa,1756.0,8592842.571,2,Johannesburg; Soweto,11113230,3.3751686258473264e-08,1.1792560651695025e-07,6.826400322074575e-08,0,
9346,Lucknow,India,513.0,5214964.391,1,Lucknow,2472011,9.315278130211076e-08,9.315278130211076e-08,9.315278130211076e-08,0,
3780,Xining,China,146.0,1423664.939,1,Xining,1677177,6.044792135420331e-08,6.044792135420331e-08,6.044792135420331e-08,0,
2241,Daejeon,South Korea,204.0,1504228.783,1,Daejeon,1441203,6.005393629582567e-08,6.005393629582567e-08,6.005393629582567e-08,0,
3079,Dodoma,Tanzania,80.0,267332.8444,1,Dodoma,765179,5.6511767885969806e-08,5.6511767885969806e-08,5.6511767885969806e-08,0,
8806,Gwalior,India,122.0,1529322.651,1,Gwalior,1054420,4.8166977239862135e-08,4.8166977239862135e-08,4.8166977239862135e-08,0,
2448,Erbil,Iraq,226.0,1514144.042,1,Erbil,1612700,-3.4498440596081335e-08,3.4498440596081335e-08,-3.4498440596081335e-08,0,
4865,Kabul,Afghanistan,371.0,6254679.472,1,Kabul,4434550,-2.7802184407922652e-08,2.7802184407922652e-08,-2.7802184407922652e-08,0,
1362,Mexicali,México,161.0,736551.6306,1,Mexicali,1032686,-2.532261139990073e-08,2.532261139990073e-08,-2.532261139990073e-08,0,
10793,Chuzhou,China,79.0,295741.8622,1,Chuzhou,782671,-1.8183707722217105e-08,1.8183707722217105e-08,-1.8183707722217105e-08,0,
8947,Sanhe,China,91.0,340380.849,1,Sanhe,965075,1.2834426076257588e-08,1.2834426076257588e-08,1.2834426076257588e-08,0,
3823,Rajkot,India,130.0,1553761.769,1,Rājkot,1390640,8.910568479958237e-09,8.910568479958237e-09,8.910568479958237e-09,0,
2334,Santiago,Chile,801.0,6633766.609,1,Santiago,4837295,-8.392798256101334e-09,8.392798256101334e-09,-8.392798256101334e-09,0,
4478,León,México,202.0,1384014.169,1,León de los Aldama,1579803,-8.334039205856399e-09,8.334039205856399e-09,-8.334039205856399e-09,0,
5748,Bandung,Indonesia,988.0,8691180.858,1,Bandung,2444160,7.836513003651931e-09,7.836513003651931e-09,7.836513003651931e-09,0,
7852,Zhaotong,China,60.0,295990.254,1,Zhaotong,787845,7.738392314048773e-09,7.738392314048773e-09,7.738392314048773e-09,0,
1121,Ashgabat,Turkmenistan,123.0,1078866.812,1,Ashgabat,1030063,6.8795958355776e-09,6.8795958355776e-09,6.8795958355776e-09,0,
11317,Meizhou,China,116.0,524592.5095,1,Meizhou,992351,-6.1828303432702285e-09,6.1828303432702285e-09,-6.1828303432702285e-09,0,
6664,Mianyang,China,107.0,538166.4861,1,Mianyang,1550000,4.477183212607225e-09,4.477183212607225e-09,4.477183212607225e-09,0,
2211,Homs,Syria,107.0,913553.7665,1,Homs,775404,-3.827970111359048e-09,3.827970111359048e-09,-3.827970111359048e-09,0,
2847,Almaty,Kazakhstan,331.0,2315538.314,1,Almaty,1977011,-3.1209875317509502e-09,3.1209875317509502e-09,-3.1209875317509502e-09,0,
10998,Dhanbad,India,298.0,2078657.505,1,Dhanbad,1196214,2.6695712131150403e-09,2.6695712131150403e-09,2.6695712131150403e-09,0,
6143,Ahmedabad,India,365.0,7898649.803,1,Ahmedabad,6357693,2.659089633979322e-09,2.659089633979322e-09,2.659089633979322e-09,0,
4150,Eskisehir,Turkey,70.0,608473.8761,1,Eskişehir,921630,-2.6101603665541622e-09,2.6101603665541622e-09,-2.6101603665541622e-09,0,
5847,Hohhot,China,315.0,2029813.226,1,Hohhot,2350000,-2.173099577262619e-09,2.173099577262619e-09,-2.173099577262619e-09,0,
7687,Jaipur,India,458.0,4229049.673,1,Jaipur,3046163,-2.020510392213274e-09,2.020510392213274e-09,-2.020510392213274e-09,0,
8900,Hubli,India,35.0,115698.3462,1,Hubballi,943788,1.7955698116368267e-09,1.7955698116368267e-09,1.7955698116368267e-09,0,
3315,Bannu,Pakistan,163.0,637353.248,1,Bannu,1357890,-1.385564428971799e-09,1.385564428971799e-09,-1.385564428971799e-09,0,
3440,Arequipa,Peru,166.0,1004835.002,1,Arequipa,1008290,-1.160156761248708e-09,1.160156761248708e-09,-1.160156761248708e-09,0,
2335,Cordoba,Argentina,320.0,1468196.585,1,Córdoba,2106734,-1.090670243149346e-09,1.090670243149346e-09,-1.090670243149346e-09,0,
9023,Xingtai,China,136.0,775750.1638,1,Xingtai,798770,8.13152979229807e-10,8.13152979229807e-10,8.13152979229807e-10,0,
1822,Kathmandu,Nepal,350.0,3862696.52,1,Kathmandu,1442271,-4.003091103841454e-10,4.0030911038414537e-10,-4.0030911038414537e-10,0,
1799,Aleppo,Syria,243.0,3084135.642,1,Aleppo,2098210,-3.5505559854338794e-10,3.5505559854338794e-10,-3.5505559854338794e-10,0,
10629,Hefei,China,606.0,5646049.263,1,Hefei,5050000,-3.039325166400886e-10,3.039325166400886e-10,-3.039325166400886e-10,0,
10481,Lu'an,China,118.0,891648.1249,1,Lu’an,1644344,-2.9397889367935817e-10,2.9397889367935817e-10,-2.9397889367935817e-10,0,
10237,Suzhou,China,96.0,956856.3187,1,Suzhou,1647642,1.9809157802246186e-10,1.9809157802246186e-10,1.9809157802246186e-10,0,
1717,Nairobi,Kenya,598.0,6646256.557,1,Nairobi,4397073,1.6194035317150484e-10,1.6194035317150484e-10,1.6194035317150484e-10,0,
9510,Coimbatore,India,407.0,2360321.836,1,Coimbatore,2136916,1.4726694366623784e-10,1.4726694366623784e-10,1.4726694366623784e-10,0,
2839,Kirkuk,Iraq,117.0,1238661.948,1,Kirkuk,1031000,-1.42369293986186e-10,1.42369293986186e-10,-1.42369293986186e-10,0,
9387,Nanyang,China,161.0,768609.6837,1,Nanyang,1811812,1.4083278971349363e-10,1.4083278971349363e-10,1.4083278971349363e-10,0,
10457,Suqian,China,197.0,957665.3266,1,Suqian,1437685,1.2165583482653268e-10,1.2165583482653268e-10,1.2165583482653268e-10,0,
2544,Quito,Ecuador,380.0,2605678.13,1,Quito,2781641,-9.063210276745263e-11,9.063210276745264e-11,-9.063210276745264e-11,0,
10125,市中区,China,108.0,444791.1128,1,Zaozhuang,899753,6.208339533298919e-11,6.208339533298919e-11,6.208339533298919e-11,0,
8645,Bijie,China,36.0,533543.0123,1,Bijie,1137383,5.496625048199433e-11,5.496625048199433e-11,5.496625048199433e-11,0,
5724,Ordos,China,39.0,162977.7447,1,Ordos,1940653,-3.3855016304000286e-11,3.3855016304000286e-11,-3.3855016304000286e-11,0,
9880,Madurai,India,219.0,2184066.155,1,Madurai,1465625,2.736282228411879e-11,2.7362822284118792e-11,2.7362822284118792e-11,0,
8853,Baoding,China,205.0,883757.7811,1,Baoding,2739887,2.487502840140006e-11,2.4875028401400063e-11,2.4875028401400063e-11,0,
3586,Pekanbaru,Indonesia,234.0,1226040.608,1,Pekanbaru,1085000,2.2480577588317292e-11,2.2480577588317292e-11,2.2480577588317292e-11,0,
4992,Karaj,Iran,299.0,3585417.421,1,Karaj,1448075,-1.5877973888164904e-11,1.5877973888164904e-11,-1.5877973888164904e-11,0,
1924,Hermosillo,México,162.0,778882.36,1,Hermosillo,812229,-1.3432238777995402e-11,1.3432238777995403e-11,-1.3432238777995403e-11,0,
9761,Shangqiu,China,186.0,779506.7347,1,Shangqiu,1859723,1.0846740032236544e-11,1.0846740032236544e-11,1.0846740032236544e-11,0,
1853,Marrakesh,Morocco,124.0,1152690.574,1,Marrakesh,995871,-9.574982613199164e-12,9.574982613199164e-12,-9.574982613199164e-12,0,
5174,Tehran,Iran,825.0,9363123.748,1,Tehran,7153309,-8.918518202711793e-12,8.918518202711793e-12,-8.918518202711793e-12,0,
597,Kigali,Rwanda,286.0,1621760.398,1,Kigali,1132686,8.584281793849532e-12,8.584281793849532e-12,8.584281793849532e-12,0,
3306,Nampula,Mozambique,119.0,1028776.293,1,Nampula,770379,7.784971441841527e-12,7.784971441841527e-12,7.784971441841527e-12,0,
4118,Ta'izz,Yemen,72.0,1284738.687,1,Taiz,940600,4.753116036940412e-12,4.753116036940412e-12,4.753116036940412e-12,0,
9637,Changchun,China,411.0,3519692.241,1,Changchun,4714996,3.708277976184314e-12,3.708277976184314e-12,3.708277976184314e-12,0,
2306,Shymkent,Kazakhstan,240.0,1239662.754,1,Shymkent,1200000,-2.218793898742697e-12,2.218793898742697e-12,-2.218793898742697e-12,0,
9720,Theni,India,47.0,211330.4041,1,Teni,1034724,1.8471710406842525e-13,1.8471710406842525e-13,1.8471710406842525e-13,0,
337,Ulaanbaatar,Mongolia,235.0,1634096.557,1,Ulan Bator,844818,1.2792988126430438e-13,1.2792988126430438e-13,1.2792988126430438e-13,0,
3905,Sulaymaniyah,Iraq,112.0,870013.3829,1,Sulaymaniyah,878146,-1.243862992681345e-13,1.243862992681345e-13,-1.243862992681345e-13,0,
9524,Hyderabad,India,889.0,9455229.882,1,Hyderabad,6993262,1.0289186043373681e-13,1.028918604337368e-13,1.028918604337368e-13,0,
6512,Fatehabad,India,14.0,95828.06857,1,Gorakhpur,1324570,-4.405112279938319e-14,4.405112279938319e-14,-4.405112279938319e-14,0,
4387,Ibb,Yemen,59.0,843581.1332,1,Ibb,771514,3.2042659010053763e-14,3.2042659010053763e-14,3.2042659010053763e-14,0,
6897,Mashhad,Iran,474.0,5377005.35,1,Mashhad,2307177,-1.9040902910269393e-14,1.9040902910269393e-14,-1.9040902910269393e-14,0,
5077,Konya,Turkey,240.0,1017329.388,1,Konya,1433861,-1.6664712018146582e-15,1.666471201814658e-15,-1.666471201814658e-15,0,
764,Bishkek,Kyrgyzstan,198.0,1428079.244,1,Bishkek,900000,-8.409079320156898e-16,8.409079320156897e-16,-8.409079320156897e-16,0,
4587,Zamboanga City,Philippines,103.0,591536.4965,1,Zamboanga,1018849,3.8857805861880484e-16,3.8857805861880484e-16,3.8857805861880484e-16,0,
6785,Semarang,Indonesia,603.0,3274359.572,1,Semarang,1653524,3.6082248300317592e-16,3.6082248300317592e-16,3.6082248300317592e-16,0,
3096,Padang,Indonesia,216.0,1210988.395,1,Padang,909040,3.3306690738754696e-16,3.3306690738754696e-16,3.3306690738754696e-16,0,
9543,Huludao,China,99.0,497400.9087,1,Huludao,944495,1.8041124150158796e-16,1.8041124150158796e-16,1.8041124150158796e-16,0,
3993,Sana'a,Yemen,218.0,3759519.651,1,Sanaa,1937451,-1.4707008899986972e-16,1.4707008899986972e-16,-1.4707008899986972e-16,0,
9495,Yichang,China,156.0,1573288.706,1,Yichang,1350150,1.3877787807814454e-16,1.3877787807814454e-16,1.3877787807814454e-16,0,
5144,`Adan,Yemen,42.0,497378.8204,1,Aden,1079670,1.249000902703301e-16,1.249000902703301e-16,1.249000902703301e-16,0,
8817,Wanzhou,China,72.0,395843.9874,2,Wanzhou; Wanxian,2405562,8.026525591479385e-17,1.249000902703301e-16,6.245004513516506e-17,0,
8886,Bhopal,India,249.0,2599311.123,1,Bhopal,1798218,1.1102230246251563e-16,1.1102230246251563e-16,1.1102230246251563e-16,0,
874,Kakamega,Kenya,31.0,125259.1883,1,Kakamega,1867579,7.087400801883261e-17,7.087400801883261e-17,7.087400801883261e-17,0,
461,Lilongwe,Malawi,136.0,1018797.715,1,Lilongwe,1115815,5.1906355558566127e-17,5.1906355558566127e-17,5.1906355558566127e-17,0,
8789,Shijiazhuang,China,493.0,3100270.328,1,Shijiazhuang,3938513,3.5278765281167854e-17,3.5278765281167854e-17,3.5278765281167854e-17,0,
5315,Jodhpur,India,232.0,1540835.007,1,Jodhpur,1056191,-3.204903241899323e-17,3.204903241899323e-17,-3.204903241899323e-17,0,
6141,Shiraz,Iran,160.0,707097.8471,1,Shiraz,1249942,-2.2630386422839787e-17,2.2630386422839787e-17,-2.2630386422839787e-17,0,
11113,Changzhou,China,613.0,2772877.635,1,Changzhou,3290918,1.5612511283791264e-17,1.5612511283791264e-17,1.5612511283791264e-17,0,
9029,Shiyan,China,143.0,1129747.018,1,Shiyan,3460000,1.3877787807814457e-17,1.3877787807814457e-17,1.3877787807814457e-17,0,
4943,Cúcuta,Colombia,114.0,817158.1235,1,Cúcuta,777106,1.734723475976807e-18,1.734723475976807e-18,1.734723475976807e-18,0,
10941,Yancheng,China,223.0,1211453.665,1,Yancheng,1615717,2.1684043449710093e-19,2.1684043449710093e-19,2.1684043449710093e-19,0,
3686,Wuwei,China,32.0,128072.1642,1,Wuwei,1010295,1.4233855647727016e-19,1.4233855647727016e-19,1.4233855647727016e-19,0,
5231,Qom,Iran,101.0,844097.9715,1,Qom,900000,-1.1101468390129985e-19,1.1101468390129985e-19,-1.1101468390129985e-19,0,
2082,Cheongju-si,South Korea,85.0,691161.3489,1,Cheongju-si,852147,7.623296525288703e-21,7.623296525288703e-21,7.623296525288703e-21,0,
2659,Ürümqi,China,355.0,3974257.143,1,Ürümqi,3029372,-1.3439003471778378e-21,1.3439003471778378e-21,-1.3439003471778378e-21,0,
11169,Yixing,China,82.0,452718.1048,1,Yixing,1285785,1.0587911840678754e-21,1.0587911840678754e-21,1.0587911840678754e-21,0,
1365,Tegucigalpa,Honduras,163.0,1653508.639,1,Tegucigalpa,850848,2.1175823681357513e-22,2.1175823681357513e-22,2.1175823681357513e-22,0,
1127,Quetta,Pakistan,151.0,969068.0898,1,Quetta,1565546,-4.185927386786497e-29,4.185927386786497e-29,-4.185927386786497e-29,0,
5720,Isfahan,Iran,328.0,1817590.201,1,Isfahan,1547164,-3.2532077881139584e-29,3.2532077881139584e-29,-3.2532077881139584e-29,0,
212,La Paz,Bolivia,291.0,2063632.692,1,La Paz,2004652,0.0,0.0,0.0,0,
3700,Montreal,Canada,1020.0,3221844.478,1,Montréal,1762949,0.0,0.0,0.0,0,
6745,Bukavu,Democratic Republic of the Congo,65.0,852067.3679,1,Bukavu,816811,0.0,0.0,0.0,0,
7929,Bazhong City,China,65.0,848388.857,1,Bazhong,2712894,0.0,0.0,0.0,0,
8419,Guang'an,China,86.0,523802.0574,1,Guang’an,858159,0.0,0.0,0.0,0,
8945,Honghuagang,China,116.0,1185303.401,1,Zunyi,2037775,0.0,0.0,0.0,0,
9019,Guiyang,China,298.0,2757867.639,1,Guiyang,3037159,0.0,0.0,0.0,0,
10025,Benxi,China,68.0,773945.62,1,Benxi,987717,0.0,0.0,0.0,0,
10473,Mashan,China,24.0,66470.62725,1,Yantai,2227733,0.0,0.0,0.0,0,
10585,Weihai,China,79.0,535089.0962,1,Weihai,844310,0.0,0.0,0.0,0,
11397,Longyan,China,58.0,392111.6852,1,Longyan,1025087,0.0,0.0,0.0,0,
11593,Xiamen City,China,185.0,1676986.913,1,Xiamen,4617251,0.0,0.0,0.0,0,
