block_type,block_id,n_cities,city_names,p_simes_zero_aware,population_weighted_delta_p,median_delta_p,n_material_hotspots_zero_aware,material_point_names_zero_aware,n_fdr_sig_cities_zero_aware,block_fdr_bh_zero_aware,block_fdr_by_zero_aware,block_q_bh_zero_aware,block_q_by_zero_aware
csr_grid_cell,iy436_ix291,2,Mumbai; Thāne,0.000249937515621,0.010511732202546758,0.00961358500920365,1,Mumbai,2,True,True,0.0006508113231429934,0.004277407606151677
csr_grid_cell,iy437_ix291,2,Virār; Bhayandar,0.000249937515621,0.006252372349626458,0.0071844541860607,1,Bhayandar,2,True,True,0.0006508113231429934,0.004277407606151677
csr_grid_cell,iy474_ix308,2,Delhi; Rohini,0.0185,-0.010779379543909704,-0.0072461987318179506,1,Delhi,2,True,False,0.030403688524590165,0.19982591563111854
csr_grid_cell,iy483_ix303,1,Ludhiana,0.000249937515621,-0.0153533212038833,-0.0153533212038833,1,Ludhiana,1,True,True,0.0006508113231429934,0.004277407606151677
csr_grid_cell,iy486_ix297,1,Lahore,0.000249937515621,-0.0140276495434888,-0.0140276495434888,1,Lahore,1,True,True,0.0006508113231429934,0.004277407606151677
csr_grid_cell,iy501_ix558,1,Yokohama,0.000249937515621,0.0131823600667306,0.0131823600667306,1,Yokohama,1,True,True,0.0006508113231429934,0.004277407606151677
csr_grid_cell,iy212_ix699,1,Auckland,0.000249937515621,0.0019078322068631,0.0019078322068631,0,,1,True,True,0.0006508113231429934,0.004277407606151677
csr_grid_cell,iy226_ix1157,1,Santiago,0.0065,-8.392798256101334e-09,-8.392798256101334e-09,0,,1,True,True,0.012123255813953489,0.07967917088396077
csr_grid_cell,iy234_ix1183,1,Córdoba,0.000249937515621,-1.090670243149346e-09,-1.090670243149346e-09,0,,1,True,True,0.0006508113231429934,0.004277407606151677
csr_grid_cell,iy254_ix111,1,Soweto,0.000249937515621,1.1792560651695025e-07,1.1792560651695025e-07,0,,1,True,True,0.0006508113231429934,0.004277407606151677
csr_grid_cell,iy255_ix112,1,Johannesburg,0.000249937515621,1.8602399924541268e-08,1.8602399924541268e-08,0,,1,True,True,0.0006508113231429934,0.004277407606151677
csr_grid_cell,iy288_ix1187,1,Santa Cruz de la Sierra,0.000249937515621,-4.5691481460386255e-06,-4.5691481460386255e-06,0,,1,True,True,0.0006508113231429934,0.004277407606151677
csr_grid_cell,iy290_ix1175,1,Cochabamba,0.000249937515621,-0.0001074989858086,-0.0001074989858086,0,,1,True,True,0.0006508113231429934,0.004277407606151677
csr_grid_cell,iy298_ix113,1,Lusaka,0.0045,-1.2905227307220935e-06,-1.2905227307220935e-06,0,,1,True,True,0.008592857142857142,0.056475895846323836
csr_grid_cell,iy304_ix135,1,Lilongwe,0.0104999999999999,5.190635555856613e-17,5.190635555856613e-17,0,,1,True,False,0.01879687499999982,0.12354102216383223
csr_grid_cell,iy311_ix1131,2,Lima; Callao,0.0245,-0.000596214426884526,-0.0010059826291484999,0,,2,True,False,0.038832015810276684,0.25522045158483636
csr_grid_cell,iy327_ix1123,1,Trujillo,0.0475,-0.0002982185846655,-0.0002982185846655,0,,1,True,False,0.0708085501858736,0.46538377618098337
csr_grid_cell,iy332_ix157,1,Dar es Salaam,0.000249937515621,0.0099400650158641,0.0099400650158641,0,,1,True,True,0.0006508113231429934,0.004277407606151677
csr_grid_cell,iy333_ix442,1,Jepara,0.014,0.00024401756337889997,0.0002440175633789,0,,1,True,False,0.02409442060085837,0.15835873513418416
csr_grid_cell,iy335_ix142,1,Dodoma,0.000249937515621,5.6511767885969806e-08,5.6511767885969806e-08,0,,1,True,True,0.0006508113231429934,0.004277407606151677
csr_grid_cell,iy336_ix1299,1,Natal,0.000249937515621,0.0003325867328523,0.0003325867328523,0,,1,True,True,0.0006508113231429934,0.004277407606151677
csr_grid_cell,iy339_ix477,1,Makassar,0.000249937515621,0.005239330970689,0.005239330970689,0,,1,True,True,0.0006508113231429934,0.004277407606151677
csr_grid_cell,iy343_ix158,1,Mombasa,0.000249937515621,0.0028114281985759,0.0028114281985759,0,,1,True,True,0.0006508113231429934,0.004277407606151677
csr_grid_cell,iy352_ix120,1,Kigali,0.000249937515621,8.584281793849532e-12,8.584281793849532e-12,0,,1,True,True,0.0006508113231429934,0.004277407606151677
csr_grid_cell,iy354_ix147,1,Nairobi,0.000249937515621,1.6194035317150484e-10,1.6194035317150484e-10,0,,1,True,True,0.0006508113231429934,0.004277407606151677
csr_grid_cell,iy359_ix1125,1,Quito,0.0635,-9.063210276745263e-11,-9.063210276745264e-11,0,,1,True,False,0.09259454545454546,0.60857056251372
csr_grid_cell,iy361_ix139,1,Kakamega,0.000249937515621,7.087400801883261e-17,7.087400801883261e-17,0,,1,True,True,0.0006508113231429934,0.004277407606151677
csr_grid_cell,iy362_ix405,1,Pekanbaru,0.0009999999999998,2.248057758831729e-11,2.248057758831729e-11,0,,1,True,True,0.002191256830601093,0.014401867793233767
csr_grid_cell,iy372_ix406,3,Kuala Lumpur; Kampung Baru Subang; Petaling Jaya,0.000249937515621,1.3896382499323072e-05,7.280506355712159e-06,0,,3,True,True,0.0006508113231429934,0.004277407606151677
csr_grid_cell,iy374_ix394,1,Medan,0.000249937515621,0.0001521960233025,0.0001521960233025,0,,1,True,True,0.0006508113231429934,0.004277407606151677
csr_grid_cell,iy382_ix1439,1,Accra,0.000249937515621,0.0036759540436972,0.0036759540436972,0,,1,True,True,0.0006508113231429934,0.004277407606151677
csr_grid_cell,iy384_ix1137,1,Medellín,0.0095,8.566869730858729e-07,8.566869730858729e-07,0,,1,True,False,0.01731590909090909,0.11380748708425865
csr_grid_cell,iy387_ix488,1,Zamboanga,0.000249937515621,3.885780586188048e-16,3.885780586188048e-16,0,,1,True,True,0.0006508113231429934,0.004277407606151677
csr_grid_cell,iy388_ix497,2,Budta; Malingao,0.0055,0.0029249833175390588,0.00292729657648625,0,,2,True,True,0.010354460093896713,0.06805389640323843
csr_grid_cell,iy391_ix1149,1,Cúcuta,0.000249937515621,1.734723475976807e-18,1.734723475976807e-18,0,,1,True,True,0.0006508113231429934,0.004277407606151677
csr_grid_cell,iy393_ix1189,1,Ciudad Guayana,0.000249937515621,0.004915952855939,0.004915952855939,0,,1,True,True,0.0006508113231429934,0.004277407606151677
csr_grid_cell,iy396_ix154,1,Addis Ababa,0.000249937515621,2.8194569339276605e-06,2.8194569339276605e-06,0,,1,True,True,0.0006508113231429934,0.004277407606151677
csr_grid_cell,iy399_ix312,1,Madurai,0.018,2.736282228411879e-11,2.7362822284118792e-11,0,,1,True,False,0.029950207468879664,0.19684544610336938
csr_grid_cell,iy400_ix1162,1,Barquisimeto,0.000249937515621,0.0005986854645656,0.0005986854645656,0,,1,True,True,0.0006508113231429934,0.004277407606151677
csr_grid_cell,iy400_ix1167,1,Valencia,0.000249937515621,2.46839178901176e-05,2.46839178901176e-05,0,,1,True,True,0.0006508113231429934,0.004277407606151677
csr_grid_cell,iy400_ix1181,1,Barcelona,0.0215,0.0055937627238466,0.0055937627238466,0,,1,True,False,0.034624497991967866,0.22756686278103716
csr_grid_cell,iy400_ix309,1,Teni,0.018,1.8471710406842525e-13,1.8471710406842525e-13,0,,1,True,False,0.029950207468879664,0.19684544610336938
csr_grid_cell,iy401_ix1138,1,Cartagena,0.0204999999999999,0.0026785270490979,0.0026785270490979,0,,1,True,False,0.03328137651821862,0.21873929970168612
csr_grid_cell,iy401_ix1172,1,Caracas,0.004,2.042034761258471e-05,2.042034761258471e-05,0,,1,True,True,0.007786407766990292,0.051175569051685035
csr_grid_cell,iy401_ix495,1,Cebu City,0.000249937515621,0.002276329626615,0.002276329626615,0,,1,True,True,0.0006508113231429934,0.004277407606151677
csr_grid_cell,iy402_ix1153,1,Maracaibo,0.000249937515621,0.0029827278373295,0.0029827278373295,0,,1,True,True,0.0006508113231429934,0.004277407606151677
csr_grid_cell,iy403_ix1140,1,Barranquilla,0.0184999999999999,0.0024053116310744,0.0024053116310744,0,,1,True,False,0.030403688524590165,0.19982591563111854
csr_grid_cell,iy404_ix307,1,Coimbatore,0.000249937515621,1.4726694366623784e-10,1.4726694366623784e-10,0,,1,True,True,0.0006508113231429934,0.004277407606151677
csr_grid_cell,iy404_ix309,1,Tiruppur,0.000249937515621,3.315665642735338e-07,3.315665642735338e-07,0,,1,True,True,0.0006508113231429934,0.004277407606151677
csr_grid_cell,iy406_ix312,1,Salem,0.000249937515621,4.997142860270237e-07,4.997142860270237e-07,0,,1,True,True,0.0006508113231429934,0.004277407606151677
csr_grid_cell,iy406_ix315,1,Kallakurichi,0.000249937515621,2.428137778359885e-05,2.428137778359885e-05,0,,1,True,True,0.0006508113231429934,0.004277407606151677
csr_grid_cell,iy409_ix306,1,Mysuru,0.000249937515621,0.0005723038697131,0.0005723038697131,0,,1,True,True,0.0006508113231429934,0.004277407606151677
csr_grid_cell,iy411_ix180,1,Aden,0.000249937515621,1.249000902703301e-16,1.249000902703301e-16,0,,1,True,True,0.0006508113231429934,0.004277407606151677
csr_grid_cell,iy411_ix310,1,Bengaluru,0.000249937515621,0.0002141837252329,0.0002141837252329,0,,1,True,True,0.0006508113231429934,0.004277407606151677
csr_grid_cell,iy412_ix321,1,Chennai,0.000249937515621,0.0026832935777019,0.0026832935777019,0,,1,True,True,0.0006508113231429934,0.004277407606151677
csr_grid_cell,iy414_ix176,1,Taiz,0.0135,4.753116036940412e-12,4.753116036940412e-12,0,,1,True,False,0.02333405172413793,0.15336126889303459
csr_grid_cell,iy415_ix176,1,Ibb,0.0124999999999999,3.2042659010053763e-14,3.2042659010053763e-14,0,,1,True,False,0.021984649122806843,0.14449242358342976
csr_grid_cell,iy418_ix483,2,Caloocan; Manila,0.0115,0.0020782992588448735,0.0021248318030418502,0,,2,True,False,0.020404867256637167,0.13410942818964805
csr_grid_cell,iy418_ix484,4,Quezon City; Taguig; Antipolo; Pasig City,0.0464999999999999,0.0007002009292250314,0.00063698865810795,0,,4,True,False,0.06957649253731343,0.45728617159150275
csr_grid_cell,iy421_ix300,1,Hubballi,0.000249937515621,1.7955698116368267e-09,1.7955698116368267e-09,0,,1,True,True,0.0006508113231429934,0.004277407606151677
csr_grid_cell,iy426_ix322,1,Vijayawada,0.000249937515621,0.0045902708923863,0.0045902708923863,0,,1,True,True,0.0006508113231429934,0.004277407606151677
csr_grid_cell,iy429_ix313,1,Hyderabad,0.000249937515621,1.0289186043373681e-13,1.028918604337368e-13,0,,1,True,True,0.0006508113231429934,0.004277407606151677
csr_grid_cell,iy430_ix303,1,Sholapur,0.000249937515621,5.45804768456626e-05,5.45804768456626e-05,0,,1,True,True,0.0006508113231429934,0.004277407606151677
csr_grid_cell,iy431_ix1132,1,Kingston,0.000249937515621,0.0001636288480058,0.0001636288480058,0,,1,True,True,0.0006508113231429934,0.004277407606151677
csr_grid_cell,iy433_ix1160,1,Santo Domingo,0.002,0.0024767920648013,0.0024767920648013,0,,1,True,True,0.004071065989847716,0.026756769605703345
csr_grid_cell,iy434_ix1150,1,Port-au-Prince,0.0055,0.0013811960865968,0.0013811960865968,0,,1,True,True,0.010354460093896713,0.06805389640323843
csr_grid_cell,iy434_ix295,4,Pune; Pimpri-Chinchwad; Pimpri; Shivaji Nagar,0.000249937515621,0.00022221429609131828,0.0001907913756566197,0,,4,True,True,0.0006508113231429934,0.004277407606151677
csr_grid_cell,iy436_ix1047,1,Puebla,0.000249937515621,-0.006715498408346,-0.006715498408346,0,,1,True,True,0.0006508113231429934,0.004277407606151677
csr_grid_cell,iy436_ix292,3,Navi Mumbai; Kalyān; Dombivali,0.0004999999999999,0.003362685265553236,0.0053812979642205,0,,3,True,True,0.001172514619883041,0.007706262591116314
csr_grid_cell,iy437_ix1043,5,Mexico City; Iztapalapa; Gustavo Adolfo Madero; Ciudad Nezahualcoyotl; Naucalpan de Juárez,0.000249937515621,-8.187825863007377e-06,-3.7128006164988185e-06,0,,5,True,True,0.0006508113231429934,0.004277407606151677
csr_grid_cell,iy437_ix1157,1,Santiago de los Caballeros,0.016,0.0014016720464758,0.0014016720464758,0,,1,True,False,0.026957983193277312,0.17717928108650619
csr_grid_cell,iy437_ix292,1,Bhiwandi,0.000249937515621,0.0086312201636333,0.0086312201636333,0,,1,True,True,0.0006508113231429934,0.004277407606151677
csr_grid_cell,iy438_ix1043,1,Ecatepec de Morelos,0.000249937515621,-1.288065626981514e-06,-1.288065626981514e-06,0,,1,True,True,0.0006508113231429934,0.004277407606151677
csr_grid_cell,iy439_ix295,1,Nashik,0.000249937515621,0.009150408807873,0.009150408807873,0,,1,True,True,0.0006508113231429934,0.004277407606151677
csr_grid_cell,iy439_ix301,1,Aurangabad,0.000249937515621,8.714882584437593e-06,8.714882584437593e-06,0,,1,True,True,0.0006508113231429934,0.004277407606151677
csr_grid_cell,iy440_ix441,1,Haikou,0.008,0.0048257107875001,0.0048257107875001,0,,1,True,True,0.014783410138248848,0.0971628315635679
csr_grid_cell,iy441_ix343,1,Bhubaneswar,0.016,0.0003474043925275,0.0003474043925275,0,,1,True,False,0.026957983193277312,0.17717928108650619
csr_grid_cell,iy442_ix1026,2,Zapopan; Guadalajara,0.000249937515621,-0.0026240680615032008,-0.00266000997487915,0,,2,True,True,0.0006508113231429934,0.004277407606151677
csr_grid_cell,iy442_ix1038,1,Santiago de Querétaro,0.000249937515621,-2.7608675705370773e-07,-2.7608675705370773e-07,0,,1,True,True,0.0006508113231429934,0.004277407606151677
csr_grid_cell,iy444_ix1033,1,León de los Aldama,0.000249937515621,-8.334039205856399e-09,-8.334039205856399e-09,0,,1,True,True,0.0006508113231429934,0.004277407606151677
csr_grid_cell,iy444_ix291,1,Surat,0.0009999999999998,0.0096221809737705,0.0096221809737705,0,,1,True,True,0.002191256830601093,0.014401867793233767
csr_grid_cell,iy449_ix283,1,Rājkot,0.0029999999999998,8.910568479958237e-09,8.910568479958237e-09,0,,1,True,True,0.005985074626865273,0.039336444868083645
csr_grid_cell,iy449_ix292,1,Vadodara,0.002,0.0007753986476834,0.0007753986476834,0,,1,True,True,0.004071065989847716,0.026756769605703345
csr_grid_cell,iy450_ix303,1,Indore,0.000249937515621,1.4940004805608672e-05,1.4940004805608672e-05,0,,1,True,True,0.0006508113231429934,0.004277407606151677
csr_grid_cell,iy451_ix344,1,Jamshedpur,0.0235,0.003275903248584,0.003275903248584,0,,1,True,False,0.03739484126984127,0.24577473192381674
csr_grid_cell,iy451_ix480,1,Tainan,0.012,0.001610778367505,0.001610778367505,0,,1,True,False,0.021198237885462556,0.1393237959204465
csr_grid_cell,iy452_ix1110,1,Havana,0.0629999999999999,0.0005034226792101,0.0005034226792101,0,,1,True,False,0.09220072992700716,0.60598224010289
csr_grid_cell,iy452_ix290,1,Ahmedabad,0.0055,2.659089633979322e-09,2.659089633979322e-09,0,,1,True,True,0.010354460093896713,0.06805389640323843
csr_grid_cell,iy452_ix319,1,Jabalpur,0.0004999999999999,0.0035819517574923,0.0035819517574923,0,,1,True,True,0.001172514619883041,0.007706262591116314
csr_grid_cell,iy453_ix309,1,Bhopal,0.0015,1.1102230246251563e-16,1.1102230246251563e-16,0,,1,True,True,0.003149214659685864,0.02069797229969984
csr_grid_cell,iy453_ix341,1,Ranchi,0.0324999999999999,0.004955914891752,0.004955914891752,0,,1,True,False,0.050124999999999836,0.3294427257702214
csr_grid_cell,iy459_ix1010,1,Culiacán,0.0015,-2.0974711869263264e-06,-2.0974711869263264e-06,0,,1,True,True,0.003149214659685864,0.02069797229969984
csr_grid_cell,iy459_ix268,1,Karachi,0.0004999999999999,0.0018106153343679,0.0018106153343679,0,,1,True,True,0.001172514619883041,0.007706262591116314
csr_grid_cell,iy461_ix273,1,Hyderabad,0.0015,0.0013306612472312,0.0013306612472312,0,,1,True,True,0.003149214659685864,0.02069797229969984
csr_grid_cell,iy461_ix327,1,Prayagraj,0.002,0.005399910094125,0.005399910094125,0,,1,True,True,0.004071065989847716,0.026756769605703345
csr_grid_cell,iy461_ix332,1,Varanasi,0.0004999999999999,0.0064547441040125,0.0064547441040125,0,,1,True,True,0.001172514619883041,0.007706262591116314
csr_grid_cell,iy462_ix340,1,Patna,0.0304999999999999,0.006098119810889201,0.0060981198108892,0,,1,True,False,0.04758949416342397,0.31277830773515175
csr_grid_cell,iy464_ix312,1,Gwalior,0.0084999999999999,4.8166977239862135e-08,4.8166977239862135e-08,0,,1,True,False,0.015635321100917247,0.10276195115768286
csr_grid_cell,iy465_ix292,1,Jodhpur,0.000249937515621,-3.204903241899323e-17,-3.204903241899323e-17,0,,1,True,True,0.0006508113231429934,0.004277407606151677
csr_grid_cell,iy465_ix321,1,Kanpur,0.0264999999999999,0.005955810106998499,0.0059558101069985,0,,1,True,False,0.04167254901960768,0.27388963867955646
csr_grid_cell,iy467_ix303,1,Jaipur,0.000249937515621,-2.020510392213274e-09,-2.020510392213274e-09,0,,1,True,True,0.0006508113231429934,0.004277407606151677
csr_grid_cell,iy467_ix323,1,Lucknow,0.0289999999999999,9.315278130211076e-08,9.315278130211076e-08,0,,1,True,False,0.045425781249999846,0.29855747022926304
csr_grid_cell,iy471_ix482,2,Wenzhou; Rui’an,0.0375,0.0002448985936255415,0.00016530114444539428,0,,2,True,False,0.056960227272727273,0.3743667338297982
csr_grid_cell,iy473_ix308,1,Gurugram,0.013,-0.0001415826789553,-0.0001415826789553,0,,1,True,False,0.022665217391304348,0.148965406435231
csr_grid_cell,iy473_ix309,1,Faridabad,0.0205,-0.0096483135253369,-0.0096483135253369,0,,1,True,False,0.03328137651821862,0.21873929970168612
csr_grid_cell,iy474_ix307,1,Najafgarh,0.000249937515621,-0.0007532157173897001,-0.0007532157173897,0,,1,True,True,0.0006508113231429934,0.004277407606151677
csr_grid_cell,iy474_ix309,1,Ghāziābād,0.019,-0.0015027174288339,-0.0015027174288339,0,,1,True,False,0.031097959183673467,0.20438895639621962
csr_grid_cell,iy475_ix308,1,Narela,0.016,-0.0030309944519241,-0.0030309944519241,0,,1,True,False,0.026957983193277312,0.17717928108650619
csr_grid_cell,iy475_ix310,1,Meerut,0.0215,-2.9525356371625216e-05,-2.9525356371625216e-05,0,,1,True,False,0.034624497991967866,0.22756686278103716
csr_grid_cell,iy475_ix418,1,Yibin,0.0015,0.0005162069294723,0.0005162069294723,0,,1,True,True,0.003149214659685864,0.02069797229969984
csr_grid_cell,iy475_ix421,1,Luzhou,0.0169999999999999,0.0050042128246746,0.0050042128246746,0,,1,True,False,0.028523012552301087,0.18746531675627612
csr_grid_cell,iy476_ix996,1,Hermosillo,0.0005,-1.3432238777995402e-11,-1.3432238777995403e-11,0,,1,True,True,0.001172514619883041,0.007706262591116314
csr_grid_cell,iy477_ix302,1,Gorakhpur,0.000249937515621,-4.405112279938319e-14,-4.405112279938319e-14,0,,1,True,True,0.0006508113231429934,0.004277407606151677
csr_grid_cell,iy477_ix419,1,Zigong,0.0004999999999999,0.00024214625137559996,0.0002421462513756,0,,1,True,True,0.001172514619883041,0.007706262591116314
csr_grid_cell,iy478_ix210,1,Shiraz,0.000249937515621,-2.263038642283979e-17,-2.263038642283979e-17,0,,1,True,True,0.0006508113231429934,0.004277407606151677
csr_grid_cell,iy478_ix420,1,Neijiang,0.000249937515621,0.0014456937895842,0.0014456937895842,0,,1,True,True,0.0006508113231429934,0.004277407606151677
csr_grid_cell,iy478_ix426,1,Chongqing,0.0329999999999999,0.0009810779997386,0.0009810779997386,0,,1,True,False,0.0507011494252872,0.3332294237675803
csr_grid_cell,iy478_ix464,1,Jiujiang,0.062,-0.0022378165702468,-0.0022378165702468,0,,1,True,False,0.09106959706959707,0.598547955978133
csr_grid_cell,iy480_ix124,2,Cairo; Giza,0.0349999999999999,0.00022050956390302865,0.0003527840334451249,0,,2,True,False,0.05356870229007618,0.352076195479626
csr_grid_cell,iy480_ix125,1,Shubrā al Khaymah,0.0404999999999999,3.885780586188048e-16,3.885780586188048e-16,0,,1,True,False,0.061054511278195334,0.4012761020659842
csr_grid_cell,iy480_ix268,1,Quetta,0.0605,-4.1859273867864965e-29,-4.1859273867864965e-29,0,,1,True,False,0.08919301470588235,0.5862142620323076
csr_grid_cell,iy480_ix415,1,Meishan,0.0004999999999999,2.3526340848704938e-07,2.3526340848704938e-07,0,,1,True,True,0.001172514619883041,0.007706262591116314
csr_grid_cell,iy480_ix418,1,Ziyang,0.0004999999999999,0.0025591202315672994,0.0025591202315673,0,,1,True,True,0.001172514619883041,0.007706262591116314
csr_grid_cell,iy482_ix307,1,Chandigarh,0.000249937515621,-3.082547473202998e-05,-3.082547473202998e-05,0,,1,True,True,0.0006508113231429934,0.004277407606151677
csr_grid_cell,iy482_ix416,1,Chengdu,0.0044999999999999,3.854409003034229e-05,3.854409003034229e-05,0,,1,True,True,0.008592857142857142,0.056475895846323836
csr_grid_cell,iy483_ix424,1,Nanchong,0.0009999999999998,0.0033759501018316,0.0033759501018316,0,,1,True,True,0.002191256830601093,0.014401867793233767
csr_grid_cell,iy483_ix433,2,Wanzhou; Wanxian,0.0089999999999998,8.026525591479385e-17,6.245004513516506e-17,0,,1,True,False,0.016479452054794154,0.10830993723952276
csr_grid_cell,iy484_ix119,1,Alexandria,0.0015,0.0019576794418436,0.0019576794418436,0,,1,True,True,0.003149214659685864,0.02069797229969984
csr_grid_cell,iy484_ix485,3,Shanghai; Xuhui; Jing’an,0.0009999999999998,0.0019303471320816074,0.0030998488024287,0,,3,True,True,0.002191256830601093,0.014401867793233767
csr_grid_cell,iy484_ix486,1,Pudong,0.0004999999999999,4.440892098500626e-16,4.440892098500626e-16,0,,1,True,True,0.001172514619883041,0.007706262591116314
csr_grid_cell,iy485_ix292,1,Faisalabad,0.000249937515621,-1.6148091151211018e-05,-1.6148091151211018e-05,0,,1,True,True,0.0006508113231429934,0.004277407606151677
csr_grid_cell,iy485_ix302,1,Jalandhar,0.000249937515621,-0.0001559091938008,-0.0001559091938008,0,,1,True,True,0.0006508113231429934,0.004277407606151677
csr_grid_cell,iy485_ix418,1,Mianyang,0.0075,4.477183212607225e-09,4.477183212607225e-09,0,,1,True,True,0.01392361111111111,0.09151186826950622
csr_grid_cell,iy485_ix485,3,Baoshan; Putuo; Zhabei,0.002,0.003277309440051303,0.003967574017243,0,,3,True,True,0.004071065989847716,0.026756769605703345
csr_grid_cell,iy485_ix486,1,Yangpu,0.0009999999999998,3.885780586188048e-16,3.885780586188048e-16,0,,1,True,True,0.002191256830601093,0.014401867793233767
csr_grid_cell,iy486_ix1408,1,Marrakesh,0.000249937515621,-9.574982613199164e-12,-9.574982613199164e-12,0,,1,True,True,0.0006508113231429934,0.004277407606151677
csr_grid_cell,iy486_ix299,1,Amritsar,0.000249937515621,-5.011482914793282e-05,-5.011482914793282e-05,0,,1,True,True,0.0006508113231429934,0.004277407606151677
csr_grid_cell,iy487_ix140,1,Jerusalem,0.0135,1.707265361990725e-06,1.707265361990725e-06,0,,1,True,False,0.02333405172413793,0.15336126889303459
csr_grid_cell,iy487_ix143,1,Amman,0.0129999999999999,6.400844697075083e-07,6.400844697075083e-07,0,,1,True,False,0.022665217391304348,0.148965406435231
csr_grid_cell,iy487_ix283,1,Dera Ismail Khan,0.000249937515621,-0.0025807271329828,-0.0025807271329828,0,,1,True,True,0.0006508113231429934,0.004277407606151677
csr_grid_cell,iy488_ix144,1,Zarqa,0.0109999999999998,1.5409152664978725e-08,1.5409152664978725e-08,0,,1,True,False,0.019604444444444088,0.12884871052346242
csr_grid_cell,iy488_ix290,1,Sargodha,0.000249937515621,-1.3383785385165867e-05,-1.3383785385165867e-05,0,,1,True,True,0.0006508113231429934,0.004277407606151677
csr_grid_cell,iy488_ix296,1,Gujranwala,0.000249937515621,-3.533074269846222e-05,-3.533074269846222e-05,0,,1,True,True,0.0006508113231429934,0.004277407606151677
csr_grid_cell,iy488_ix80,1,Benghazi,0.000249937515621,0.0036816993522626996,0.0036816993522627,0,,1,True,True,0.0006508113231429934,0.004277407606151677
csr_grid_cell,iy489_ix298,1,Sialkot,0.000249937515621,-0.0007796467880671,-0.0007796467880671,0,,1,True,True,0.0006508113231429934,0.004277407606151677
csr_grid_cell,iy490_ix176,1,Karbala,0.0065,-0.0001279146362438,-0.0001279146362438,0,,1,True,True,0.012123255813953489,0.07967917088396077
csr_grid_cell,iy490_ix436,1,Ankang,0.0004999999999999,0.0006825083072400999,0.0006825083072401,0,,1,True,True,0.001172514619883041,0.007706262591116314
csr_grid_cell,iy490_ix443,1,Shiyan,0.004,1.3877787807814457e-17,1.3877787807814457e-17,0,,1,True,True,0.007786407766990292,0.051175569051685035
csr_grid_cell,iy491_ix282,1,Bannu,0.000249937515621,-1.385564428971799e-09,-1.385564428971799e-09,0,,1,True,True,0.0006508113231429934,0.004277407606151677
csr_grid_cell,iy491_ix52,1,Tripoli,0.01,0.0005650613683371,0.0005650613683371,0,,1,True,False,0.017982062780269058,0.11818573121801701
csr_grid_cell,iy492_ix428,1,Hanzhong,0.0009999999999998,0.003910982978689,0.003910982978689,0,,1,True,True,0.002191256830601093,0.014401867793233767
csr_grid_cell,iy493_ix176,1,Abū Ghurayb,0.004,-0.0001523367858627,-0.0001523367858627,0,,1,True,True,0.007786407766990292,0.051175569051685035
csr_grid_cell,iy493_ix177,2,Baghdad; Sadr City,0.0015,-0.0020956582560699355,-0.00173108133036665,0,,2,True,True,0.003149214659685864,0.02069797229969984
csr_grid_cell,iy494_ix292,1,Rawalpindi,0.000249937515621,-2.02388264592984e-06,-2.02388264592984e-06,0,,1,True,True,0.0006508113231429934,0.004277407606151677
csr_grid_cell,iy494_ix521,1,Fukuoka,0.0035,0.0011292210388418,0.0011292210388418,0,,1,True,True,0.006913793103448276,0.045440375968306544
csr_grid_cell,iy495_ix523,1,Kitakyushu,0.0024999999999999,0.0015969601989614,0.0015969601989614,0,,1,True,True,0.005037688442211055,0.033109821685449486
csr_grid_cell,iy496_ix1412,2,Rabat; Salé,0.000249937515621,-0.0017329059822941571,-0.0018614169035571998,0,,2,True,True,0.0006508113231429934,0.004277407606151677
csr_grid_cell,iy496_ix1419,1,Fes,0.000249937515621,-0.0011678201209472,-0.0011678201209472,0,,1,True,True,0.0006508113231429934,0.004277407606151677
csr_grid_cell,iy496_ix286,1,Peshawar,0.000249937515621,-9.310823135779052e-07,-9.310823135779052e-07,0,,1,True,True,0.0006508113231429934,0.004277407606151677
csr_grid_cell,iy496_ix299,1,Srinagar,0.000249937515621,-0.0086285932427188,-0.0086285932427188,0,,1,True,True,0.0006508113231429934,0.004277407606151677
csr_grid_cell,iy496_ix455,1,Xuchang,0.0004999999999999,3.616357162117631e-06,3.616357162117631e-06,0,,1,True,True,0.001172514619883041,0.007706262591116314
csr_grid_cell,iy497_ix428,1,Baoji,0.000249937515621,8.616546833398013e-05,8.616546833398013e-05,0,,1,True,True,0.0006508113231429934,0.004277407606151677
csr_grid_cell,iy497_ix434,1,Xianyang,0.000249937515621,0.0018758121915692,0.0018758121915692,0,,1,True,True,0.0006508113231429934,0.004277407606151677
csr_grid_cell,iy497_ix435,1,Xi’an,0.0004999999999999,0.0002515117993584,0.0002515117993584,0,,1,True,True,0.001172514619883041,0.007706262591116314
csr_grid_cell,iy497_ix462,1,Shangqiu,0.016,1.0846740032236544e-11,1.0846740032236544e-11,0,,1,True,False,0.026957983193277312,0.17717928108650619
csr_grid_cell,iy497_ix529,1,Hiroshima,0.032,0.0015640616549372,0.0015640616549372,0,,1,True,False,0.049544401544401546,0.32562678686168706
csr_grid_cell,iy498_ix146,1,Homs,0.0315,-3.827970111359048e-09,-3.827970111359048e-09,0,,1,True,False,0.0489593023255814,0.32178126703138005
csr_grid_cell,iy498_ix203,1,Qom,0.001,-1.1101468390129985e-19,-1.1101468390129985e-19,0,,1,True,True,0.002191256830601093,0.014401867793233767
csr_grid_cell,iy498_ix276,1,Kabul,0.000249937515621,-2.780218440792265e-08,-2.780218440792265e-08,0,,1,True,True,0.0006508113231429934,0.004277407606151677
csr_grid_cell,iy498_ix422,1,Tianshui,0.000249937515621,0.000896197666793,0.000896197666793,0,,1,True,True,0.0006508113231429934,0.004277407606151677
csr_grid_cell,iy498_ix438,1,Weinan,0.0004999999999999,0.002007256314618,0.002007256314618,0,,1,True,True,0.001172514619883041,0.007706262591116314
csr_grid_cell,iy498_ix449,1,Luoyang,0.0004999999999999,9.478375575265922e-05,9.478375575265922e-05,0,,1,True,True,0.001172514619883041,0.007706262591116314
csr_grid_cell,iy498_ix541,1,Sakai,0.0009999999999998,4.440892098500626e-16,4.440892098500626e-16,0,,1,True,True,0.002191256830601093,0.014401867793233767
csr_grid_cell,iy498_ix542,1,Osaka,0.000249937515621,3.05311331771918e-16,3.05311331771918e-16,0,,1,True,True,0.0006508113231429934,0.004277407606151677
csr_grid_cell,iy498_ix550,1,Hamamatsu,0.0044999999999999,0.0018496808038376,0.0018496808038376,0,,1,True,True,0.008592857142857142,0.056475895846323836
csr_grid_cell,iy499_ix454,1,Zhengzhou,0.000249937515621,0.0012674802393856,0.0012674802393856,0,,1,True,True,0.0006508113231429934,0.004277407606151677
csr_grid_cell,iy499_ix457,1,Kaifeng,0.000249937515621,0.0043969392064603,0.0043969392064603,0,,1,True,True,0.0006508113231429934,0.004277407606151677
csr_grid_cell,iy499_ix470,1,Zaozhuang,0.0669999999999999,6.208339533298919e-11,6.208339533298919e-11,0,,1,True,False,0.09734420289855059,0.6397873225102861
csr_grid_cell,iy500_ix452,1,Jiaozuo,0.000249937515621,0.0004495476012168,0.0004495476012168,0,,1,True,True,0.0006508113231429934,0.004277407606151677
csr_grid_cell,iy500_ix455,1,Xinxiang,0.000249937515621,5.675551645155852e-05,5.675551645155852e-05,0,,1,True,True,0.0006508113231429934,0.004277407606151677
csr_grid_cell,iy500_ix461,1,Heze,0.0235,2.251571264893885e-05,2.251571264893885e-05,0,,1,True,False,0.03739484126984127,0.24577473192381674
csr_grid_cell,iy500_ix473,1,Linyi,0.0009999999999998,0.0003796795217104,0.0003796795217104,0,,1,True,True,0.002191256830601093,0.014401867793233767
csr_grid_cell,iy500_ix507,1,Gwangju,0.0009999999999998,6.674624721634217e-07,6.674624721634217e-07,0,,1,True,True,0.002191256830601093,0.014401867793233767
csr_grid_cell,iy500_ix514,1,Changwon,0.0224999999999999,0.0008700584934065,0.0008700584934065,0,,1,True,False,0.03608999999999984,0.2371987625545591
csr_grid_cell,iy500_ix543,1,Kyoto,0.000249937515621,8.994660704178546e-07,8.994660704178545e-07,0,,1,True,True,0.0006508113231429934,0.004277407606151677
csr_grid_cell,iy500_ix547,1,Nagoya,0.000249937515621,0.0041915709353172,0.0041915709353172,0,,1,True,True,0.0006508113231429934,0.004277407606151677
csr_grid_cell,iy501_ix177,1,Kirkuk,0.0015,-1.42369293986186e-10,-1.42369293986186e-10,0,,1,True,True,0.003149214659685864,0.02069797229969984
csr_grid_cell,iy502_ix1437,1,Oran,0.000249937515621,-0.0011892114031741,-0.0011892114031741,0,,1,True,True,0.0006508113231429934,0.004277407606151677
csr_grid_cell,iy502_ix181,1,Sulaymaniyah,0.002,-1.243862992681345e-13,-1.243862992681345e-13,0,,1,True,True,0.004071065989847716,0.026756769605703345
csr_grid_cell,iy502_ix205,1,Tehran,0.000249937515621,-8.918518202711793e-12,-8.918518202711793e-12,0,,1,True,True,0.0006508113231429934,0.004277407606151677
csr_grid_cell,iy502_ix558,3,Tokyo; Kawasaki; Setagaya,0.000249937515621,0.0066282154770394295,0.0001375596194314,0,,3,True,True,0.0006508113231429934,0.004277407606151677
csr_grid_cell,iy502_ix560,1,Chiba,0.000249937515621,0.0006153195528436,0.0006153195528436,0,,1,True,True,0.0006508113231429934,0.004277407606151677
csr_grid_cell,iy503_ix1416,1,Tangier,0.000249937515621,-0.0023111798347327,-0.0023111798347327,0,,1,True,True,0.0006508113231429934,0.004277407606151677
csr_grid_cell,iy503_ix203,1,Karaj,0.000249937515621,-1.5877973888164904e-11,-1.5877973888164904e-11,0,,1,True,True,0.0006508113231429934,0.004277407606151677
csr_grid_cell,iy503_ix558,1,Saitama,0.000249937515621,4.163336342344337e-17,4.163336342344337e-17,0,,1,True,True,0.0006508113231429934,0.004277407606151677
csr_grid_cell,iy504_ix148,1,Aleppo,0.000249937515621,-3.5505559854338794e-10,-3.5505559854338794e-10,0,,1,True,True,0.0006508113231429934,0.004277407606151677
csr_grid_cell,iy504_ix176,1,Erbil,0.0025,-3.4498440596081335e-08,-3.4498440596081335e-08,0,,1,True,True,0.005037688442211055,0.033109821685449486
csr_grid_cell,iy504_ix415,1,Lanzhou,0.000249937515621,0.0015712382400322,0.0015712382400322,0,,1,True,True,0.0006508113231429934,0.004277407606151677
csr_grid_cell,iy504_ix446,1,Linfen,0.0249999999999999,0.0033597281576323,0.0033597281576323,0,,1,True,False,0.039468503937007716,0.25940372107891424
csr_grid_cell,iy504_ix452,1,Changzhi,0.000249937515621,3.543453867513183e-05,3.543453867513183e-05,0,,1,True,True,0.0006508113231429934,0.004277407606151677
csr_grid_cell,iy504_ix457,1,Anyang,0.000249937515621,0.0012147377205101,0.0012147377205101,0,,1,True,True,0.0006508113231429934,0.004277407606151677
csr_grid_cell,iy505_ix172,2,Al Mawşil al Jadīdah; Mosul,0.002,-0.00269448865676475,-0.0027990502545165,0,,2,True,True,0.004071065989847716,0.026756769605703345
csr_grid_cell,iy505_ix464,1,Liaocheng,0.000249937515621,2.521880481458296e-05,2.521880481458296e-05,0,,1,True,True,0.0006508113231429934,0.004277407606151677
csr_grid_cell,iy505_ix509,1,Daejeon,0.0044999999999999,6.005393629582567e-08,6.005393629582567e-08,0,,1,True,True,0.008592857142857142,0.056475895846323836
csr_grid_cell,iy506_ix12,1,Algiers,0.000249937515621,-0.0003050398441828,-0.0003050398441828,0,,1,True,True,0.0006508113231429934,0.004277407606151677
csr_grid_cell,iy506_ix407,1,Xining,0.0004999999999999,6.044792135420331e-08,6.044792135420331e-08,0,,1,True,True,0.001172514619883041,0.007706262591116314
csr_grid_cell,iy506_ix457,1,Handan,0.000249937515621,1.4961671246194909e-05,1.4961671246194909e-05,0,,1,True,True,0.0006508113231429934,0.004277407606151677
csr_grid_cell,iy506_ix476,1,Weifang,0.000249937515621,1.348122234628772e-07,1.348122234628772e-07,0,,1,True,True,0.0006508113231429934,0.004277407606151677
csr_grid_cell,iy506_ix509,1,Cheongju-si,0.0029999999999998,7.623296525288703e-21,7.623296525288703e-21,0,,1,True,True,0.005985074626865273,0.039336444868083645
csr_grid_cell,iy507_ix122,1,Antalya,0.0465,-0.0021886002904899,-0.0021886002904899,0,,1,True,False,0.06957649253731343,0.45728617159150275
csr_grid_cell,iy507_ix141,1,Adana,0.000249937515621,-0.0005665372238081,-0.0005665372238081,0,,1,True,True,0.0006508113231429934,0.004277407606151677
csr_grid_cell,iy508_ix149,1,Gaziantep,0.000249937515621,-2.0395743919534905e-06,-2.0395743919534905e-06,0,,1,True,True,0.0006508113231429934,0.004277407606151677
csr_grid_cell,iy508_ix457,1,Xingtai,0.000249937515621,8.13152979229807e-10,8.13152979229807e-10,0,,1,True,True,0.0006508113231429934,0.004277407606151677
csr_grid_cell,iy509_ix473,1,Dongying,0.000249937515621,0.0007503506881893,0.0007503506881893,0,,1,True,True,0.0006508113231429934,0.004277407606151677
csr_grid_cell,iy509_ix506,1,Incheon,0.000249937515621,0.0007501877106964,0.0007501877106964,0,,1,True,True,0.0006508113231429934,0.004277407606151677
csr_grid_cell,iy509_ix507,1,Bucheon-si,0.000249937515621,0.000571231348487,0.000571231348487,0,,1,True,True,0.0006508113231429934,0.004277407606151677
csr_grid_cell,iy509_ix508,2,Suwon; Seongnam-si,0.000499875031242,0.00036525780169152243,0.00031795791310945,0,,1,True,True,0.001172514619883041,0.007706262591116314
csr_grid_cell,iy509_ix952,1,San Jose,0.052,0.000496426350033,0.000496426350033,0,,1,True,False,0.07694464944649447,0.5057128188945111
csr_grid_cell,iy510_ix420,1,Zhongwei,0.000249937515621,-0.0030726814569047,-0.0030726814569047,0,,1,True,True,0.0006508113231429934,0.004277407606151677
csr_grid_cell,iy510_ix444,1,Lüliang,0.000249937515621,-1.640366162603918e-05,-1.640366162603918e-05,0,,1,True,True,0.0006508113231429934,0.004277407606151677
csr_grid_cell,iy510_ix451,1,Jinzhong,0.01,5.542377266519764e-05,5.542377266519764e-05,0,,1,True,False,0.017982062780269058,0.11818573121801701
csr_grid_cell,iy510_ix507,2,Seoul; Goyang-si,0.000249937515621,0.0020723953654192633,0.0015464734124539501,0,,2,True,True,0.0006508113231429934,0.004277407606151677
csr_grid_cell,iy511_ix129,1,Konya,0.000249937515621,-1.6664712018146582e-15,-1.666471201814658e-15,0,,1,True,True,0.0006508113231429934,0.004277407606151677
csr_grid_cell,iy511_ix160,1,Diyarbakır,0.000249937515621,-0.0055730278091667,-0.0055730278091667,0,,1,True,True,0.0006508113231429934,0.004277407606151677
csr_grid_cell,iy511_ix233,1,Ashgabat,0.000249937515621,6.8795958355776e-09,6.8795958355776e-09,0,,1,True,True,0.0006508113231429934,0.004277407606151677
csr_grid_cell,iy511_ix424,1,Wuzhong,0.000249937515621,-0.0029932514957789,-0.0029932514957789,0,,1,True,True,0.0006508113231429934,0.004277407606151677
csr_grid_cell,iy511_ix450,1,Taiyuan,0.0155,0.0007481143005881,0.0007481143005881,0,,1,True,False,0.02656196581196581,0.1745764871602888
csr_grid_cell,iy511_ix556,1,Niigata,0.001,-0.0034359910290833,-0.0034359910290833,0,,1,True,True,0.002191256830601093,0.014401867793233767
csr_grid_cell,iy512_ix457,1,Shijiazhuang,0.000249937515621,3.5278765281167854e-17,3.5278765281167854e-17,0,,1,True,True,0.0006508113231429934,0.004277407606151677
csr_grid_cell,iy513_ix108,1,İzmir,0.000249937515621,-0.0002703422480119,-0.0002703422480119,0,,1,True,True,0.0006508113231429934,0.004277407606151677
csr_grid_cell,iy513_ix153,1,Malatya,0.000249937515621,-0.0003126091903371,-0.0003126091903371,0,,1,True,True,0.0006508113231429934,0.004277407606151677
csr_grid_cell,iy513_ix425,1,Yinchuan,0.000249937515621,-0.0006979767837894,-0.0006979767837894,0,,1,True,True,0.0006508113231429934,0.004277407606151677
csr_grid_cell,iy514_ix141,1,Kayseri,0.000249937515621,-0.0003388840098605,-0.0003388840098605,0,,1,True,True,0.0006508113231429934,0.004277407606151677
csr_grid_cell,iy515_ix461,1,Baoding,0.000249937515621,2.487502840140006e-11,2.4875028401400063e-11,0,,1,True,True,0.0006508113231429934,0.004277407606151677
csr_grid_cell,iy515_ix486,1,Dalian,0.000249937515621,0.002896224481439,0.002896224481439,0,,1,True,True,0.0006508113231429934,0.004277407606151677
csr_grid_cell,iy516_ix468,1,Tianjin,0.000249937515621,0.0073736357294239,0.0073736357294239,0,,1,True,True,0.0006508113231429934,0.004277407606151677
csr_grid_cell,iy516_ix503,1,Pyongyang,0.000249937515621,1.532334130254123e-06,1.532334130254123e-06,0,,1,True,True,0.0006508113231429934,0.004277407606151677
csr_grid_cell,iy517_ix1438,1,Valencia,0.000249937515621,-0.0017649770510182,-0.0017649770510182,0,,1,True,True,0.0006508113231429934,0.004277407606151677
csr_grid_cell,iy518_ix439,1,Ordos,0.000249937515621,-3.3855016304000286e-11,-3.3855016304000286e-11,0,,1,True,True,0.0006508113231429934,0.004277407606151677
csr_grid_cell,iy518_ix466,1,Langfang,0.000249937515621,0.0007721279813353,0.0007721279813353,0,,1,True,True,0.0006508113231429934,0.004277407606151677
csr_grid_cell,iy518_ix472,1,Tangshan,0.000249937515621,1.5904333389553664e-07,1.5904333389553664e-07,0,,1,True,True,0.0006508113231429934,0.004277407606151677
csr_grid_cell,iy519_ix122,1,Eskişehir,0.000249937515621,-2.6101603665541622e-09,-2.6101603665541622e-09,0,,1,True,True,0.0006508113231429934,0.004277407606151677
csr_grid_cell,iy519_ix131,2,Ankara; Çankaya,0.000249937515621,-5.662690681025525e-07,-6.354637203275517e-07,0,,2,True,True,0.0006508113231429934,0.004277407606151677
csr_grid_cell,iy519_ix165,1,Erzurum,0.049,-0.0008920058235072,-0.0008920058235072,0,,1,True,False,0.07277407407407407,0.4783020314886192
csr_grid_cell,iy519_ix465,1,Beijing,0.000249937515621,0.0002529408037319,0.0002529408037319,0,,1,True,True,0.0006508113231429934,0.004277407606151677
csr_grid_cell,iy519_ix468,1,Sanhe,0.000249937515621,1.2834426076257588e-08,1.2834426076257588e-08,0,,1,True,True,0.0006508113231429934,0.004277407606151677
csr_grid_cell,iy519_ix478,1,Qinhuangdao,0.000249937515621,0.0042830898810408,0.0042830898810408,0,,1,True,True,0.0006508113231429934,0.004277407606151677
csr_grid_cell,iy520_ix116,1,Bursa,0.000249937515621,-0.0002096325866145,-0.0002096325866145,0,,1,True,True,0.0006508113231429934,0.004277407606151677
csr_grid_cell,iy520_ix453,1,Datong,0.000249937515621,-3.378351124176497e-05,-3.378351124176497e-05,0,,1,True,True,0.0006508113231429934,0.004277407606151677
csr_grid_cell,iy522_ix429,1,Bayan Nur,0.000249937515621,-0.0042411337674424,-0.0042411337674424,0,,1,True,True,0.0006508113231429934,0.004277407606151677
csr_grid_cell,iy522_ix439,1,Baotou,0.000249937515621,-0.0007702065404044,-0.0007702065404044,0,,1,True,True,0.0006508113231429934,0.004277407606151677
csr_grid_cell,iy523_ix446,1,Hohhot,0.000249937515621,-2.173099577262619e-09,-2.173099577262619e-09,0,,1,True,True,0.0006508113231429934,0.004277407606151677
csr_grid_cell,iy523_ix483,1,Huludao,0.000249937515621,1.8041124150158799e-16,1.8041124150158799e-16,0,,1,True,True,0.0006508113231429934,0.004277407606151677
csr_grid_cell,iy523_ix57,1,Naples,0.04,-0.0017659817446177,-0.0017659817446177,0,,1,True,False,0.06052830188679245,0.3978176311187592
csr_grid_cell,iy524_ix488,1,Panjin,0.000249937515621,0.0003149296385248,0.0003149296385248,0,,1,True,True,0.0006508113231429934,0.004277407606151677
csr_grid_cell,iy524_ix491,1,Anshan,0.000249937515621,2.976771155298167e-06,2.976771155298167e-06,0,,1,True,True,0.0006508113231429934,0.004277407606151677
csr_grid_cell,iy525_ix276,1,Tashkent,0.000249937515621,-1.6091052581911517e-07,-1.6091052581911517e-07,0,,1,True,True,0.0006508113231429934,0.004277407606151677
csr_grid_cell,iy526_ix179,1,Tbilisi,0.0375,-0.000482262754851,-0.000482262754851,0,,1,True,False,0.056960227272727273,0.3743667338297982
csr_grid_cell,iy527_ix493,1,Shenyang,0.000249937515621,7.412707708519327e-06,7.412707708519327e-06,0,,1,True,True,0.0006508113231429934,0.004277407606151677
csr_grid_cell,iy527_ix495,1,Fushun,0.000249937515621,2.6350394759514496e-07,2.6350394759514496e-07,0,,1,True,True,0.0006508113231429934,0.004277407606151677
csr_grid_cell,iy527_ix50,1,Rome,0.0185,-0.0013312110117336,-0.0013312110117336,0,,1,True,False,0.030403688524590165,0.19982591563111854
csr_grid_cell,iy529_ix278,1,Shymkent,0.0005,-2.218793898742697e-12,-2.218793898742697e-12,0,,1,True,True,0.001172514619883041,0.007706262591116314
csr_grid_cell,iy530_ix93,1,Sofia,0.000249937515621,-0.0003294000406889,-0.0003294000406889,0,,1,True,True,0.0006508113231429934,0.004277407606151677
csr_grid_cell,iy531_ix298,1,Bishkek,0.000249937515621,-8.409079320156898e-16,-8.409079320156898e-16,0,,1,True,True,0.0006508113231429934,0.004277407606151677
csr_grid_cell,iy532_ix565,1,Sapporo,0.01,0.001933859674291,0.001933859674291,0,,1,True,False,0.017982062780269058,0.11818573121801701
csr_grid_cell,iy533_ix307,1,Almaty,0.000249937515621,-3.1209875317509502e-09,-3.1209875317509502e-09,0,,1,True,True,0.0006508113231429934,0.004277407606151677
csr_grid_cell,iy535_ix350,1,Ürümqi,0.000249937515621,-1.3439003471778378e-21,-1.3439003471778378e-21,0,,1,True,True,0.0006508113231429934,0.004277407606151677
csr_grid_cell,iy535_ix501,1,Changchun,0.000249937515621,3.708277976184314e-12,3.708277976184314e-12,0,,1,True,True,0.0006508113231429934,0.004277407606151677
csr_grid_cell,iy537_ix104,1,Bucharest,0.000249937515621,-3.198525018772758e-05,-3.198525018772758e-05,0,,1,True,True,0.0006508113231429934,0.004277407606151677
csr_grid_cell,iy539_ix81,1,Belgrade,0.000249937515621,-0.0015988441037686,-0.0015988441037686,0,,1,True,True,0.0006508113231429934,0.004277407606151677
csr_grid_cell,iy540_ix30,1,Turin,0.000249937515621,-0.0058121023331525,-0.0058121023331525,0,,1,True,True,0.0006508113231429934,0.004277407606151677
csr_grid_cell,iy541_ix36,1,Milan,0.000249937515621,-0.0001163008848194,-0.0001163008848194,0,,1,True,True,0.0006508113231429934,0.004277407606151677
csr_grid_cell,iy549_ix76,2,Budapest; Pest,0.0015,-0.0018059109837085749,-0.00224760796384825,0,,2,True,True,0.003149214659685864,0.02069797229969984
csr_grid_cell,iy550_ix950,1,Seattle,0.0035,-0.0067245943704312,-0.0067245943704312,0,,1,True,True,0.006913793103448276,0.045440375968306544
csr_grid_cell,iy551_ix427,1,Ulan Bator,0.000249937515621,1.2792988126430438e-13,1.2792988126430438e-13,0,,1,True,True,0.0006508113231429934,0.004277407606151677
csr_grid_cell,iy552_ix65,1,Vienna,0.001,-0.0009995313420966,-0.0009995313420966,0,,1,True,True,0.002191256830601093,0.014401867793233767
csr_grid_cell,iy293_ix1167,1,La Paz,1.0,0.0,0.0,0,,0,False,False,1.0,1.0
csr_grid_cell,iy294_ix1153,1,Arequipa,0.5285,-1.160156761248708e-09,-1.160156761248708e-09,0,,0,False,False,0.6037849002849003,1.0
csr_grid_cell,iy296_ix140,1,Blantyre,0.69,6.680133844755168e-06,6.680133844755168e-06,0,,0,False,False,0.7580547945205479,1.0
csr_grid_cell,iy299_ix157,1,Nampula,0.5075000000000001,7.784971441841527e-12,7.784971441841527e-12,0,,0,False,False,0.5847916666666667,1.0
csr_grid_cell,iy313_ix109,1,Lubumbashi,0.4225000000000001,2.839621737117903e-06,2.839621737117903e-06,0,,0,False,False,0.504233630952381,1.0
csr_grid_cell,iy317_ix101,1,Kolwezi,0.258,1.3818388655759344e-05,1.3818388655759344e-05,0,,0,False,False,0.3243197492163009,1.0
csr_grid_cell,iy328_ix450,1,Malang,0.3165,8.776195985724528e-07,8.776195985724528e-07,0,,0,False,False,0.3917175925925926,1.0
csr_grid_cell,iy331_ix451,1,Surabaya,0.3149999999999999,0.0022082061862322,0.0022082061862322,0,,0,False,False,0.3910681114551082,1.0
csr_grid_cell,iy332_ix430,1,Bandung,0.0889999999999999,7.836513003651931e-09,7.836513003651931e-09,0,,0,False,False,0.12700711743772228,0.8347445578234808
csr_grid_cell,iy332_ix441,1,Semarang,0.2875000000000001,3.6082248300317592e-16,3.6082248300317592e-16,0,,0,False,False,0.3591510903426792,1.0
csr_grid_cell,iy333_ix427,1,Bogor,0.119,1.0164395367051604e-19,1.0164395367051604e-19,0,,0,False,False,0.16511764705882354,1.0
csr_grid_cell,iy334_ix426,1,South Tangerang,0.123,0.0001452925843284,0.0001452925843284,0,,0,False,False,0.16891438356164384,1.0
csr_grid_cell,iy334_ix427,1,Depok,0.1265,1.387779415677878e-05,1.387779415677878e-05,0,,0,False,False,0.1725391156462585,1.0
csr_grid_cell,iy335_ix426,1,Tangerang,0.1109999999999999,0.0005862220146996,0.0005862220146996,0,,0,False,False,0.15509059233449463,1.0
csr_grid_cell,iy335_ix427,2,Jakarta; Bekasi,0.1225,0.0008240470263283058,0.0006650430238834999,0,,0,False,False,0.16880584192439863,1.0
csr_grid_cell,iy338_ix421,1,Bandar Lampung,0.294,0.0010293927583578,0.0010293927583578,0,,0,False,False,0.36613043478260865,1.0
csr_grid_cell,iy348_ix418,1,Palembang,0.8955,9.042149292762258e-05,9.042149292762258e-05,0,,0,False,False,0.9425078740157479,1.0
csr_grid_cell,iy350_ix115,1,Bukavu,1.0,0.0,0.0,0,,0,False,False,1.0,1.0
csr_grid_cell,iy351_ix1120,1,Guayaquil,0.104,-0.0006497006440756,-0.0006497006440756,0,,0,False,False,0.14581818181818182,0.9583788386042834
csr_grid_cell,iy356_ix401,1,Padang,0.1999999999999999,3.3306690738754696e-16,3.3306690738754696e-16,0,,0,False,False,0.2593564516129031,1.0
csr_grid_cell,iy373_ix1133,1,Cali,0.3594999999999999,0.0006105155087874,0.0006105155087874,0,,0,False,False,0.43684696969696957,1.0
csr_grid_cell,iy378_ix1143,2,Bogotá; Kennedy,0.0969999999999999,0.00011455380824912634,9.49632340592524e-05,0,,0,False,False,0.13793262411347504,0.906551614176214
csr_grid_cell,iy388_ix502,1,Davao,0.1525,0.0015205006009754,0.0015205006009754,0,,0,False,False,0.2024917218543046,1.0
csr_grid_cell,iy408_ix1094,1,Managua,0.1454999999999999,0.0002791380982256,0.0002791380982256,0,,0,False,False,0.19579026845637573,1.0
csr_grid_cell,iy416_ix1091,1,Tegucigalpa,0.3429999999999999,2.117582368135752e-22,2.117582368135752e-22,0,,0,False,False,0.418063829787234,1.0
csr_grid_cell,iy418_ix1077,1,Guatemala City,0.458,-1.2242415083635633e-05,-1.2242415083635633e-05,0,,0,False,False,0.5338895348837209,1.0
csr_grid_cell,iy421_ix176,1,Sanaa,0.2745,-1.4707008899986972e-16,-1.4707008899986972e-16,0,,0,False,False,0.34398281250000007,1.0
csr_grid_cell,iy422_ix1087,1,San Pedro Sula,0.6065,-9.045056744078246e-06,-9.045056744078246e-06,0,,0,False,False,0.681250700280112,1.0
csr_grid_cell,iy427_ix384,1,Yangon,0.0705,0.0078525840287735,0.0078525840287735,0,,0,False,False,0.10169244604316546,0.6683658177496599
csr_grid_cell,iy438_ix384,1,Nay Pyi Taw,0.4479999999999999,0.0013303005997146,0.0013303005997146,0,,0,False,False,0.5237551020408162,1.0
csr_grid_cell,iy443_ix426,1,Haiphong,0.1169999999999999,0.0008755768894566,0.0008755768894566,0,,0,False,False,0.16290624999999986,1.0
csr_grid_cell,iy444_ix423,1,Hanoi,0.7110000000000001,0.0007661094018628,0.0007661094018628,0,,0,False,False,0.7753029891304348,1.0
csr_grid_cell,iy446_ix443,1,Maoming,0.9515,-6.469737210338181e-06,-6.469737210338181e-06,0,,0,False,False,0.9833801546391754,1.0
csr_grid_cell,iy447_ix384,1,Mandalay,0.5660000000000001,0.0025833231311815,0.0025833231311815,0,,0,False,False,0.6429631728045326,1.0
csr_grid_cell,iy447_ix447,1,Yangjiang,0.5185,0.0009961720420938,0.0009961720420938,0,,0,False,False,0.5957550143266476,1.0
csr_grid_cell,iy449_ix367,1,Chattogram,0.2004999999999999,0.0063066447842901,0.0063066447842901,0,,0,False,False,0.2593564516129031,1.0
csr_grid_cell,iy450_ix353,2,Kolkata; Howrah,0.2290000000000001,0.005093130186782715,0.00509376233824,0,,0,False,False,0.291520634920635,1.0
csr_grid_cell,iy450_ix481,1,Kaohsiung,0.4155,0.0007876052972501,0.0007876052972501,0,,0,False,False,0.49735970149253733,1.0
csr_grid_cell,iy451_ix358,1,Khulna,0.3640000000000001,6.173769196178179e-05,6.173769196178179e-05,0,,0,False,False,0.4409788519637463,1.0
csr_grid_cell,iy452_ix457,1,Huizhou,0.8125,-0.0003771200649233,-0.0003771200649233,0,,0,False,False,0.8642241379310345,1.0
csr_grid_cell,iy453_ix364,1,Comilla,0.439,2.6682216159197027e-06,2.6682216159197027e-06,0,,0,False,False,0.5164926900584795,1.0
csr_grid_cell,iy453_ix464,1,Puning,0.7789999999999999,6.155005010132267e-07,6.155005010132267e-07,0,,0,False,False,0.8374772117962466,1.0
csr_grid_cell,iy454_ix361,1,Dhaka,0.947,0.000501866092094,0.000501866092094,0,,0,False,False,0.9812583979328164,1.0
csr_grid_cell,iy454_ix465,1,Jieyang,0.7849999999999999,1.7347234759768068e-17,1.7347234759768068e-17,0,,0,False,False,0.8416711229946523,1.0
csr_grid_cell,iy454_ix466,1,Chaozhou,0.9235,-2.0551410850402907e-06,-2.0551410850402907e-06,0,,0,False,False,0.9643841145833333,1.0
csr_grid_cell,iy455_ix345,1,Dhanbad,0.2524999999999999,2.6695712131150403e-09,2.6695712131150403e-09,0,,0,False,False,0.31840408805031434,1.0
csr_grid_cell,iy455_ix361,1,Gazipur,0.9465,2.933684224548129e-05,2.933684224548129e-05,0,,0,False,False,0.9812583979328164,1.0
csr_grid_cell,iy456_ix482,1,Taichung,0.6395,1.254850314375e-05,1.254850314375e-05,0,,0,False,False,0.7123319444444445,1.0
csr_grid_cell,iy457_ix354,1,Rajshahi,0.4295,-0.0021503134704165,-0.0021503134704165,0,,0,False,False,0.5095547337278107,1.0
csr_grid_cell,iy457_ix464,1,Meizhou,0.1965,-6.1828303432702285e-09,-6.1828303432702285e-09,0,,0,False,False,0.25583279220779226,1.0
csr_grid_cell,iy457_ix472,1,Xiamen,1.0,0.0,0.0,0,,0,False,False,1.0,1.0
csr_grid_cell,iy459_ix474,2,Quanzhou; Jinjiang,0.4365,-0.00042542469452502575,-0.0004217524139695,0,,0,False,False,0.5163318584070796,1.0
csr_grid_cell,iy460_ix303,1,Kota,0.1859999999999999,0.000491096082124,0.000491096082124,0,,0,False,False,0.24374509803921554,1.0
csr_grid_cell,iy460_ix396,1,Baoshan,0.2455,1.8027984983073723e-05,1.8027984983073723e-05,0,,0,False,False,0.31055362776025236,1.0
csr_grid_cell,iy460_ix410,1,Kunming,0.7264999999999999,3.356685715909279e-07,3.356685715909279e-07,0,,0,False,False,0.7873689189189188,1.0
csr_grid_cell,iy460_ix468,1,Longyan,1.0,0.0,0.0,0,,0,False,False,1.0,1.0
csr_grid_cell,iy460_ix485,1,New Taipei City,0.687,0.0004106270631025,0.0004106270631025,0,,0,False,False,0.7568324175824176,1.0
csr_grid_cell,iy460_ix486,1,Taipei,0.6665000000000001,0.0004195205423698,0.0004195205423698,0,,0,False,False,0.7383052486187847,1.0
csr_grid_cell,iy461_ix415,1,Qujing,0.6225,-7.425047756744359e-05,-7.425047756744359e-05,0,,0,False,False,0.6953272980501394,1.0
csr_grid_cell,iy461_ix476,1,Putian,0.4285,-0.0001160814337147,-0.0001160814337147,0,,0,False,False,0.5095547337278107,1.0
csr_grid_cell,iy462_ix357,1,Rangpur,0.1485,-0.0051411198019189,-0.0051411198019189,0,,0,False,False,0.19915886287625417,1.0
csr_grid_cell,iy464_ix366,1,Guwahati,0.9105,0.0005028785885829,0.0005028785885829,0,,0,False,False,0.9532911227154047,1.0
csr_grid_cell,iy464_ix423,1,Anshun,0.3335,-3.289734126340777e-05,-3.289734126340777e-05,0,,0,False,False,0.4077240853658537,1.0
csr_grid_cell,iy464_ix477,1,Fuzhou,0.2345,-0.0019431239035406,-0.0019431239035406,0,,0,False,False,0.2975775316455696,1.0
csr_grid_cell,iy466_ix406,1,Panzhihua,0.1220000000000001,0.0011250293667992,0.0011250293667992,0,,0,False,False,0.16869655172413806,1.0
csr_grid_cell,iy466_ix419,1,Liupanshui,0.7675000000000001,5.177748474642641e-05,5.1777484746426405e-05,0,,0,False,False,0.8273319892473119,1.0
csr_grid_cell,iy466_ix426,1,Guiyang,1.0,0.0,0.0,0,,0,False,False,1.0,1.0
csr_grid_cell,iy468_ix312,1,Agra,0.79,0.00041304537317110005,0.0004130453731711,0,,0,False,False,0.8447733333333334,1.0
csr_grid_cell,iy469_ix414,1,Zhaotong,0.1855,7.738392314048773e-09,7.738392314048773e-09,0,,0,False,False,0.24374509803921554,1.0
csr_grid_cell,iy469_ix421,1,Bijie,0.7509999999999999,5.496625048199433e-11,5.496625048199433e-11,0,,0,False,False,0.8117277628032343,1.0
csr_grid_cell,iy470_ix341,1,Kathmandu,0.099,-4.003091103841454e-10,-4.0030911038414537e-10,0,,0,False,False,0.1402791519434629,0.9219739887279724
csr_grid_cell,iy470_ix427,1,Zunyi,1.0,0.0,0.0,0,,0,False,False,1.0,1.0
csr_grid_cell,iy471_ix312,1,Alīgarh,0.3225,-4.293349599803528e-06,-4.293349599803528e-06,0,,0,False,False,0.3966947852760736,1.0
csr_grid_cell,iy477_ix286,1,Bahawalpur,0.679,-0.0002729492771905,-0.0002729492771905,0,,0,False,False,0.7500798898071626,1.0
csr_grid_cell,iy480_ix285,1,Multan,0.591,2.747009937493442e-05,2.747009937493442e-05,0,,0,False,False,0.6675802816901408,1.0
csr_grid_cell,iy481_ix426,1,Guang’an,1.0,0.0,0.0,0,,0,False,False,1.0,1.0
csr_grid_cell,iy482_ix191,2,Al Başrah al Qadīmah; Basrah,0.8734999999999999,7.659041462962075e-05,7.424075021490034e-05,0,,0,False,False,0.9266494708994708,1.0
csr_grid_cell,iy482_ix445,1,Yichang,0.4995,1.3877787807814454e-16,1.3877787807814454e-16,0,,0,False,False,0.5772319884726225,1.0
csr_grid_cell,iy482_ix468,1,Anqing,0.124,-0.0032250734790999,-0.0032250734790999,0,,0,False,False,0.1697064846416382,1.0
csr_grid_cell,iy485_ix194,1,Ahvaz,0.499,-4.5536664083144045e-06,-4.5536664083144045e-06,0,,0,False,False,0.5772319884726225,1.0
csr_grid_cell,iy485_ix473,1,Wuhu,0.206,-0.0009051439761154,-0.0009051439761154,0,,0,False,False,0.2647628205128205,1.0
csr_grid_cell,iy485_ix479,1,Yixing,0.704,1.0587911840678754e-21,1.0587911840678754e-21,0,,0,False,False,0.7713224043715846,1.0
csr_grid_cell,iy486_ix466,1,Lu’an,0.1295,-2.9397889367935817e-10,-2.9397889367935817e-10,0,,0,False,False,0.17603220338983053,1.0
csr_grid_cell,iy487_ix426,1,Bazhong,1.0,0.0,0.0,0,,0,False,False,1.0,1.0
csr_grid_cell,iy487_ix469,1,Hefei,0.617,-3.039325166400886e-10,-3.039325166400886e-10,0,,0,False,False,0.691108938547486,1.0
csr_grid_cell,iy487_ix479,1,Changzhou,0.7115,1.5612511283791264e-17,1.5612511283791264e-17,0,,0,False,False,0.7753029891304348,1.0
csr_grid_cell,iy488_ix456,1,Xinyang,0.4405,-0.0001533313902071,-0.0001533313902071,0,,0,False,False,0.5164926900584795,1.0
csr_grid_cell,iy488_ix475,1,Nanjing,0.9035,-6.38610302273468e-05,-6.38610302273468e-05,0,,0,False,False,0.9484384816753927,1.0
csr_grid_cell,iy488_ix477,1,Zhenjiang,0.3334999999999999,0.0007220839788225,0.0007220839788225,0,,0,False,False,0.4077240853658537,1.0
csr_grid_cell,iy488_ix483,1,Nantong,0.0705,0.0019166321843848,0.0019166321843848,0,,0,False,False,0.10169244604316546,0.6683658177496599
csr_grid_cell,iy489_ix473,1,Chuzhou,0.892,-1.8183707722217105e-08,-1.8183707722217105e-08,0,,0,False,False,0.9412947368421053,1.0
csr_grid_cell,iy489_ix479,1,Taizhou,0.3189999999999999,3.165049655297781e-05,3.165049655297781e-05,0,,0,False,False,0.39359692307692296,1.0
csr_grid_cell,iy490_ix206,1,Isfahan,0.487,-3.2532077881139584e-29,-3.2532077881139584e-29,0,,0,False,False,0.5660492753623189,1.0
csr_grid_cell,iy490_ix467,1,Huainan,0.403,-0.0002308977935756,-0.0002308977935756,0,,0,False,False,0.4838413173652695,1.0
csr_grid_cell,iy490_ix971,2,Tijuana; San Diego,0.812,-4.821066548321319e-05,-5.689025864679747e-05,0,,0,False,False,0.8642241379310345,1.0
csr_grid_cell,iy490_ix978,1,Mexicali,0.5755,-2.532261139990073e-08,-2.532261139990073e-08,0,,0,False,False,0.6519081920903954,1.0
csr_grid_cell,iy491_ix463,1,Fuyang,0.1015,-0.0020405435224123,-0.0020405435224123,0,,0,False,False,0.14331514084507044,0.9419277933993684
csr_grid_cell,iy491_ix469,1,Bengbu,0.606,-0.0003342250636843,-0.0003342250636843,0,,0,False,False,0.681250700280112,1.0
csr_grid_cell,iy492_ix450,1,Nanyang,0.5225,1.4083278971349363e-10,1.4083278971349363e-10,0,,0,False,False,0.5986357142857143,1.0
csr_grid_cell,iy493_ix480,1,Yancheng,0.0734999999999999,2.1684043449710093e-19,2.1684043449710093e-19,0,,0,False,False,0.10563978494623641,0.6943094005479947
csr_grid_cell,iy494_ix145,1,Damascus,0.1525,6.73029755562284e-07,6.73029755562284e-07,0,,0,False,False,0.2024917218543046,1.0
csr_grid_cell,iy494_ix453,1,Pingdingshan,0.3925,0.0003472585029559,0.0003472585029559,0,,0,False,False,0.47265015015015016,1.0
csr_grid_cell,iy494_ix456,1,Luohe,0.1029999999999999,0.0040014589304054,0.0040014589304054,0,,0,False,False,0.14492280701754373,0.9524940562619756
csr_grid_cell,iy494_ix467,1,Suzhou,0.5465,1.9809157802246184e-10,1.9809157802246184e-10,0,,0,False,False,0.6225752840909091,1.0
csr_grid_cell,iy495_ix141,1,Ra’s Bayrūt,0.1884999999999999,2.7755575615628914e-16,2.7755575615628914e-16,0,,0,False,False,0.24621661237785,1.0
csr_grid_cell,iy495_ix142,1,Beirut,0.1505,0.0005301694941249,0.0005301694941249,0,,0,False,False,0.2011683333333333,1.0
csr_grid_cell,iy495_ix473,1,Suqian,0.1334999999999999,1.2165583482653268e-10,1.2165583482653268e-10,0,,0,False,False,0.18024747474747463,1.0
csr_grid_cell,iy496_ix967,1,Los Angeles,0.891,-1.986593470939321e-06,-1.986593470939321e-06,0,,0,False,False,0.9412947368421053,1.0
csr_grid_cell,iy498_ix540,1,Kobe,1.0,0.0,0.0,0,,0,False,False,1.0,1.0
csr_grid_cell,iy500_ix516,1,Busan,0.1705000000000001,0.0002305254564494,0.0002305254564494,0,,0,False,False,0.2249029605263159,1.0
csr_grid_cell,iy502_ix430,1,Qingyang,0.1305,5.39952270602856e-07,5.39952270602856e-07,0,,0,False,False,0.17679222972972974,1.0
csr_grid_cell,iy502_ix517,1,Ulsan,0.2124999999999999,0.0003399052354951,0.0003399052354951,0,,0,False,False,0.2722444089456868,1.0
csr_grid_cell,iy503_ix514,1,Daegu,0.2015,0.000217891965716,0.000217891965716,0,,0,False,False,0.25981189710610936,1.0
csr_grid_cell,iy505_ix238,1,Mashhad,0.945,-1.9040902910269396e-14,-1.9040902910269396e-14,0,,0,False,False,0.9812583979328164,1.0
csr_grid_cell,iy509_ix485,1,Yantai,1.0,0.0,0.0,0,,0,False,False,1.0,1.0
csr_grid_cell,iy510_ix488,1,Weihai,1.0,0.0,0.0,0,,0,False,False,1.0,1.0
csr_grid_cell,iy511_ix410,1,Wuwei,0.724,1.4233855647727016e-19,1.4233855647727016e-19,0,,0,False,False,0.7867859078590786,1.0
csr_grid_cell,iy511_ix950,1,San Francisco,0.074,-0.0037395549434221,-0.0037395549434221,0,,0,False,False,0.10597857142857142,0.6965360487713275
csr_grid_cell,iy513_ix563,1,Sendai,0.377,0.0001260206090287,0.0001260206090287,0,,0,False,False,0.45535240963855417,1.0
csr_grid_cell,iy520_ix178,1,Yerevan,0.4405,-1.0340446264539603e-05,-1.0340446264539603e-05,0,,0,False,False,0.5164926900584795,1.0
csr_grid_cell,iy524_ix115,1,Istanbul,0.219,-0.0017871685276213,-0.0017871685276213,0,,0,False,False,0.2796783439490446,1.0
csr_grid_cell,iy525_ix495,1,Benxi,1.0,0.0,0.0,0,,0,False,False,1.0,1.0
csr_grid_cell,iy541_ix1137,1,Ottawa,0.655,0.0002719925024275,0.0002719925024275,0,,0,False,False,0.7275761772853186,1.0
csr_grid_cell,iy542_ix1145,1,Montréal,1.0,0.0,0.0,0,,0,False,False,1.0,1.0
csr_grid_cell,iy563_ix27,1,Köln,0.1635,-0.0009606448421492,-0.0009606448421492,0,,0,False,False,0.2163811881188119,1.0
grace_scale_300km,2,77,Lahore; Mumbai; Delhi; Dhaka; Hyderabad; Ahmedabad; Peshawar; Kolkata; Surat; Kabul; Chattogram; Faisalabad; Rawalpindi; Pune; Jaipur; Kanpur; Gazipur; Navi Mumbai; Gujranwala; Lucknow; Multan; Indore; Thāne; Vadodara; Bhopal; Pimpri-Chinchwad; Patna; Ludhiana; Khulna; Nashik; Kathmandu; Agra; Faridabad; Rājkot; Najafgarh; Bannu; Jamshedpur; Gorakhpur; Pimpri; Kalyān; Dombivali; Meerut; Virār; Srinagar; Ghāziābād; Dhanbad; Aurangabad; Varanasi; Amritsar; Vijayawada; Ranchi; Jabalpur; Prayagraj; Jodhpur; Gwalior; Rangpur; Comilla; Howrah; Kota; Shivaji Nagar; Sholapur; Sargodha; Chandigarh; Guwahati; Hubballi; Sialkot; Bahawalpur; Gurugram; Bhubaneswar; Bhiwandi; Jalandhar; Rohini; Bhayandar; Narela; Rajshahi; Dera Ismail Khan; Alīgarh,0.00053458857507825,-2.1656117076967665e-05,4.8166977239862135e-08,5,Bhayandar; Mumbai; Delhi; Lahore; Ludhiana,60,True,True,0.0010561384044228842,0.005257272108594028
grace_scale_300km,1,31,Seoul; Tokyo; Yokohama; Busan; Pyongyang; Incheon; Osaka; Daegu; Nagoya; Fukuoka; Kawasaki; Kobe; Kyoto; Daejeon; Gwangju; Saitama; Suwon; Hiroshima; Ulsan; Sendai; Goyang-si; Changwon; Chiba; Kitakyushu; Setagaya; Seongnam-si; Cheongju-si; Bucheon-si; Sakai; Niigata; Hamamatsu,0.0005165375322833999,0.0026600559887348515,0.0002305254564494,1,Yokohama,25,True,True,0.0010459885028738848,0.005206747675342603
grace_scale_300km,3,1,Dar es Salaam,0.000249937515621,0.0099400650158641,0.0099400650158641,0,,1,True,True,0.0006981013367345172,0.0034750262571808257
grace_scale_300km,4,1,Yangon,0.0705,0.0078525840287735,0.0078525840287735,0,,0,True,False,0.08652272727272727,0.4306949912487632
grace_scale_300km,5,113,Shanghai; Beijing; Chengdu; Tianjin; Xi’an; Nanjing; Chongqing; Wuzhong; Shenyang; Pudong; Hefei; Dalian; Changchun; Taiyuan; Zhengzhou; Shijiazhuang; Kunming; Shiyan; Tangshan; Lüliang; Changzhou; Guiyang; Lanzhou; Linyi; Baoding; Bazhong; Hohhot; Nantong; Baoshan; Yantai; Baotou; Qingyang; Weifang; Zunyi; Ordos; Shangqiu; Nanchong; Datong; Nanyang; Fuyang; Bayan Nur; Xining; Huainan; Suzhou; Lu’an; Yancheng; Taizhou; Wuhu; Mianyang; Wanzhou; Yinchuan; Kaifeng; Anshan; Baoji; Suqian; Qujing; Fushun; Luoyang; Handan; Yichang; Heze; Liupanshui; Luohe; Yixing; Xuchang; Zigong; Neijiang; Putuo; Xinyang; Liaocheng; Jinzhong; Changzhi; Tianshui; Yangpu; Weinan; Zhongwei; Panjin; Jiujiang; Anyang; Bijie; Xuhui; Meishan; Xinxiang; Xianyang; Wuwei; Hanzhong; Dongying; Luzhou; Benxi; Pingdingshan; Bengbu; Sanhe; Linfen; Zhenjiang; Huludao; Jing’an; Ziyang; Zaozhuang; Ankang; Langfang; Jiaozuo; Wanxian; Guang’an; Weihai; Zhabei; Yibin; Anqing; Xingtai; Zhaotong; Panzhihua; Chuzhou; Anshun; Qinhuangdao,0.000706073481629325,0.0006925766417206988,2.3526340848704938e-07,0,,74,True,True,0.0013617131431422696,0.006778369669512836
grace_scale_300km,6,6,Caracas; Maracaibo; Valencia; Barquisimeto; Ciudad Guayana; Barcelona,0.0003749062734315,0.0016414901788025602,0.0017907066509475502,0,,6,True,True,0.0009795938112242418,0.004876246522173094
grace_scale_300km,7,1,Makassar,0.000249937515621,0.005239330970689,0.005239330970689,0,,1,True,True,0.0006981013367345172,0.0034750262571808257
grace_scale_300km,9,1,Benghazi,0.000249937515621,0.0036816993522626996,0.0036816993522627,0,,1,True,True,0.0006981013367345172,0.0034750262571808257
grace_scale_300km,10,1,Accra,0.000249937515621,0.0036759540436972,0.0036759540436972,0,,1,True,True,0.0006981013367345172,0.0034750262571808257
grace_scale_300km,11,6,Quezon City; Caloocan; Manila; Taguig; Antipolo; Pasig City,0.0345,0.001182204105579072,0.0008512396348927501,0,,6,True,False,0.04736440677966102,0.23577172618666523
grace_scale_300km,12,4,Davao; Budta; Malingao; Zamboanga,0.000999750062484,0.0018654323862771318,0.00220563770665565,0,,3,True,True,0.0017999999999996402,0.00896008492432236
grace_scale_300km,13,1,Mombasa,0.000249937515621,0.0028114281985759,0.0028114281985759,0,,1,True,True,0.0006981013367345172,0.0034750262571808257
grace_scale_300km,14,9,Bengaluru; Chennai; Coimbatore; Kallakurichi; Madurai; Teni; Tiruppur; Mysuru; Salem,0.0003213482343698571,0.0006704197609296795,4.997142860270237e-07,0,,9,True,True,0.0008676402327986143,0.004318961205353312
grace_scale_300km,15,2,Barranquilla; Cartagena,0.0204999999999999,0.002523126296362496,0.0025419193400861503,0,,2,True,False,0.029651785714285568,0.1476013989765891
grace_scale_300km,17,3,Santo Domingo; Port-au-Prince; Santiago de los Caballeros,0.006,0.0019067892435364472,0.0014016720464758,0,,3,True,True,0.009346153846153846,0.046523517876298486
grace_scale_300km,18,1,Cebu City,0.000249937515621,0.002276329626615,0.002276329626615,0,,1,True,True,0.0006981013367345172,0.0034750262571808257
grace_scale_300km,19,4,Surabaya; Semarang; Jepara; Malang,0.056,0.0010032929752161266,0.00012244759148873622,0,,1,True,False,0.07200000000000001,0.35840339697296614
grace_scale_300km,20,4,Cairo; Alexandria; Giza; Shubrā al Khaymah,0.006,0.0006536637802958577,0.0003527840334451943,0,,4,True,True,0.009346153846153846,0.046523517876298486
grace_scale_300km,21,1,Sapporo,0.01,0.001933859674291,0.001933859674291,0,,1,True,True,0.014727272727272728,0.07330978574447035
grace_scale_300km,22,1,Auckland,0.000249937515621,0.0019078322068631,0.0019078322068631,0,,1,True,True,0.0006981013367345172,0.0034750262571808257
grace_scale_300km,23,2,Karachi; Hyderabad,0.0009999999999998,0.0017425392797948025,0.0015706382907995499,0,,2,True,True,0.0017999999999996402,0.00896008492432236
grace_scale_300km,26,4,Bogotá; Cali; Medellín; Kennedy,0.038,0.00018808592220780572,9.49632340592524e-05,0,,1,True,False,0.05045901639344262,0.2511761511572836
grace_scale_300km,27,1,Tripoli,0.01,0.0005650613683371,0.0005650613683371,0,,1,True,True,0.014727272727272728,0.07330978574447035
grace_scale_300km,28,24,Istanbul; Ankara; Bursa; İzmir; Gaziantep; Aleppo; Beirut; Diyarbakır; Adana; Damascus; Kayseri; Konya; Antalya; Amman; Ra’s Bayrūt; Yerevan; Tbilisi; Jerusalem; Eskişehir; Zarqa; Çankaya; Homs; Erzurum; Malatya,0.000499875031242,-0.0008670617708953752,-1.3922321191930677e-06,0,,19,True,True,0.0010384615384615384,0.005169279764033165
grace_scale_300km,29,1,Havana,0.0629999999999999,0.0005034226792101,0.0005034226792101,0,,1,True,False,0.07850769230769218,0.3907975501609066
grace_scale_300km,30,2,San Jose; San Francisco,0.074,-0.0014244439338562149,-0.00162156429669455,0,,1,True,False,0.08946268656716418,0.44532959399999145
grace_scale_300km,31,1,Natal,0.000249937515621,0.0003325867328523,0.0003325867328523,0,,1,True,True,0.0006981013367345172,0.0034750262571808257
grace_scale_300km,34,1,Kingston,0.000249937515621,0.0001636288480058,0.0001636288480058,0,,1,True,True,0.0006981013367345172,0.0034750262571808257
grace_scale_300km,35,1,Medan,0.000249937515621,0.0001521960233025,0.0001521960233025,0,,1,True,True,0.0006981013367345172,0.0034750262571808257
grace_scale_300km,37,5,Kuala Lumpur; Pekanbaru; Padang; Kampung Baru Subang; Petaling Jaya,0.00041656252603499994,8.451818450406195e-06,2.248057758831729e-11,0,,4,True,True,0.0010384615384615384,0.005169279764033165
grace_scale_300km,40,2,Lilongwe; Blantyre,0.0209999999999998,2.9872174420706844e-06,3.340066922403537e-06,0,,1,True,False,0.02984210526315761,0.14854877637695166
grace_scale_300km,41,1,Addis Ababa,0.000249937515621,2.8194569339276605e-06,2.8194569339276605e-06,0,,1,True,True,0.0006981013367345172,0.0034750262571808257
grace_scale_300km,42,2,Johannesburg; Soweto,0.000249937515621,3.3751686258473264e-08,6.826400322074575e-08,0,,2,True,True,0.0006981013367345172,0.0034750262571808257
grace_scale_300km,43,1,Dodoma,0.000249937515621,5.6511767885969806e-08,5.6511767885969806e-08,0,,1,True,True,0.0006981013367345172,0.0034750262571808257
grace_scale_300km,44,2,Mashhad; Ashgabat,0.000499875031242,2.123423306219905e-09,3.439788397337345e-09,0,,1,True,True,0.0010384615384615384,0.005169279764033165
grace_scale_300km,45,2,Nairobi; Kakamega,0.000249937515621,1.1366372575902018e-10,8.097021202275642e-11,0,,2,True,True,0.0006981013367345172,0.0034750262571808257
grace_scale_300km,46,2,Kigali; Bukavu,0.000499875031242,4.987592085521676e-12,4.292140896924766e-12,0,,1,True,True,0.0010384615384615384,0.005169279764033165
grace_scale_300km,48,4,Sanaa; Aden; Taiz; Ibb,0.000999750062484,9.505453237487869e-13,1.6083779550162047e-14,0,,3,True,True,0.0017999999999996402,0.00896008492432236
grace_scale_300km,49,1,Ulan Bator,0.000249937515621,1.2792988126430438e-13,1.2792988126430438e-13,0,,1,True,True,0.0006981013367345172,0.0034750262571808257
grace_scale_300km,50,1,Cúcuta,0.000249937515621,1.734723475976807e-18,1.734723475976807e-18,0,,1,True,True,0.0006981013367345172,0.0034750262571808257
grace_scale_300km,51,2,La Paz; Cochabamba,0.000499875031242,-3.177744369678916e-05,-5.37494929043e-05,0,,1,True,True,0.0010384615384615384,0.005169279764033165
grace_scale_300km,52,4,Tehran; Isfahan; Karaj; Qom,0.000499875031242,-7.855277785292666e-12,-4.459259156863238e-12,0,,3,True,True,0.0010384615384615384,0.005169279764033165
grace_scale_300km,53,1,Quetta,0.0605,-4.1859273867864965e-29,-4.1859273867864965e-29,0,,1,True,False,0.0765703125,0.3811536126011329
grace_scale_300km,54,1,Ürümqi,0.000249937515621,-1.3439003471778378e-21,-1.3439003471778378e-21,0,,1,True,True,0.0006981013367345172,0.0034750262571808257
grace_scale_300km,55,1,Shiraz,0.000249937515621,-2.263038642283979e-17,-2.263038642283979e-17,0,,1,True,True,0.0006981013367345172,0.0034750262571808257
grace_scale_300km,56,2,Almaty; Bishkek,0.000249937515621,-2.144665918187875e-09,-1.5604941863294412e-09,0,,2,True,True,0.0006981013367345172,0.0034750262571808257
grace_scale_300km,57,9,Baghdad; Al Mawşil al Jadīdah; Mosul; Erbil; Karbala; Sadr City; Kirkuk; Abū Ghurayb; Sulaymaniyah,0.0032142857142857142,-0.0015746454617395894,-0.0001523367858627,0,,9,True,True,0.005424107142857143,0.027000255910351795
grace_scale_300km,58,2,Tashkent; Shymkent,0.000499875031242,-1.0015273248618679e-07,-8.045637230650696e-08,0,,2,True,True,0.0010384615384615384,0.005169279764033165
grace_scale_300km,59,5,Rabat; Fes; Tangier; Marrakesh; Salé,0.000249937515621,-0.001425147644548824,-0.0013672601883325,0,,5,True,True,0.0006981013367345172,0.0034750262571808257
grace_scale_300km,60,1,Hermosillo,0.0005,-1.3432238777995402e-11,-1.3432238777995403e-11,0,,1,True,True,0.0010384615384615384,0.005169279764033165
grace_scale_300km,62,1,Córdoba,0.000249937515621,-1.090670243149346e-09,-1.090670243149346e-09,0,,1,True,True,0.0006981013367345172,0.0034750262571808257
grace_scale_300km,64,11,Mexico City; Iztapalapa; Puebla; Ecatepec de Morelos; Santiago de Querétaro; León de los Aldama; Zapopan; Guadalajara; Gustavo Adolfo Madero; Ciudad Nezahualcoyotl; Naucalpan de Juárez,0.000249937515621,-0.0007149367477964062,-3.7128006164988185e-06,0,,11,True,True,0.0006981013367345172,0.0034750262571808257
grace_scale_300km,65,1,Santiago,0.0065,-8.392798256101334e-09,-8.392798256101334e-09,0,,1,True,True,0.009933962264150943,0.04944952528990216
grace_scale_300km,67,1,Lusaka,0.0045,-1.2905227307220935e-06,-1.2905227307220935e-06,0,,1,True,True,0.00729,0.03628834394351282
grace_scale_300km,68,1,Culiacán,0.0015,-2.0974711869263264e-06,-2.0974711869263264e-06,0,,1,True,True,0.002585106382978723,0.012868207072167666
grace_scale_300km,69,1,Santa Cruz de la Sierra,0.000249937515621,-4.5691481460386255e-06,-4.5691481460386255e-06,0,,1,True,True,0.0006981013367345172,0.0034750262571808257
grace_scale_300km,70,2,Bucharest; Sofia,0.000249937515621,-0.00014512713113969602,-0.00018069264543831378,0,,2,True,True,0.0006981013367345172,0.0034750262571808257
grace_scale_300km,71,2,Milan; Turin,0.000249937515621,-0.0022913554853119253,-0.00296420160898595,0,,2,True,True,0.0006981013367345172,0.0034750262571808257
grace_scale_300km,72,1,Trujillo,0.0475,-0.0002982185846655,-0.0002982185846655,0,,1,True,False,0.06205645161290323,0.30890615364101415
grace_scale_300km,73,1,Algiers,0.000249937515621,-0.0003050398441828,-0.0003050398441828,0,,1,True,True,0.0006981013367345172,0.0034750262571808257
grace_scale_300km,74,2,Lima; Callao,0.0245,-0.000596214426884526,-0.0010059826291484999,0,,2,True,False,0.03421551724137931,0.1703188556735755
grace_scale_300km,75,3,Budapest; Vienna; Pest,0.0015,-0.0014983137110114524,-0.0009995313420966,0,,3,True,True,0.002585106382978723,0.012868207072167666
grace_scale_300km,77,1,Oran,0.000249937515621,-0.0011892114031741,-0.0011892114031741,0,,1,True,True,0.0006981013367345172,0.0034750262571808257
grace_scale_300km,78,2,Rome; Naples,0.037,-0.0014536504306411908,-0.00154859637817565,0,,2,True,False,0.04995,0.2486423566499952
grace_scale_300km,79,1,Belgrade,0.000249937515621,-0.0015988441037686,-0.0015988441037686,0,,1,True,True,0.0006981013367345172,0.0034750262571808257
grace_scale_300km,80,1,Valencia,0.000249937515621,-0.0017649770510182,-0.0017649770510182,0,,1,True,True,0.0006981013367345172,0.0034750262571808257
grace_scale_300km,81,1,Seattle,0.0035,-0.0067245943704312,-0.0067245943704312,0,,1,True,True,0.005785714285714286,0.02880027297104192
grace_scale_300km,8,21,Taipei; Xiamen; New Taipei City; Fuzhou; Huizhou; Haikou; Taichung; Kaohsiung; Wenzhou; Jieyang; Tainan; Chaozhou; Putian; Quanzhou; Jinjiang; Maoming; Yangjiang; Longyan; Meizhou; Rui’an; Puning,0.126,0.00032374884806189567,1.7347234759768068e-17,0,,4,False,False,0.14791304347826087,0.7362852394335934
grace_scale_300km,16,2,Mandalay; Nay Pyi Taw,0.5660000000000001,0.002039960707962098,0.00195681186544805,0,,0,False,False,0.5954025974025975,1.0
grace_scale_300km,24,9,Jakarta; Bekasi; Bandung; Depok; Tangerang; Palembang; South Tangerang; Bandar Lampung; Bogor,0.16264285714285714,0.0005161170893875923,0.0001452925843284,0,,0,False,False,0.18652816901408453,0.9285045750804922
grace_scale_300km,25,2,Hanoi; Haiphong,0.2339999999999998,0.0007930199492151957,0.0008208431456597,0,,0,False,False,0.26324999999999976,1.0
grace_scale_300km,32,4,Guatemala City; Managua; Tegucigalpa; San Pedro Sula,0.5819999999999996,6.966535405003705e-05,-4.522528372039123e-06,0,,0,False,False,0.604384615384615,1.0
grace_scale_300km,33,2,Montréal; Ottawa,1.0,9.953197333703931e-05,0.00013599625121375,0,,0,False,False,1.0,1.0
grace_scale_300km,36,3,Al Başrah al Qadīmah; Basrah; Ahvaz,0.8734999999999999,6.0274180986829804e-05,6.284218389836227e-05,0,,0,False,False,0.8956139240506329,1.0
grace_scale_300km,38,1,Baoshan,0.2455,1.8027984983073723e-05,1.8027984983073723e-05,0,,0,False,False,0.2724041095890411,1.0
grace_scale_300km,39,2,Lubumbashi; Kolwezi,0.4225000000000001,5.71991732436424e-06,8.329005196438624e-06,0,,0,False,False,0.46246621621621636,1.0
grace_scale_300km,47,1,Nampula,0.5075000000000001,7.784971441841527e-12,7.784971441841527e-12,0,,0,False,False,0.5481,1.0
grace_scale_300km,61,2,Quito; Guayaquil,0.104,-0.00032142939136392095,-0.0003248503673538514,0,,1,False,False,0.12388235294117646,0.6166646683211328
grace_scale_300km,63,1,Arequipa,0.5285,-1.160156761248708e-09,-1.160156761248708e-09,0,,0,False,False,0.5632697368421052,1.0
grace_scale_300km,66,4,Los Angeles; Tijuana; San Diego; Mexicali,0.891,-2.0537973419681374e-05,-1.5688971087671245e-06,0,,0,False,False,0.9021375,1.0
grace_scale_300km,76,1,Köln,0.1635,-0.0009606448421492,-0.0009606448421492,0,,0,False,False,0.18652816901408453,0.9285045750804922
