area,pipe_no,well_name,screen_depth_m,ground_elevation_tp_m,level_2013_tp_m,level_2014_tp_m,level_2015_tp_m,level_2016_tp_m,change_2015_minus_2014_m,change_2016_minus_2015_m,resource_name,resource_url
江東区,研  15,南砂町　第１,65～70,-2.2,-3.95,-3.88,-3.96,-3.77,-0.08,0.19,表－5(1) 観測井の地下水位と変動量（区部）,https://www.kensetsu.metro.tokyo.lg.jp/documents/d/kensetsu/000030088
江東区,研  23,南砂町　第２,125～130,-2.2,-3.98,-3.89,-3.97,-3.8,-0.08,0.17,表－5(1) 観測井の地下水位と変動量（区部）,https://www.kensetsu.metro.tokyo.lg.jp/documents/d/kensetsu/000030088
江東区,研  12,亀戸　第１,56～61,-1.8,-4.63,-4.57,-4.57,-4.34,0.0,0.23,表－5(1) 観測井の地下水位と変動量（区部）,https://www.kensetsu.metro.tokyo.lg.jp/documents/d/kensetsu/000030088
江東区,研  22,亀戸　第２,139～144,-1.8,-4.92,-4.84,-4.85,-4.62,-0.01,0.23,表－5(1) 観測井の地下水位と変動量（区部）,https://www.kensetsu.metro.tokyo.lg.jp/documents/d/kensetsu/000030088
墨田区,研  13,吾嬬　Ａ,42～47,-1.0,-6.04,-5.94,-5.85,-5.71,0.09,0.14,表－5(1) 観測井の地下水位と変動量（区部）,https://www.kensetsu.metro.tokyo.lg.jp/documents/d/kensetsu/000030088
墨田区,研  16,吾嬬　Ｂ,108～115,-1.0,-6.34,-6.25,-6.09,-5.85,0.16,0.24,表－5(1) 観測井の地下水位と変動量（区部）,https://www.kensetsu.metro.tokyo.lg.jp/documents/d/kensetsu/000030088
墨田区,研  65,両国　第１,35～37,1.9,-6.02,-5.99,-5.83,-5.59,0.16,0.24,表－5(1) 観測井の地下水位と変動量（区部）,https://www.kensetsu.metro.tokyo.lg.jp/documents/d/kensetsu/000030088
墨田区,研  66,両国　第２,76～87,1.9,-6.12,-6.09,-5.94,-5.69,0.15,0.25,表－5(1) 観測井の地下水位と変動量（区部）,https://www.kensetsu.metro.tokyo.lg.jp/documents/d/kensetsu/000030088
江戸川区,研  30,新江戸川　第２,129～150,-1.6,-6.81,-6.53,-6.66,-6.45,-0.13,0.21,表－5(1) 観測井の地下水位と変動量（区部）,https://www.kensetsu.metro.tokyo.lg.jp/documents/d/kensetsu/000030088
江戸川区,研  31,新江戸川　第３,313～346,-1.6,-6.78,-6.5,-6.44,-6.25,0.06,0.19,表－5(1) 観測井の地下水位と変動量（区部）,https://www.kensetsu.metro.tokyo.lg.jp/documents/d/kensetsu/000030088
江戸川区,研  28,小岩　第,47～55,2.5,-0.66,-1.3,-1.41,-0.59,-0.11,0.82,表－5(1) 観測井の地下水位と変動量（区部）,https://www.kensetsu.metro.tokyo.lg.jp/documents/d/kensetsu/000030088
江戸川区,研  38,江戸川東部　第１,62～67,1.3,-3.12,-3.23,-3.44,-3.32,-0.21,0.12,表－5(1) 観測井の地下水位と変動量（区部）,https://www.kensetsu.metro.tokyo.lg.jp/documents/d/kensetsu/000030088
江戸川区,研  39,江戸川東部　第２,150～160,1.3,-5.9,-5.7,-5.76,-5.58,-0.06,0.18,表－5(1) 観測井の地下水位と変動量（区部）,https://www.kensetsu.metro.tokyo.lg.jp/documents/d/kensetsu/000030088
江戸川区,研  40,江戸川東部　第３,291～306,1.3,-6.69,-6.26,-6.21,-6.08,0.05,0.13,表－5(1) 観測井の地下水位と変動量（区部）,https://www.kensetsu.metro.tokyo.lg.jp/documents/d/kensetsu/000030088
江戸川区,研  48,小島　第１,37～40,0.1,-3.06,-3.03,-3.11,-3.01,-0.08,0.1,表－5(1) 観測井の地下水位と変動量（区部）,https://www.kensetsu.metro.tokyo.lg.jp/documents/d/kensetsu/000030088
江戸川区,研  49,小島　第２,70～77,0.1,-4.15,-4.07,-4.15,-4.0,-0.08,0.15,表－5(1) 観測井の地下水位と変動量（区部）,https://www.kensetsu.metro.tokyo.lg.jp/documents/d/kensetsu/000030088
江戸川区,研  50,小島　第３,123～134,0.1,-4.05,-3.96,-4.06,-3.9,-0.1,0.16,表－5(1) 観測井の地下水位と変動量（区部）,https://www.kensetsu.metro.tokyo.lg.jp/documents/d/kensetsu/000030088
江戸川区,研  51,小島　第４,212～229,0.1,-4.2,-4.11,-4.2,-4.03,-0.09,0.17,表－5(1) 観測井の地下水位と変動量（区部）,https://www.kensetsu.metro.tokyo.lg.jp/documents/d/kensetsu/000030088
江戸川区,研  52,篠崎　第１,55～60,1.5,-2.33,-2.89,-3.46,-3.11,-0.57,0.35,表－5(1) 観測井の地下水位と変動量（区部）,https://www.kensetsu.metro.tokyo.lg.jp/documents/d/kensetsu/000030088
江戸川区,研  53,篠崎　第２,250～260,1.5,-7.55,-7.19,-7.08,-6.91,0.11,0.17,表－5(1) 観測井の地下水位と変動量（区部）,https://www.kensetsu.metro.tokyo.lg.jp/documents/d/kensetsu/000030088
江戸川区,研  54,篠崎　第３,300～315,1.5,-7.56,-7.21,-7.06,-6.89,0.15,0.17,表－5(1) 観測井の地下水位と変動量（区部）,https://www.kensetsu.metro.tokyo.lg.jp/documents/d/kensetsu/000030088
足立区,研  32,新足立　第,224～234,0.0,-6.67,-6.43,-6.22,-5.96,0.21,0.26,表－5(1) 観測井の地下水位と変動量（区部）,https://www.kensetsu.metro.tokyo.lg.jp/documents/d/kensetsu/000030088
足立区,研  55,伊興　第,87～115,3.4,-6.69,-6.35,-5.92,-6.05,0.43,-0.13,表－5(1) 観測井の地下水位と変動量（区部）,https://www.kensetsu.metro.tokyo.lg.jp/documents/d/kensetsu/000030088
足立区,研  42,神明南　第１,99～104,1.2,-9.24,-8.82,-8.52,-8.54,0.3,-0.02,表－5(1) 観測井の地下水位と変動量（区部）,https://www.kensetsu.metro.tokyo.lg.jp/documents/d/kensetsu/000030088
足立区,研  43,神明南　第２,170～177,1.2,-10.49,-10.19,-9.96,-10.11,0.23,-0.15,表－5(1) 観測井の地下水位と変動量（区部）,https://www.kensetsu.metro.tokyo.lg.jp/documents/d/kensetsu/000030088
足立区,研  44,神明南　第３,304～330,1.2,-7.04,-6.7,-6.53,-6.39,0.17,0.14,表－5(1) 観測井の地下水位と変動量（区部）,https://www.kensetsu.metro.tokyo.lg.jp/documents/d/kensetsu/000030088
足立区,研 103,小台　第１,40～45,1.5,-3.5,-3.42,-3.17,-3.03,0.25,0.14,表－5(1) 観測井の地下水位と変動量（区部）,https://www.kensetsu.metro.tokyo.lg.jp/documents/d/kensetsu/000030088
足立区,研 104,小台　第２,148～160,1.5,-4.29,-4.04,-3.83,-3.64,0.21,0.19,表－5(1) 観測井の地下水位と変動量（区部）,https://www.kensetsu.metro.tokyo.lg.jp/documents/d/kensetsu/000030088
足立区,研 105,小台　第３,212～234,1.5,-3.85,-3.55,-3.36,-3.2,0.19,0.16,表－5(1) 観測井の地下水位と変動量（区部）,https://www.kensetsu.metro.tokyo.lg.jp/documents/d/kensetsu/000030088
足立区,研  62,舎人　第１,22～27,3.4,-4.61,-4.8,-4.76,-4.7,0.04,0.06,表－5(1) 観測井の地下水位と変動量（区部）,https://www.kensetsu.metro.tokyo.lg.jp/documents/d/kensetsu/000030088
足立区,研  63,舎人　第２,172～184,3.4,-6.85,-6.32,-5.9,-6.04,0.42,-0.14,表－5(1) 観測井の地下水位と変動量（区部）,https://www.kensetsu.metro.tokyo.lg.jp/documents/d/kensetsu/000030088
足立区,研  64,舎人　第３,290～302,3.4,-3.37,-3.0,-2.81,-2.61,0.19,0.2,表－5(1) 観測井の地下水位と変動量（区部）,https://www.kensetsu.metro.tokyo.lg.jp/documents/d/kensetsu/000030088
足立区,研  41,高砂,118～123,1.3,-6.74,-6.53,-6.48,-6.31,0.05,0.17,表－5(1) 観測井の地下水位と変動量（区部）,https://www.kensetsu.metro.tokyo.lg.jp/documents/d/kensetsu/000030088
葛飾区,研  24,戸田橋　第１,258～268,2.9,2.42,3.04,3.27,3.34,0.23,0.07,表－5(1) 観測井の地下水位と変動量（区部）,https://www.kensetsu.metro.tokyo.lg.jp/documents/d/kensetsu/000030088
板橋区,研  25,戸田橋　第２,103～113,2.9,-1.19,-0.74,-0.49,-0.58,0.25,-0.09,表－5(1) 観測井の地下水位と変動量（区部）,https://www.kensetsu.metro.tokyo.lg.jp/documents/d/kensetsu/000030088
板橋区,研  26,戸田橋　第３,51～59,2.9,-1.4,-0.98,-0.81,-0.93,0.17,-0.12,表－5(1) 観測井の地下水位と変動量（区部）,https://www.kensetsu.metro.tokyo.lg.jp/documents/d/kensetsu/000030088
板橋区,研  36,板橋　第,188～199,28.6,2.25,2.73,2.96,3.04,0.23,0.08,表－5(1) 観測井の地下水位と変動量（区部）,https://www.kensetsu.metro.tokyo.lg.jp/documents/d/kensetsu/000030088
板橋区,研  56,上赤塚　第１,111～122,27.4,5.35,6.23,6.34,6.43,0.11,0.09,表－5(1) 観測井の地下水位と変動量（区部）,https://www.kensetsu.metro.tokyo.lg.jp/documents/d/kensetsu/000030088
板橋区,研  57,上赤塚　第２,189～211,27.4,6.12,7.35,7.32,7.6,-0.03,0.28,表－5(1) 観測井の地下水位と変動量（区部）,https://www.kensetsu.metro.tokyo.lg.jp/documents/d/kensetsu/000030088
板橋区,研  58,上赤塚　第３,327～355,27.4,6.25,7.42,7.39,7.71,-0.03,0.32,表－5(1) 観測井の地下水位と変動量（区部）,https://www.kensetsu.metro.tokyo.lg.jp/documents/d/kensetsu/000030088
練馬区,研  34,練馬　第１,87～97,42.0,14.88,15.83,15.82,16.05,-0.01,0.23,表－5(1) 観測井の地下水位と変動量（区部）,https://www.kensetsu.metro.tokyo.lg.jp/documents/d/kensetsu/000030088
練馬区,研  35,練馬　第２,185～195,42.0,8.48,10.33,10.11,10.63,-0.22,0.52,表－5(1) 観測井の地下水位と変動量（区部）,https://www.kensetsu.metro.tokyo.lg.jp/documents/d/kensetsu/000030088
新宿区,研  33,新宿,114～125,32.9,9.58,9.89,10.13,10.35,0.24,0.22,表－5(1) 観測井の地下水位と変動量（区部）,https://www.kensetsu.metro.tokyo.lg.jp/documents/d/kensetsu/000030088
杉並区,研 110,杉並,115～143,37.1,25.78,26.36,26.33,26.44,-0.03,0.11,表－5(1) 観測井の地下水位と変動量（区部）,https://www.kensetsu.metro.tokyo.lg.jp/documents/d/kensetsu/000030088
世田谷区,研 111,世田谷,87～109,41.2,32.72,33.2,33.6,33.68,0.4,0.08,表－5(1) 観測井の地下水位と変動量（区部）,https://www.kensetsu.metro.tokyo.lg.jp/documents/d/kensetsu/000030088
目黒区,研 112,目黒,125～147,17.3,11.52,13.44,13.91,14.01,0.47,0.1,表－5(1) 観測井の地下水位と変動量（区部）,https://www.kensetsu.metro.tokyo.lg.jp/documents/d/kensetsu/000030088
千代田区,研 113,千代田　第１,19～28,15.1,5.83,2.46,5.15,5.88,2.69,0.73,表－5(1) 観測井の地下水位と変動量（区部）,https://www.kensetsu.metro.tokyo.lg.jp/documents/d/kensetsu/000030088
千代田区,研 114,千代田　第２,92～109,15.1,4.37,2.91,3.78,4.5,0.87,0.72,表－5(1) 観測井の地下水位と変動量（区部）,https://www.kensetsu.metro.tokyo.lg.jp/documents/d/kensetsu/000030088
東久留米市,研  59,東久留米　第１,85～90,39.8,14.98,16.40,16.56,16.98,0.16,0.42,表－5(2) 観測井の地下水位と変動量（多摩地域）,https://www.kensetsu.metro.tokyo.lg.jp/documents/d/kensetsu/000030089
東久留米市,研  60,東久留米　第２,158～169,39.8,12.20,14.39,14.77,15.55,0.38,0.78,表－5(2) 観測井の地下水位と変動量（多摩地域）,https://www.kensetsu.metro.tokyo.lg.jp/documents/d/kensetsu/000030089
東久留米市,研  61,東久留米　第３,393～417,39.8,15.63,17.17,17.02,17.85,-0.15,0.83,表－5(2) 観測井の地下水位と変動量（多摩地域）,https://www.kensetsu.metro.tokyo.lg.jp/documents/d/kensetsu/000030089
調布市,研  67,調布　第１,20～25,33.9,27.63,27.98,27.85,27.76,-0.13,-0.09,表－5(2) 観測井の地下水位と変動量（多摩地域）,https://www.kensetsu.metro.tokyo.lg.jp/documents/d/kensetsu/000030089
調布市,研  68,調布　第２,43～53,33.9,11.88,13.80,13.89,15.33,0.09,1.44,表－5(2) 観測井の地下水位と変動量（多摩地域）,https://www.kensetsu.metro.tokyo.lg.jp/documents/d/kensetsu/000030089
調布市,研  69,調布　第３,84～95,33.9,9.21,11.43,11.59,13.48,0.16,1.89,表－5(2) 観測井の地下水位と変動量（多摩地域）,https://www.kensetsu.metro.tokyo.lg.jp/documents/d/kensetsu/000030089
調布市,研  70,調布　第４,146～162,33.9,10.80,13.41,13.46,15.10,0.05,1.64,表－5(2) 観測井の地下水位と変動量（多摩地域）,https://www.kensetsu.metro.tokyo.lg.jp/documents/d/kensetsu/000030089
清瀬市,研  71,清瀬　第１,77～83,44.2,20.91,21.52,21.64,21.66,0.12,0.02,表－5(2) 観測井の地下水位と変動量（多摩地域）,https://www.kensetsu.metro.tokyo.lg.jp/documents/d/kensetsu/000030089
清瀬市,研  72,清瀬　第２,158～186,44.2,11.65,13.17,13.20,13.87,0.03,0.67,表－5(2) 観測井の地下水位と変動量（多摩地域）,https://www.kensetsu.metro.tokyo.lg.jp/documents/d/kensetsu/000030089
清瀬市,研  73,清瀬　第３,385～407,44.2,15.31,16.75,16.68,17.44,-0.07,0.76,表－5(2) 観測井の地下水位と変動量（多摩地域）,https://www.kensetsu.metro.tokyo.lg.jp/documents/d/kensetsu/000030089
東大和市,研  74,東大和　第１,75～81,97.2,53.73,54.48,54.84,55.05,0.36,0.21,表－5(2) 観測井の地下水位と変動量（多摩地域）,https://www.kensetsu.metro.tokyo.lg.jp/documents/d/kensetsu/000030089
東大和市,研  75,東大和　第２,154～165,97.2,25.37,26.60,27.04,28.51,0.44,1.47,表－5(2) 観測井の地下水位と変動量（多摩地域）,https://www.kensetsu.metro.tokyo.lg.jp/documents/d/kensetsu/000030089
東大和市,研  76,東大和　第３,226～248,97.2,19.71,20.92,21.39,23.40,0.47,2.01,表－5(2) 観測井の地下水位と変動量（多摩地域）,https://www.kensetsu.metro.tokyo.lg.jp/documents/d/kensetsu/000030089
立川市,研  77,立川　第１,90～102,75.0,68.19,68.22,69.20,69.49,0.98,0.29,表－5(2) 観測井の地下水位と変動量（多摩地域）,https://www.kensetsu.metro.tokyo.lg.jp/documents/d/kensetsu/000030089
立川市,研  78,立川　第２,238～255,75.0,68.40,68.71,69.07,69.20,0.36,0.13,表－5(2) 観測井の地下水位と変動量（多摩地域）,https://www.kensetsu.metro.tokyo.lg.jp/documents/d/kensetsu/000030089
小金井市,研  79,小金井　第１,71～83,71.3,16.46,19.74,19.30,19.65,-0.44,0.35,表－5(2) 観測井の地下水位と変動量（多摩地域）,https://www.kensetsu.metro.tokyo.lg.jp/documents/d/kensetsu/000030089
小金井市,研  80,小金井　第２,140～151,71.3,16.96,19.98,19.05,20.47,-0.93,1.42,表－5(2) 観測井の地下水位と変動量（多摩地域）,https://www.kensetsu.metro.tokyo.lg.jp/documents/d/kensetsu/000030089
小金井市,研  81,小金井　第３,243～259,71.3,19.86,23.44,20.81,22.86,-2.63,2.05,表－5(2) 観測井の地下水位と変動量（多摩地域）,https://www.kensetsu.metro.tokyo.lg.jp/documents/d/kensetsu/000030089
小金井市,研 108,小金井南　第１,114～125,46.8,20.10,22.97,23.12,24.50,0.15,1.38,表－5(2) 観測井の地下水位と変動量（多摩地域）,https://www.kensetsu.metro.tokyo.lg.jp/documents/d/kensetsu/000030089
小金井市,研 109,小金井南　第２,167～189,46.8,19.65,22.65,22.34,23.95,-0.31,1.61,表－5(2) 観測井の地下水位と変動量（多摩地域）,https://www.kensetsu.metro.tokyo.lg.jp/documents/d/kensetsu/000030089
武蔵村山市,研  82,武蔵村山　第１,94～100,124.5,95.86,95.85,95.95,96.17,0.10,0.22,表－5(2) 観測井の地下水位と変動量（多摩地域）,https://www.kensetsu.metro.tokyo.lg.jp/documents/d/kensetsu/000030089
武蔵村山市,研  83,武蔵村山　第２,164～175,124.5,67.45,67.54,67.86,67.67,0.32,-0.19,表－5(2) 観測井の地下水位と変動量（多摩地域）,https://www.kensetsu.metro.tokyo.lg.jp/documents/d/kensetsu/000030089
武蔵村山市,研  84,武蔵村山　第３,254～265,124.5,62.55,62.07,63.10,63.17,1.03,0.07,表－5(2) 観測井の地下水位と変動量（多摩地域）,https://www.kensetsu.metro.tokyo.lg.jp/documents/d/kensetsu/000030089
府中市,研  85,府中　第１,28～33,69.0,43.00,47.52,48.17,47.24,0.65,-0.93,表－5(2) 観測井の地下水位と変動量（多摩地域）,https://www.kensetsu.metro.tokyo.lg.jp/documents/d/kensetsu/000030089
府中市,研  86,府中　第２,142～153,69.0,40.16,43.82,44.11,44.55,0.29,0.44,表－5(2) 観測井の地下水位と変動量（多摩地域）,https://www.kensetsu.metro.tokyo.lg.jp/documents/d/kensetsu/000030089
府中市,研  87,府中　第３,213～241,69.0,34.01,35.10,34.40,35.35,-0.70,0.95,表－5(2) 観測井の地下水位と変動量（多摩地域）,https://www.kensetsu.metro.tokyo.lg.jp/documents/d/kensetsu/000030089
東村山市,研  88,東村山　第１,37～42,62.7,57.68,57.64,57.75,57.88,0.11,0.13,表－5(2) 観測井の地下水位と変動量（多摩地域）,https://www.kensetsu.metro.tokyo.lg.jp/documents/d/kensetsu/000030089
東村山市,研  89,東村山　第２,170～181,62.7,21.54,24.38,23.81,24.80,-0.57,0.99,表－5(2) 観測井の地下水位と変動量（多摩地域）,https://www.kensetsu.metro.tokyo.lg.jp/documents/d/kensetsu/000030089
東村山市,研  90,東村山　第３,257～273,62.7,17.97,20.15,19.37,20.92,-0.78,1.55,表－5(2) 観測井の地下水位と変動量（多摩地域）,https://www.kensetsu.metro.tokyo.lg.jp/documents/d/kensetsu/000030089
八王子市,研  91,八王子　第１,88～100,109.1,87.19,87.18,87.36,87.44,0.18,0.08,表－5(2) 観測井の地下水位と変動量（多摩地域）,https://www.kensetsu.metro.tokyo.lg.jp/documents/d/kensetsu/000030089
八王子市,研  92,八王子　第２,148～175,109.1,87.02,87.02,87.19,87.25,0.17,0.06,表－5(2) 観測井の地下水位と変動量（多摩地域）,https://www.kensetsu.metro.tokyo.lg.jp/documents/d/kensetsu/000030089
瑞穂町,研  93,瑞穂　第１,76～93,142.3,89.18,85.58,87.72,87.79,2.14,0.07,表－5(2) 観測井の地下水位と変動量（多摩地域）,https://www.kensetsu.metro.tokyo.lg.jp/documents/d/kensetsu/000030089
瑞穂町,研  94,瑞穂　第２,142～169,142.3,95.19,78.37,82.24,80.69,3.87,-1.55,表－5(2) 観測井の地下水位と変動量（多摩地域）,https://www.kensetsu.metro.tokyo.lg.jp/documents/d/kensetsu/000030089
多摩市,研 115,新多摩,92～125,49.5,50.81+,50.81+,50.81+,50.81+,+,-,表－5(2) 観測井の地下水位と変動量（多摩地域）,https://www.kensetsu.metro.tokyo.lg.jp/documents/d/kensetsu/000030089
稲城市,研  96,稲城,189～211,36.7,27.71,27.40,34.05,28.06,6.65,-5.99,表－5(2) 観測井の地下水位と変動量（多摩地域）,https://www.kensetsu.metro.tokyo.lg.jp/documents/d/kensetsu/000030089
町田市,研  97,町田　第１,72～84,61.8,58.25,58.36,58.68,59.50,0.32,0.82,表－5(2) 観測井の地下水位と変動量（多摩地域）,https://www.kensetsu.metro.tokyo.lg.jp/documents/d/kensetsu/000030089
町田市,研  98,町田　第２,147～169,61.8,33.98,34.01,33.88,33.94,-0.13,0.06,表－5(2) 観測井の地下水位と変動量（多摩地域）,https://www.kensetsu.metro.tokyo.lg.jp/documents/d/kensetsu/000030089
町田市,研 106,町田南　第１,42～53,53.1,30.91,30.58,30.50,30.53,-0.08,0.03,表－5(2) 観測井の地下水位と変動量（多摩地域）,https://www.kensetsu.metro.tokyo.lg.jp/documents/d/kensetsu/000030089
町田市,研 107,町田南　第２,176～203,53.1,35.47,36.07,36.45,36.76,0.38,0.31,表－5(2) 観測井の地下水位と変動量（多摩地域）,https://www.kensetsu.metro.tokyo.lg.jp/documents/d/kensetsu/000030089
三鷹市,研  99,三鷹　第１,97～113,55.5,16.19,17.25,17.92,18.67,0.67,0.75,表－5(2) 観測井の地下水位と変動量（多摩地域）,https://www.kensetsu.metro.tokyo.lg.jp/documents/d/kensetsu/000030089
三鷹市,研 100,三鷹　第２,178～233,55.5,6.51,8.48,8.38,9.59,-0.10,1.21,表－5(2) 観測井の地下水位と変動量（多摩地域）,https://www.kensetsu.metro.tokyo.lg.jp/documents/d/kensetsu/000030089
昭島市,研 101,昭島　第１,92～103,119.3,69.01,69.14,69.44,69.39,0.30,-0.05,表－5(2) 観測井の地下水位と変動量（多摩地域）,https://www.kensetsu.metro.tokyo.lg.jp/documents/d/kensetsu/000030089
昭島市,研 102,昭島　第２,187～210,119.3,65.03,64.94,65.19,65.44,0.25,0.25,表－5(2) 観測井の地下水位と変動量（多摩地域）,https://www.kensetsu.metro.tokyo.lg.jp/documents/d/kensetsu/000030089
