name,country,lat,lon,population,pga,wtd,tws_cm_yr,reversal,dP,dP_lo,dP_hi,p_two,ci_excl0,fdr_sig
Yokohama,JP,35.43333,139.65,3777491,0.6621291,2.6398107881285,1.5877,False,0.01318236006673068,0.005221765327386396,0.021894330287945296,0.0,True,True
Bhayandar,IN,19.30157,72.85107,809378,0.1212539,2.9297322041657594,1.4173,False,0.011769730276460832,0.0038161602561318482,0.020571322646866355,0.0,True,True
Mumbai,IN,19.07283,72.88261,12691836,0.120297400125448,1.8768596932936816,1.4173,False,0.01081659381228961,0.003572497476138428,0.01435495399970016,0.0,True,True
Dar es Salaam,TZ,-6.82349,39.26951,5383728,0.109765000000553,8.361943999389666,1.5505,False,0.009940065015864141,0.0038461988486549305,0.01673799414060863,0.0,True,True
Surat,IN,21.19594,72.83023,4591246,0.09830952,8.25513084611282,1.4158,False,0.009622180973770544,0.0028024831768068857,0.01675405888401187,0.0009999999999998899,True,True
Nashik,IN,19.99727,73.79096,1486053,0.07369488,4.516670481422182,2.633,False,0.009150408807873045,0.00330046929817968,0.016078828146274274,0.0,True,True
Bhiwandi,IN,19.30023,73.05881,874032,0.125094701840259,3.2349126420996868,1.4173,False,0.008631220163633352,0.0028146479064968576,0.015668200884864203,0.0,True,True
Thāne,IN,19.19704,72.96355,1841488,0.1226549788237301,2.0904859998474308,1.4173,False,0.008410576206117737,0.002678599387664629,0.01247976013037333,0.0,True,True
Dombivali,IN,19.21667,73.08333,1247327,0.1242170029365362,3.8452735179675415,1.4173,False,0.00832928802367594,0.0026620227838969625,0.014580549108342476,0.0,True,True
Tokyo,JP,35.6895,139.69171,9733276,0.605276,5.432211795223964,1.5877,False,0.008302637258447737,0.003248422716651238,0.01443481485663945,0.0,True,True
Yangon,MM,16.80528,96.15611,4477638,0.2417016573252616,1.4038300144961229,0.949,True,0.00785258402877359,0.0005517502052593742,0.011622502249179656,0.07050000000000001,True,True
Tianjin,CN,39.14222,117.17667,11090314,0.117718599999321,3.112840466926116,1.0174,True,0.007373635729423955,0.0027019944033238874,0.01235966661792302,0.0,True,True
Varanasi,IN,25.31668,83.01041,1164404,0.0641719299859855,26.092927443350906,1.7399,True,0.006454744104012505,0.0018980329960969766,0.01163781146845873,0.0004999999999999449,True,True
Chattogram,BD,22.3384,91.83168,3920222,0.2789350093955502,1.724269474326718,0.7765,True,0.006306644784290105,-0.0012531086229764453,0.01396830378443259,0.2004999999999999,False,False
Patna,IN,25.59408,85.13563,1684297,0.0921172673310556,4.257267109178315,1.3047,True,0.006098119810889285,0.0008643026428560479,0.012168989510116177,0.03049999999999997,True,True
Kanpur,IN,26.46523,80.34975,2823249,0.0874991899999999,13.42793926909286,1.095,True,0.005955810106998527,0.0009638181755430507,0.011674114516948214,0.026499999999999968,True,True
Barcelona,VE,10.1384,-64.68769,815141,0.1565541,5.95101853971164,0.9569,False,0.005593762723846651,0.0010259838369734708,0.010966213345218427,0.021500000000000075,True,True
Prayagraj,IN,25.44478,81.84322,1073438,0.0632544323089667,8.484016174563237,1.5299,True,0.005399910094125063,0.001561257533603206,0.010105117992501994,0.0020000000000000018,True,True
Kalyān,IN,19.2437,73.13554,1262255,0.1256955999999282,1.1749446860456487,1.4173,False,0.005381297964220544,0.0020564889245797374,0.005381297964220544,0.0004999999999999449,True,True
Makassar,ID,-5.14861,119.43194,1423877,0.06073681,0.6408789196613043,0.6312,False,0.005239330970689016,0.0017247287311472628,0.0053197165084566955,0.0,True,True
Howrah,IN,22.57688,88.31857,1027672,0.116651700000003,2.075226977950763,0.6662,True,0.005094755030667475,-0.0013186095983712563,0.012639774668197701,0.22249999999999992,False,False
Kolkata,IN,22.56263,88.36304,4631392,0.119528,2.059967956054038,0.6662,True,0.005092769645812678,-0.0013093987025666804,0.012576555745084764,0.2290000000000001,False,False
Luzhou,CN,28.8903,105.42575,998900,0.1971011047434862,1.586938277256479,0.6356,False,0.00500421282467467,0.001002839819391091,0.009770131621006903,0.016999999999999904,True,True
Ranchi,IN,23.34316,85.3094,1120374,0.1272203,3.2806897077897474,1.1405,True,0.004955914891752039,0.0007176902001159793,0.00956651097935537,0.03249999999999997,True,True
Ciudad Guayana,VE,8.35122,-62.64102,978202,0.0609216311130317,24.00244144350347,3.2946,False,0.004915952855939008,0.0017313225857529784,0.008613069384460145,0.0,True,True
Haikou,CN,20.03421,110.34651,2873358,0.0606846,1.4190890363927906,0.8239,False,0.004825710787500159,0.0010604850959056334,0.008356616221411928,0.008000000000000007,True,True
Jing’an,CN,31.22,121.41583,936500,0.0507968402419307,4.104676890211351,0.6576,False,0.004700654421369244,0.00136151479212826,0.008601901560693806,0.0004999999999999449,True,True
Vijayawada,IN,16.50745,80.6466,1143232,0.06847776,5.859464408331462,2.3443,False,0.004590270892386367,0.001628481556334272,0.007835620597643176,0.0,True,True
Zhabei,CN,31.25861,121.45972,840000,0.0543976236497186,3.0365453574426056,0.6576,False,0.004444727843076202,0.0012136954300911579,0.007869059110345938,0.0015000000000000568,True,True
Kaifeng,CN,34.7986,114.30742,1451741,0.0997951691928758,1.7700465400168357,2.2778,True,0.004396939206460337,0.0018921885863275464,0.004396939206460337,0.0,True,True
Qinhuangdao,CN,39.94104,119.58936,759718,0.1847800918294732,1.1596856641489808,0.7283,False,0.004283089881040841,0.0015137770350567737,0.006846557757048899,0.0,True,True
Nagoya,JP,35.18147,136.90641,2332176,0.4578695,12.802319371328338,0.664,False,0.004191570935317246,0.0014601161438896671,0.0073164946180869946,0.0,True,True
Luohe,CN,33.57424,114.03261,1294974,0.0534729595322506,11.520561532005845,0.5955,True,0.004001458930405488,-4.663995172381743e-05,0.008634141239381141,0.10299999999999998,False,False
Putuo,CN,31.251,121.3897,1239100,0.0503584899999993,2.1972991531243338,0.6576,False,0.003967574017243042,0.001108585949277857,0.007215086560381656,0.0009999999999998899,True,True
Hanzhong,CN,33.07507,107.02214,1006557,0.1400477000011399,3.64690623331046,0.6823,False,0.003910982978689054,0.00120294592821035,0.006758017364617297,0.0009999999999998899,True,True
Benghazi,LY,32.11486,20.06859,757490,0.0783412446839008,6.332494087129021,0.9766,False,0.0036816993522627572,0.0014337018513617696,0.006260180311968388,0.0,True,True
Accra,GH,5.55602,-0.1969,1963264,0.0840799599994307,11.53582055390251,5.4265,False,0.0036759540436972146,0.0014215719514410778,0.006525626973741958,0.0,True,True
Jabalpur,IN,23.16697,79.95006,1081677,0.1361818,2.2583352407111192,1.6226,False,0.0035819517574923188,0.001056083953602932,0.005031107354587741,0.0004999999999999449,True,True
Manila,PH,14.6042,120.9822,1600000,0.3303762000045073,2.838178072785581,0.4215,False,0.003489741800249857,0.0006980618544253748,0.006399510477692633,0.011500000000000066,True,True
Nanchong,CN,30.79508,106.08473,1858875,0.0702872509812431,21.637293049515563,0.8565,False,0.003375950101831615,0.0010048234267957354,0.006106250087784791,0.0009999999999998899,True,True
Linfen,CN,36.08889,111.51889,959198,0.1546868420043955,12.08514534218358,0.9104,True,0.003359728157632358,0.0005740557914018507,0.00663916967876001,0.02499999999999991,True,True
Jamshedpur,IN,22.80278,86.18545,1339438,0.1567997419895702,18.08194094758528,1.161,True,0.0032759032485840944,0.0005394679193755789,0.006624209526085012,0.023500000000000076,True,True
Xuhui,CN,31.19594,121.44709,1109800,0.0507968402419307,3.31120775158314,0.6576,False,0.0030998488024287507,0.0008773377998850765,0.0053684863250866195,0.0009999999999998899,True,True
Maracaibo,VE,10.64232,-71.61089,1752602,0.09229294999185,6.042572671091818,1.3193,False,0.0029827278373295713,0.0011005920738077191,0.005109150044926868,0.0,True,True
Malingao,PH,7.16083,124.475,1121974,0.5545271999996771,0.3662165255207696,0.3983,False,0.002963818340636637,0.0008033863604452074,0.002963818340636637,0.0040000000000000036,True,True
Dalian,CN,38.91222,121.60222,4913879,0.0876957999990944,16.18982223239493,1.3534,True,0.0028962244814390997,0.0010760466035981458,0.004967356867022498,0.0,True,True
Budta,PH,7.20417,124.43972,1273715,0.5609091576962117,1.007095445182017,0.3983,False,0.0028907748123359056,0.0007181867105477968,0.00535591008797575,0.00550000000000006,True,True
Mombasa,KE,-4.05466,39.66359,1208333,0.0996536100001263,18.50919356069278,0.5269,False,0.002811428198575938,0.0011204678584026794,0.004696259038271019,0.0,True,True
Chennai,IN,13.08784,80.27847,4681087,0.08934973,8.041504539559014,0.4167,False,0.002683293577701973,0.0010730789082865817,0.0045235594281931215,0.0,True,True
Cartagena,CO,10.39817,-75.49328,914552,0.0708730299999999,10.849164568551204,0.6294,False,0.0026785270490979063,0.00047970084009667653,0.0053139105911917586,0.020499999999999963,True,True
Virār,IN,19.45591,72.81136,1222390,0.1198278828077522,0.5951018539711868,1.4173,False,0.0025991780956606536,0.001995994496101794,0.0025991780956606536,0.0,True,True
Mandalay,MM,21.97473,96.08359,1208099,0.3333079,4.516670481422182,0.3728,True,0.002583323131181592,-0.0031775825944254594,0.008812492352975822,0.5660000000000001,False,False
Ziyang,CN,30.12108,104.64811,905729,0.155723199999444,13.09224078736554,0.7209,False,0.002559120231567333,0.0007583093051363774,0.004565370745161931,0.0004999999999999449,True,True
Santo Domingo,DO,18.47186,-69.89232,2201941,0.4312265999999539,3.8147554741741487,0.3488,False,0.0024767920648013364,0.0006809021030615564,0.004606044475953755,0.0020000000000000018,True,True
Baoshan,CN,31.40845,121.48956,2265900,0.0563865307407588,3.418020904860043,0.6576,False,0.002467062608267484,0.0006762688745617543,0.004428784717181937,0.0020000000000000018,True,True
Barranquilla,CO,10.96854,-74.78132,1206319,0.09359839,5.737392233157891,0.6294,False,0.0024053116310744915,0.0004476608619669032,0.004613209340768213,0.01849999999999996,True,True
Cebu City,PH,10.31672,123.89071,965332,0.3347104821106495,0.3356984817273769,0.9923,False,0.002276329626615059,0.002276329626615059,0.002276329626615059,0.0,True,True
Surabaya,ID,-7.24917,112.75083,2874314,0.1756715000089241,2.3346303501945727,0.2774,False,0.002208206186232242,-0.0010019565736869075,0.005852285537232785,0.31499999999999995,False,False
Seoul,KR,37.566,126.9784,10349312,0.1291627050768389,9.628442816815491,0.6391,True,0.0021926419501853006,0.0007829412458853789,0.003757244941429102,0.0,True,True
Weinan,CN,34.50355,109.50891,1199290,0.1088599,1.1139085984588633,0.4515,True,0.0020072563146180944,0.0005996204295050447,0.0036432630126096957,0.0004999999999999449,True,True
Alexandria,EG,31.20176,29.91582,5263542,0.106489699999422,6.28671702143896,0.331,True,0.001957679441843607,0.0005205754538679414,0.003588703594508607,0.0015000000000000568,True,True
Sapporo,JP,43.06667,141.35,1973832,0.1806720360283885,0.9918364232852924,0.5472,False,0.001933859674291022,0.00043344994239838673,0.003525010037273027,0.010000000000000009,True,True
Nantong,CN,32.03028,120.87472,2273326,0.0583333852838798,3.006027313649213,0.3838,False,0.0019166321843848977,0.00010111558679640756,0.004072735043745334,0.07050000000000001,True,True
Auckland,NZ,-36.84853,174.76349,1547200,0.1584837125632816,27.13054093232625,0.6243,False,0.001907832206863122,0.0006904732473526916,0.003241268225816413,0.0,True,True
Xianyang,CN,34.33778,108.70261,1034081,0.0907892488942864,3.0365453574426056,0.4512,True,0.001875812191569265,0.000617479735195496,0.003319235507905553,0.0,True,True
Hamamatsu,JP,34.7,137.73333,791707,0.7980442000000426,0.2441443503471987,0.2575,False,0.0018496808038376833,0.000519621192864711,0.0018496808038376833,0.0044999999999999485,True,True
Karachi,PK,24.8608,67.0104,11624219,0.2104098999919154,11.779964904249653,0.44,False,0.0018106153343679099,0.0004986582433334816,0.0032892303975454503,0.0004999999999999449,True,True
Shanghai,CN,31.22222,121.45806,24874500,0.05296031,0.2899214160372594,0.6576,False,0.0017738693845824882,0.0011479908468059754,0.0017738693845824882,0.0009999999999998899,True,True
Tainan,TW,22.99083,120.21333,1856642,0.6576578501474174,4.486152437628789,0.1935,False,0.0016107783675050613,0.00034739253026931926,0.0031410837688323444,0.01200000000000001,True,True
Kitakyushu,JP,33.85181,130.85034,940978,0.2292976253441503,0.4882887006943406,0.407,False,0.0015969601989614668,0.0003990257258993171,0.0019178033808634753,0.0024999999999999467,True,True
Lanzhou,CN,36.05701,103.83987,3000000,0.0837336089308837,17.456321049820758,0.4924,False,0.0015712382400322605,0.0005254058927755434,0.002697314845540854,0.0,True,True
Hiroshima,JP,34.4,132.45,1200754,0.350937245802441,0.6408789196613043,0.1934,True,0.0015640616549372766,0.00023257573333319848,0.0031389375482984757,0.03200000000000003,True,True
Davao,PH,7.07306,125.61278,1848947,0.4845108999999862,0.6103608758679115,0.1836,False,0.0015205006009754163,-0.00014730502995454197,0.003368315139516314,0.15250000000000008,False,False
Neijiang,CN,29.58354,105.06216,1251095,0.2026418999999999,41.30617227435727,0.9115,False,0.00144569378958425,0.0004341375853454659,0.002566524967070596,0.0,True,True
Santiago de los Caballeros,DO,19.45036,-70.69085,1200000,0.5522715806493135,18.020904859998492,0.2709,False,0.0014016720464758436,0.0002620946555143555,0.0027149906755611136,0.016000000000000014,True,True
Port-au-Prince,HT,18.54349,-72.33881,1234742,0.412546161369622,10.833905546654478,0.2663,False,0.0013811960865968975,0.0003490050206672229,0.0025979786018036476,0.00550000000000006,True,True
Hyderabad,PK,25.39689,68.37718,1921275,0.1405366,9.781033035782457,0.6834,True,0.0013306612472312393,0.0003534559071621046,0.002412150861440357,0.0015000000000000568,True,True
Nay Pyi Taw,MM,19.745,96.12972,925000,0.7756317,0.7476920729381504,0.4398,True,0.0013303005997146317,-0.0011687162776094536,0.002270889799828396,0.44799999999999995,False,False
Zhengzhou,CN,34.75778,113.64861,4253913,0.0933468099999583,1.831082627603621,1.526,True,0.0012674802393856897,0.0003708182977496288,0.0015282868465959602,0.0,True,True
Anyang,CN,36.096,114.38278,1146839,0.0894178111152896,5.004959182116465,2.7657,True,0.0012147377205101867,0.00041803932316798395,0.0021176154165551938,0.0,True,True
Fukuoka,JP,33.6,130.41667,1612392,0.2703739154132848,0.1373311970702957,0.407,False,0.0011292210388418322,0.0008565886039953174,0.0011292210388418322,0.0035000000000000586,True,True
Panzhihua,CN,26.58509,101.71276,787177,0.1657901999999992,5.020218204013133,0.3991,False,0.0011250293667992156,-5.167743531071313e-05,0.002590162323646152,0.12200000000000011,False,False
Quezon City,PH,14.6488,121.0509,3084270,0.3776324,6.759746700236519,0.3367,False,0.0010393864693847565,0.00012783623397537235,0.0021072189751520595,0.040999999999999925,True,True
Bandar Lampung,ID,-5.42917,105.26111,1166066,0.2649017,20.38605325398646,0.2514,False,0.0010293927583578388,-0.0004333286283527873,0.0026091238712580844,0.29400000000000004,False,False
Yangjiang,CN,21.85563,111.96272,1292987,0.1137957653696654,1.0986495765621953,0.1299,False,0.0009961720420938458,-0.001250891707901769,0.0035528166136206546,0.5185,False,False
Chongqing,CN,29.56026,106.55771,7457599,0.1132862,42.42008087281607,0.585,False,0.0009810779997386776,0.00013843365008084572,0.0018902126279857208,0.03299999999999992,True,True
Jakarta,ID,-6.21462,106.84513,8540121,0.2440006999996528,1.464866102082908,0.2499,False,0.0009605569416031579,-3.502980449082149e-05,0.002072904618742744,0.12250000000000005,False,False
Pasig City,PH,14.58691,121.0614,853050,0.3756936,34.13443198290992,0.3367,False,0.0009425574639516793,0.00010687693010923843,0.0018619490104443582,0.043500000000000094,True,True
Goyang-si,KR,37.65639,126.835,1061752,0.1293693534595363,0.4425116350042231,0.6391,True,0.0009003048747226322,0.00046449210177193083,0.0009003048747226322,0.0,True,True
Tianshui,CN,34.57952,105.74238,1212791,0.2934561000002377,1.3275349050126124,0.562,False,0.0008961976667930874,0.000311055032618178,0.001594601778301499,0.0,True,True
Haiphong,VN,20.86481,106.68345,2625200,0.0714270100110461,4.53192950331885,0.3986,False,0.000875576889456664,-3.366235461207609e-05,0.0019457533547552512,0.11699999999999999,False,False
Changwon,KR,35.22806,128.68111,1025702,0.2072810476453046,1.6327153429465395,0.376,True,0.0008700584934065725,0.00014831212943343733,0.0016925404970798213,0.022499999999999964,True,True
Kaohsiung,TW,22.61626,120.31333,2737660,0.3681412361152513,1.1596856641489808,0.0956,False,0.0007876052972501935,-0.0005893739314591083,0.0021888046072442422,0.4155,False,False
Vadodara,IN,22.29941,73.20812,1822221,0.0722415566693286,8.30090791180288,1.6367,False,0.0007753986476834295,0.0002025649499052317,0.0014310177372404498,0.0020000000000000018,True,True
Langfang,CN,39.52079,116.71471,868066,0.1032498746941712,10.69657434958424,0.5703,True,0.0007721279813353507,0.0002566857307108813,0.0013174704850387182,0.0,True,True
Hanoi,VN,21.0245,105.84117,8053663,0.08338389,0.3662165255207696,0.1071,False,0.0007661094018628911,-0.002193941090389434,0.0026238545484459364,0.7110000000000001,False,False
Caloocan,PH,14.64953,120.96788,1712945,0.3198267016083664,0.091554131380235,0.4215,False,0.0007599218058339519,0.0007599218058339519,0.0007599218058339519,0.008999999999999897,True,True
Dongying,CN,37.46271,118.49165,998968,0.0850820200001394,1.1596856641489808,2.0596,True,0.0007503506881893704,0.0004929263375389294,0.0007503506881893704,0.0,True,True
Incheon,KR,37.45646,126.70515,3015482,0.1299214000302797,21.896696421759373,0.6391,True,0.0007501877106964039,0.00026892950144758734,0.0012369028753423032,0.0,True,True
Taiyuan,CN,37.86944,112.56028,4303673,0.1791104881897064,0.1373311970702957,0.6424,True,0.0007481143005881596,0.0006934087391053348,0.0007481143005881596,0.01550000000000007,True,True
Zhenjiang,CN,32.21086,119.45508,950516,0.05357852,9.048599984741031,0.1582,False,0.0007220839788225908,-0.0003598339920611121,0.001865970699476181,0.3334999999999999,False,False
Giza,EG,30.00944,31.20861,4367343,0.2299891999999745,17.608911268787722,0.1375,True,0.0007055680668900111,0.00010945981256279964,0.0013921614717881513,0.030000000000000027,True,True
Ankang,CN,32.68,109.01722,870126,0.0616723443335407,23.49889372091252,0.5842,False,0.0006825083072401414,0.00019543782211543619,0.0012248434299897421,0.0004999999999999449,True,True
Suwon,KR,37.29111,127.00889,1234582,0.1291057000001796,2.655069810025225,0.6391,True,0.000635915826218969,0.00022485533849818195,0.0011049711007059687,0.0,True,True
Pimpri-Chinchwad,IN,18.61867,73.80375,1727692,0.1354138,5.645838101777713,2.5294,False,0.0006171175405221656,0.00022326724104585616,0.0010910841725212603,0.0,True,True
Chiba,JP,35.6,140.11667,979768,0.7891407000048927,0.0762951094835102,1.0304,False,0.0006153195528436073,0.0006153195528436073,0.0006153195528436073,0.0,True,True
Cali,CO,3.43054,-76.5199,2392877,0.3503494944669512,0.106813153276903,0.1145,False,0.0006105155087874903,-0.0003694286458395174,0.0006105155087874903,0.35949999999999993,False,False
Barquisimeto,VE,10.0647,-69.35703,1240714,0.4172064835994755,19.62310215915164,1.5713,False,0.000598685464565641,0.00022317880414041537,0.0010451086370402902,0.0,True,True
Tangerang,ID,-6.17806,106.63,1912679,0.2445076999837557,0.7324330510414825,0.2499,False,0.0005862220146996139,-1.036897514979511e-05,0.0012504614267452383,0.11099999999999999,False,False
Mysuru,IN,12.29791,76.63925,920550,0.0643349354158487,3.189135576409569,2.2097,False,0.0005723038697131215,0.00020097881939564068,0.0008395328968500435,0.0,True,True
Bucheon-si,KR,37.49889,126.78306,850731,0.1299450930209851,3.570611123827007,0.6391,True,0.0005712313484870016,0.00020003694478143622,0.0009909100519071895,0.0,True,True
Tripoli,LY,32.88743,13.18733,1302947,0.0913415484777827,13.488975356679646,0.2372,True,0.000565061368337158,0.00011883106374745573,0.0010954979640199105,0.010000000000000009,True,True
Beirut,LB,33.89332,35.50157,1916100,0.3636114465008213,19.30266269932099,0.1822,True,0.0005301694941249047,-4.2965875097498296e-05,0.0011539892591182711,0.15050000000000008,False,False
Yibin,CN,28.7593,104.63994,836340,0.2324686612517436,67.002365148394,0.7861,False,0.0005162069294723098,0.0001457609461879535,0.0009278182293975506,0.0015000000000000568,True,True
Havana,CU,23.13302,-82.38304,2163824,0.0697232325262081,4.592965590905635,0.1134,False,0.0005034226792101637,4.3504630703865296e-05,0.0010203724338940737,0.06299999999999994,True,True
Guwahati,IN,26.1844,91.7458,962334,0.5471443669493168,11.734187838559592,0.0952,True,0.0005028785885829723,-0.0038115577722043575,0.0047189884872142806,0.9105000000000001,False,False
Dhaka,BD,23.7104,90.40744,10356500,0.1949473000000002,0.4882887006943406,0.0607,True,0.0005018660920940166,-0.00836032912515466,0.004039465985437141,0.9470000000000001,False,False
San Jose,US,37.33939,-121.89496,997368,0.5581442998560356,1.2207217517357662,0.9056,True,0.0004964263500330801,4.1933674113270494e-05,0.0006725883656629392,0.052000000000000046,True,True
Kota,IN,25.18254,75.83907,1001694,0.0572934900065894,26.108186465247627,0.5691,False,0.0004910960821240262,-7.974285590479305e-05,0.0011051613465398655,0.18599999999999994,False,False
Jiaozuo,CN,35.23925,113.23914,865413,0.0894723600000021,4.974441138323073,2.4451,True,0.0004495476012168001,0.0001540478204035042,0.0008058822757498986,0.0,True,True
Taipei,TW,25.05306,121.52639,7871900,0.3369818386905979,0.2288853284504739,0.0507,False,0.0004195205423698223,-0.0009367516973735223,0.001894358063716961,0.6665000000000001,False,False
Agra,IN,27.18333,78.01667,1430055,0.0807868441135139,16.983291371023142,0.1594,True,0.00041304537317118917,-0.001717400600416856,0.0026945205828749035,0.79,False,False
New Taipei City,TW,25.06199,121.45703,4004367,0.3321715041340599,0.5188067444877333,0.0507,False,0.00041062706310257546,-0.0009592436771925893,0.0017061431927624894,0.687,False,False
Linyi,CN,35.06306,118.34278,2743843,0.0818507500000001,0.5951018539711868,0.8114,True,0.0003796795217104777,0.00014324544845553626,0.0003796795217104777,0.0009999999999998899,True,True
Bekasi,ID,-6.2349,106.9896,2564940,0.2359025999999658,0.793469138628268,0.2499,False,0.00036952910616392526,-1.5281822307495295e-05,0.0008120990981101464,0.12050000000000005,False,False
Pimpri,IN,18.62292,73.80696,1284606,0.1354138,5.645838101777713,2.5294,False,0.00035919719658200015,0.0001274083604583769,0.0006371388735635751,0.0,True,True
Bhubaneswar,IN,20.27241,85.83385,885363,0.0658473024412692,13.229571984435836,1.3414,False,0.0003474043925275382,7.139984301811629e-05,0.0006828435154962073,0.016000000000000014,True,True
Pingdingshan,CN,33.73091,113.31554,979130,0.0720692848428089,0.1525902189670205,0.2273,True,0.00034725850295594385,-0.00034476129823854813,0.00034725850295594385,0.39250000000000007,False,False
Ulsan,KR,35.53722,129.31667,1098421,0.1786687466094599,0.106813153276903,0.1467,True,0.0003399052354951526,-0.00010078645172973132,0.0003399052354951526,0.2124999999999999,False,False
Natal,BR,-5.795,-35.20944,896708,0.0874660044554751,26.214999618524477,0.3037,False,0.0003325867328523649,0.00012419458752749613,0.0005651338887189238,0.0,True,True
Antipolo,PH,14.62578,121.12251,913712,0.3849308817020014,0.3967345693141624,0.3367,False,0.00033141985226434884,4.701257432291259e-05,0.0003908803154227189,0.038000000000000034,True,True
Wenzhou,CN,27.99942,120.66682,2650000,0.0686242899999701,0.0457770656901175,0.2598,False,0.00033060228889042476,0.0002252022240566587,0.00033060228889042476,0.03750000000000009,True,True
Panjin,CN,41.121,122.0739,1166481,0.1240245000000066,0.9460593575952316,1.571,True,0.0003149296385248114,0.00020657433093357628,0.0003149296385248114,0.0,True,True
Managua,NI,12.13282,-86.2504,973087,0.6997626999999993,0.5951018539711868,0.5376,True,0.0002791380982256342,-2.0822950800446715e-05,0.00030928222232040614,0.14549999999999996,False,False
Ottawa,CA,45.41117,-75.69812,1017449,0.1030978999999999,13.519493400473038,0.1017,False,0.00027199250242750106,-0.000579917336220577,0.001157969410634285,0.655,False,False
Beijing,CN,39.9075,116.39723,18960744,0.1370146489373686,5.218585488670215,0.5703,True,0.0002529408037319717,8.536362684613057e-05,0.00044659761045724483,0.0,True,True
Xi’an,CN,34.25833,108.92861,9600000,0.1007263999999999,8.6366063935302,0.4515,True,0.00025151179935849546,7.72506997488152e-05,0.0004475284629426176,0.0004999999999999449,True,True
Jepara,ID,-6.5924,110.671,1257912,0.1135043000000001,0.0305180437934495,0.4829,False,0.00024401756337893987,0.00024401756337893987,0.00024401756337893987,0.014000000000000012,True,True
Zigong,CN,29.34162,104.77689,1262064,0.209717,0.9918364232852924,0.9115,False,0.00024214625137560647,7.48659079897334e-05,0.00026383694732508983,0.0004999999999999449,True,True
Busan,KR,35.10168,129.03004,3285147,0.1661660969867312,28.53437094682232,0.139,False,0.00023052545644945688,-2.961295205615027e-05,0.0005285626858169876,0.1705000000000001,False,False
Daegu,KR,35.87028,128.59111,2365523,0.212614409616326,2.532997634851654,0.1467,True,0.0002178919657160952,-4.738158337195125e-05,0.0005185310712878858,0.2015,False,False
Bengaluru,IN,12.97194,77.59369,8495492,0.1020980081948443,4.119935912108076,2.6353,False,0.00021418372523291295,7.655866955664931e-05,0.00034334223673664933,0.0,True,True
Kingston,JM,17.99702,-76.79358,937700,0.3996163345675977,0.0305180437934495,0.2704,False,0.00016362884800588673,0.00016362884800588673,0.00016362884800588673,0.0,True,True
Medan,ID,3.58333,98.66667,2435252,0.1908047019318471,0.1831082627604132,1.2442,False,0.00015219602330251297,0.00015219602330251297,0.00015219602330251297,0.0,True,True
South Tangerang,ID,-6.28862,106.71789,1404785,0.2550163,1.2359807736324342,0.2499,False,0.0001452925843284797,-5.6633523517967195e-06,0.0003115024032867932,0.123,False,False
Setagaya,JP,35.64188,139.64715,940071,0.6109242,0.0305180437934495,1.5877,False,0.00013755961943143213,0.00013755961943143213,0.00013755961943143213,0.0,True,True
Sendai,JP,38.26667,140.86667,1096704,0.358443995853743,14.785992217898864,0.1848,False,0.00012602060902873122,-7.861829944299652e-05,0.0003629383210550558,0.377,False,False
Bogotá,CO,4.60971,-74.08175,7674366,0.2128795999903159,0.8545052262150534,0.3176,True,0.00012028902837377467,8.971757932850203e-07,0.0002612947540153967,0.09699999999999998,True,False
Luoyang,CN,34.67345,112.43684,1390581,0.09239673,10.86442359044787,1.4284,True,9.478375575265922e-05,2.8451380527695074e-05,0.0001725018865570252,0.0004999999999999449,True,True
Palembang,ID,-2.91673,104.7458,1668848,0.0647146814960711,0.3967345693141624,0.0212,True,9.042149292762258e-05,-0.0009522385945874123,0.0010529707629897828,0.8955,False,False
Baoji,CN,34.36775,107.23705,1437802,0.2637275969052465,69.19966430151828,0.4814,False,8.616546833398013e-05,2.7374232947271518e-05,0.00014949637763100613,0.0,True,True
Al Başrah al Qadīmah,IQ,30.50316,47.81507,2015483,0.0807779799930052,0.106813153276903,0.0194,True,8.563931653143841e-05,-0.0006747978514863125,0.00047198624103889086,0.8654999999999999,False,False
Kennedy,CO,4.6165,-74.14597,979914,0.209905099994845,3.4943160143434966,0.3176,True,6.96374397448048e-05,1.914682824359031e-06,0.00015314807988613672,0.08800000000000008,True,False
Basrah,IQ,30.50852,47.7804,1326564,0.0802772099999999,1.129167620355588,0.0194,True,6.284218389836227e-05,-0.000536374180463136,0.0006473403597988057,0.8734999999999999,False,False
Khulna,BD,22.80979,89.56439,1500689,0.1785707941310001,4.364080262455218,0.6085,True,6.173769196178179e-05,-3.6399457566724814e-05,0.00016826604311788386,0.3640000000000001,False,False
Xinxiang,CN,35.19033,113.80151,1047088,0.0947264799999963,8.072022583352464,2.2778,True,5.6755516451558515e-05,1.8903826858062e-05,0.00010264386643309273,0.0,True,True
Jinzhong,CN,37.68403,112.75471,1226617,0.1660062000160998,19.43999389639129,0.6424,True,5.542377266519764e-05,1.0828303741720153e-05,0.00010592047866829894,0.010000000000000009,True,True
Sholapur,IN,17.67152,75.91044,997281,0.1578071376906078,10.727092393377632,2.7252,False,5.45804768456626e-05,1.9556750409579385e-05,9.625853792857327e-05,0.0,True,True
Liupanshui,CN,26.59444,104.83333,1320825,0.1616298438553274,0.9918364232852924,0.0844,False,5.1777484746426405e-05,-0.00018552915847514748,0.0003010308450114843,0.7675000000000001,False,False
Petaling Jaya,MY,3.10726,101.60671,807879,0.0509691800000053,18.142977035172063,0.8591,False,4.014157512375032e-05,1.319430191007989e-05,7.036400848204903e-05,0.0,True,True
Chengdu,CN,30.66667,104.06667,13568357,0.2469592000001928,8.361943999389666,0.495,False,3.854409003034229e-05,9.608372054199507e-06,7.144820214034363e-05,0.0044999999999999485,True,True
Changzhi,CN,36.18389,113.10528,1214940,0.0989742381105521,9.35378042267496,2.4451,True,3.543453867513183e-05,1.2034516440258153e-05,6.345309384537258e-05,0.0,True,True
Taizhou,CN,32.49069,119.90812,1607108,0.0583105917944863,6.042572671091818,0.1582,False,3.165049655297781e-05,-1.3803285001313947e-05,8.166913538271398e-05,0.31899999999999995,False,False
Gazipur,BD,23.99844,90.42234,2674697,0.1960511,1.6174563210498718,0.0607,True,2.933684224548129e-05,-0.0004664023227612774,0.0005103280681219711,0.9464999999999999,False,False
Multan,PK,30.19679,71.47824,2169915,0.1521000982379538,22.41550316624705,0.1093,True,2.747009937493442e-05,-4.53495615671783e-05,0.00010704508255942124,0.591,False,False
Liaocheng,CN,36.45064,116.00247,1229768,0.0541538398080472,1.0681315327688026,1.6904,True,2.5218804814582953e-05,1.3086491701864337e-05,2.5218804814582953e-05,0.0,True,True
Valencia,VE,10.16153,-68.00044,1619470,0.1146405999959031,1.3427939269093372,1.6437,False,2.46839178901176e-05,1.1271279868977578e-05,2.46839178901176e-05,0.0,True,True
Kallakurichi,IN,11.73379,78.95925,1682687,0.07896554,7.858396276798658,1.7572,True,2.4281377783598858e-05,7.709834764843025e-06,4.388277053135459e-05,0.0,True,True
Heze,CN,35.23929,115.47358,1346717,0.1273150867469405,0.2594033722438666,0.9261,True,2.2515712648938854e-05,1.4880687693274455e-05,2.2515712648938854e-05,0.023500000000000076,True,True
Shivaji Nagar,IN,18.53017,73.85263,1000000,0.1458257,0.2899214160372594,2.5294,False,2.2385554731239442e-05,2.2385554731239442e-05,2.2385554731239442e-05,0.0,True,True
Caracas,VE,10.48801,-66.87919,3000000,0.1730225400287133,0.0152590218967247,1.2007,False,2.042034761258471e-05,2.042034761258471e-05,2.042034761258471e-05,0.0040000000000000036,True,True
Baoshan,CN,25.11626,99.16366,935618,0.199426,1.2817578393225515,0.4075,False,1.8027984983073723e-05,-5.613866501711013e-06,4.415809875403149e-05,0.24550000000000005,False,False
Handan,CN,36.60999,114.48764,1358318,0.1106007000579147,3.8147554741741487,2.7657,True,1.4961671246194907e-05,5.279814060405384e-06,2.1006966030205707e-05,0.0,True,True
Indore,IN,22.71792,75.8333,1994397,0.0668241401186886,0.6408789196613043,2.336,False,1.4940004805608672e-05,1.4940004805608672e-05,1.4940004805608672e-05,0.0,True,True
Depok,ID,-6.4,106.81861,2145400,0.2647448,11.779964904249653,0.2499,False,1.387779415677878e-05,-6.751747451740191e-07,3.0709690838986406e-05,0.12650000000000006,False,False
Kolwezi,CD,-10.71484,25.46674,790248,0.0596853308455603,30.991073472190465,0.5986,False,1.3818388655759345e-05,-4.482444750276959e-06,3.4034170878670785e-05,0.258,False,False
Taichung,TW,24.1469,120.6839,2850285,0.5903575,2.3651483939879654,0.0511,False,1.254850314375e-05,-2.823964905314729e-05,5.458721124056537e-05,0.6395,False,False
Pune,IN,18.51957,73.85535,3124458,0.1458257,0.1678492408636884,2.5294,False,1.1486070368725825e-05,1.1486070368725825e-05,1.1486070368725825e-05,0.0,True,True
Aurangabad,IN,19.87757,75.34226,1175116,0.0945352192163259,9.796292057679125,2.7271,False,8.714882584437593e-06,3.096644419045499e-06,1.5308654333125667e-05,0.0,True,True
Shenyang,CN,41.79222,123.43278,7050000,0.0998792262887538,1.3275349050126124,1.7943,True,7.412707708519327e-06,3.896806972735612e-06,7.412707708519327e-06,0.0,True,True
Kuala Lumpur,MY,3.1412,101.68653,1453975,0.0504047260380783,1.7395284962234427,0.8591,False,7.280506355712159e-06,2.469142439068733e-06,1.3017520717775924e-05,0.0,True,True
Blantyre,MW,-15.78499,35.00854,902588,0.1351129930442335,4.104676890211351,0.1713,False,6.680133844755168e-06,-1.5906286748168853e-05,3.1573808699378185e-05,0.69,False,False
Xuchang,CN,34.03189,113.86299,1265536,0.0894938719935299,4.058899824521291,1.526,True,3.616357162117631e-06,1.0736648918023117e-06,6.577038676394808e-06,0.0004999999999999449,True,True
Anshan,CN,41.12361,122.99,1450000,0.1456538782815366,0.1983672846570812,1.7737,True,2.976771155298167e-06,2.976771155298167e-06,2.976771155298167e-06,0.0,True,True
Lubumbashi,CD,-11.66089,27.47938,2221925,0.1269135000001872,43.121995880064105,0.5065,False,2.839621737117903e-06,-2.0558811423808655e-06,8.265659299909714e-06,0.4225000000000001,False,False
Addis Ababa,ET,9.02497,38.74689,3860000,0.0987208442743054,16.52552071412225,2.3129,False,2.8194569339276605e-06,1.0492545368157678e-06,4.871783681492349e-06,0.0,True,True
Comilla,BD,23.46186,91.18503,1030000,0.2488164092290879,3.0518043793393304,0.5728,True,2.6682216159197027e-06,-2.120612320383724e-06,8.002515629297542e-06,0.43900000000000006,False,False
Jerusalem,IL,31.76904,35.21633,971800,0.2469425443693514,29.907682917524998,0.2634,True,1.707265361990725e-06,3.38023119115846e-07,3.1575186939809707e-06,0.013500000000000068,True,True
Pyongyang,KP,39.03385,125.75432,3222000,0.1516701309305629,29.480430304417496,1.418,True,1.532334130254123e-06,5.846690779227911e-07,2.617020214579421e-06,0.0,True,True
Kyoto,JP,35.02107,135.75385,1463723,0.3363467999654756,1.022354467078685,0.664,False,8.994660704178545e-07,3.099619194728326e-07,1.3932253853739571e-06,0.0,True,True
Malang,ID,-7.9797,112.6304,847182,0.2511457000002879,0.5798428320745188,0.2774,False,8.776195985724528e-07,-4.286829669709554e-07,1.8437494217660882e-06,0.3165,False,False
Medellín,CO,6.245,-75.57151,1999979,0.1971214240095512,0.0152590218967247,0.5965,True,8.566869730858729e-07,8.566869730858729e-07,8.566869730858729e-07,0.009500000000000064,True,True
Damascus,SY,33.5102,36.29128,1569394,0.1947431999999904,0.6561379415579722,0.1822,True,6.73029755562284e-07,-6.858677208543414e-08,1.5263009740733853e-06,0.15250000000000008,False,False
Gwangju,KR,35.15472,126.91556,1401235,0.1201671,0.3356984817273769,0.3956,False,6.674624721634217e-07,2.2547002244670317e-07,6.674624721634217e-07,0.0009999999999998899,True,True
Amman,JO,31.95522,35.94503,1275857,0.1517072145721601,2.105745021744156,0.2634,True,6.400844697075083e-07,1.4208049177877262e-07,1.2055758735370845e-06,0.0129999999999999,True,True
Puning,CN,23.31072,116.16869,874954,0.0537996565096425,0.6256198977645795,0.0714,False,6.155005010132267e-07,-2.5165490213427013e-06,3.80580650850266e-06,0.7789999999999999,False,False
Qingyang,CN,35.70976,107.64455,2125400,0.0669624900083473,93.69039444571604,0.2095,True,5.39952270602856e-07,-3.568037880193735e-08,1.1492777003394963e-06,0.13050000000000006,False,False
Salem,IN,11.65376,78.15538,917414,0.08556316,0.1525902189670205,2.2328,True,4.997142860270237e-07,4.997142860270237e-07,4.997142860270237e-07,0.0,True,True
Kunming,CN,25.03889,102.71833,3855346,0.2247326999966429,0.3204394598306521,0.1242,False,3.356685715909279e-07,-9.622763055866347e-07,8.68871601920486e-07,0.7264999999999999,False,False
Tiruppur,IN,11.11541,77.35456,963173,0.0790061099999997,6.439307240405924,1.306,True,3.315665642735338e-07,9.981095702207494e-08,5.967254161289375e-07,0.0,True,True
Fushun,CN,41.88669,123.94363,1400646,0.0714560299394532,0.4730296787976158,1.9705,True,2.6350394759514496e-07,2.6350394759514496e-07,2.6350394759514496e-07,0.0,True,True
Meishan,CN,30.04392,103.83696,1107742,0.3372052999999958,9.704737926298948,0.7209,False,2.3526340848704938e-07,7.163183756303861e-08,4.320314027484881e-07,0.0004999999999999449,True,True
Tangshan,CN,39.64381,118.18319,3372102,0.3162972999999999,0.2288853284504739,0.9489,True,1.5904333389553664e-07,1.5904333389553664e-07,1.5904333389553664e-07,0.0,True,True
Weifang,CN,36.71,119.10194,2044028,0.0536312100003509,0.2441443503471987,1.4478,True,1.3481222346287719e-07,1.3481222346287719e-07,1.3481222346287719e-07,0.0,True,True
Soweto,ZA,-26.26781,27.85849,1695047,0.108932,47.48607614251927,0.8554,False,1.1792560651695024e-07,4.0190795917839115e-08,2.0570514855870434e-07,0.0,True,True
Lucknow,IN,26.83928,80.92313,2472011,0.092923407530698,1.0986495765621953,1.095,True,9.315278130211075e-08,1.4893206708783154e-08,9.346896860413579e-08,0.028999999999999915,True,True
Xining,CN,36.62554,101.75739,1677177,0.1094059,27.60357061112387,0.6531,False,6.044792135420331e-08,2.0045646660558375e-08,1.0632543071983912e-07,0.0004999999999999449,True,True
Daejeon,KR,36.34913,127.38493,1441203,0.1340866,15.53368429083696,0.59,True,6.005393629582567e-08,1.405003041603332e-08,1.0555903554456245e-07,0.0044999999999999485,True,True
Dodoma,TZ,-6.17221,35.73947,765179,0.189315614930807,44.876783398184216,2.8545,False,5.6511767885969806e-08,2.131325978717436e-08,9.743680761301444e-08,0.0,True,True
Gwalior,IN,26.22983,78.17337,1054420,0.0816219629180576,44.38849469748993,1.1912,True,4.8166977239862135e-08,1.0535698401449972e-08,9.030520670976156e-08,0.008499999999999952,True,True
Johannesburg,ZA,-26.20227,28.04363,9418183,0.1584781514039589,70.71030746929125,0.8554,False,1.8602399924541268e-08,6.245381200735372e-09,3.2311783951533915e-08,0.0,True,True
Zarqa,JO,32.07275,36.08796,792665,0.1103541999999981,50.58365758754866,0.2634,True,1.5409152664978725e-08,3.309658655774288e-09,2.856355898794109e-08,0.010999999999999899,True,True
Sanhe,CN,39.98049,117.06887,965075,0.1181934999923526,12.481879911497684,1.0174,True,1.2834426076257587e-08,4.801340883648031e-09,2.2522115190439796e-08,0.0,True,True
Rājkot,IN,22.29161,70.79322,1390640,0.1954547999956735,4.287785152971708,1.2249,False,8.910568479958237e-09,2.5502881980087138e-09,1.6517173464236514e-08,0.0029999999999998916,True,True
Bandung,ID,-6.92222,107.60694,2444160,0.2817743936394322,0.9002822919051141,0.1929,False,7.83651300365193e-09,1.4749793502180374e-10,1.6997754705064748e-08,0.08899999999999997,True,False
Zhaotong,CN,27.31667,103.71667,787845,0.3048376300465372,0.0152590218967247,0.3715,False,7.738392314048773e-09,-2.9846304062414846e-08,7.738392314048773e-09,0.1855,False,False
Ashgabat,TM,37.95,58.38333,1030063,0.2575801691258474,12.298771648737327,1.2063,False,6.8795958355776e-09,2.673858275565346e-09,1.168140727889648e-08,0.0,True,True
Mianyang,CN,31.46784,104.68168,1550000,0.2671537664423017,0.4882887006943406,0.4989,False,4.477183212607225e-09,1.0480985656544924e-09,4.477183212607225e-09,0.007500000000000062,True,True
Dhanbad,IN,23.79759,86.42992,1196214,0.1588235880529,16.006713969634575,0.6117,True,2.6695712131150403e-09,-7.490940017832946e-10,6.875465776671108e-09,0.25249999999999995,False,False
Ahmedabad,IN,23.02579,72.58727,6357693,0.0785870407568552,16.14404516670487,1.128,False,2.659089633979322e-09,6.02484860461415e-10,4.968097169876147e-09,0.00550000000000006,True,True
Hubballi,IN,15.34776,75.13378,943788,0.0547479081197656,1.37331197070273,2.2387,False,1.7955698116368267e-09,1.0197903201284428e-09,1.7955698116368267e-09,0.0,True,True
Xingtai,CN,37.06217,114.49272,798770,0.1481206,5.004959182116465,2.0652,True,8.13152979229807e-10,2.9207090157748346e-10,1.4154820797774927e-09,0.0,True,True
Suzhou,CN,33.63611,116.97889,1647642,0.0637811998549458,8.6366063935302,0.1665,True,1.9809157802246189e-10,-2.5770553090049097e-10,6.734651486183713e-10,0.5465,False,False
Nairobi,KE,-1.28333,36.81667,4397073,0.0624027300000072,0.106813153276903,1.1129,False,1.6194035317150484e-10,1.6194035317150484e-10,1.6194035317150484e-10,0.0,True,True
Coimbatore,IN,11.00555,76.96612,2136916,0.0912118499914439,2.2125581750210017,1.76,False,1.4726694366623784e-10,4.942548720171697e-11,1.8655024607090493e-10,0.0,True,True
Nanyang,CN,33.00524,112.54659,1811812,0.066139472892516,0.3509575036240449,0.1323,True,1.4083278971349363e-10,-1.550941748327261e-10,3.7495720530250695e-10,0.5225,False,False
Suqian,CN,33.94917,118.29583,1437685,0.0827449899982909,5.844205386434737,0.2545,True,1.216558348265327e-10,-7.78941900907089e-12,2.760051491423e-10,0.13349999999999995,False,False
Zaozhuang,CN,34.86472,117.55417,899753,0.0514844965701924,7.904173342488775,0.5173,True,6.208339533298919e-11,4.138151729356894e-12,1.283391950671215e-10,0.06699999999999995,True,True
Bijie,CN,27.30193,105.28627,1137383,0.1369299999813432,0.0152590218967247,0.0892,False,5.496625048199433e-11,-1.065696451260294e-09,5.496625048199433e-11,0.7509999999999999,False,False
Madurai,IN,9.919,78.11953,1465625,0.0518413650634364,12.314030670634054,0.863,True,2.7362822284118792e-11,5.401651876001717e-12,5.3147017288642835e-11,0.018000000000000016,True,True
Baoding,CN,38.87288,115.46246,2739887,0.1072925044906819,10.040436408026268,0.7306,True,2.4875028401400063e-11,8.673928572200365e-12,4.321537689269801e-11,0.0,True,True
Pekanbaru,ID,0.51667,101.44167,1085000,0.1002372737678649,0.6256198977645795,0.389,False,2.2480577588317295e-11,6.600422360437899e-12,3.629812847984543e-11,0.0009999999999998899,True,True
Shangqiu,CN,34.4143,115.65613,1859723,0.0612330999999998,0.4730296787976158,0.9261,True,1.0846740032236545e-11,4.076048185910191e-12,1.0846740032236545e-11,0.016000000000000014,True,True
Kigali,RW,-1.94995,30.05885,1132686,0.0795449316772242,146.8070496681163,3.3303,False,8.584281793849532e-12,3.262071047371868e-12,1.487597475529491e-11,0.0,True,True
Nampula,MZ,-15.11646,39.2666,770379,0.0543753599773965,31.14366369115743,0.1819,False,7.784971441841527e-12,-9.421260029555839e-12,2.6623702084660652e-11,0.5075000000000001,False,False
Taiz,YE,13.57952,44.02091,940600,0.0585731727777385,90.21133745326928,0.3041,False,4.7531160369404115e-12,1.0058057625953391e-12,8.95860757882085e-12,0.013500000000000068,True,True
Changchun,CN,43.88,125.32278,4714996,0.0634228002268415,0.0457770656901175,1.0533,True,3.708277976184314e-12,3.708277976184314e-12,3.708277976184314e-12,0.0,True,True
Teni,IN,10.01115,77.47772,1034724,0.0889033836992875,0.3509575036240449,0.7001,True,1.8471710406842523e-13,6.501805241307181e-14,1.8471710406842523e-13,0.018000000000000016,True,True
Ulan Bator,MN,47.90771,106.88324,844818,0.0670028685074193,0.9308003356985068,0.7594,False,1.2792988126430438e-13,4.9406072772576495e-14,1.572545226667369e-13,0.0,True,True
Hyderabad,IN,17.38405,78.45636,6993262,0.0742353288629107,2.868696116578974,2.9418,False,1.028918604337368e-13,3.761268764456147e-14,1.028918604337368e-13,0.0,True,True
Ibb,YE,13.96667,44.18333,771514,0.0532805400032114,90.9132524605173,0.3041,False,3.2042659010053763e-14,6.944385737651232e-15,6.08933010822489e-14,0.012499999999999956,True,True
Navi Mumbai,IN,19.03681,73.01582,2600000,0.1217893695201236,5.684341886080803e-14,1.4173,False,4.996003610813204e-16,4.996003610813204e-16,4.996003610813204e-16,0.0004999999999999449,True,True
Sakai,JP,34.58216,135.46653,826161,0.3961307725316076,5.684341886080803e-14,0.3534,False,4.440892098500626e-16,4.440892098500626e-16,4.440892098500626e-16,0.0009999999999998899,True,True
Pudong,CN,31.23995,121.50094,5681512,0.0548643,5.684341886080803e-14,0.6576,False,4.440892098500626e-16,4.440892098500626e-16,4.440892098500626e-16,0.0004999999999999449,True,True
Kawasaki,JP,35.52056,139.71722,1538262,0.6526173009763581,5.684341886080803e-14,1.5877,False,4.440892098500626e-16,4.440892098500626e-16,4.440892098500626e-16,0.0,True,True
Taguig,PH,14.5243,121.0792,1308085,0.3682486999999998,5.684341886080803e-14,0.3367,False,3.885780586188048e-16,3.885780586188048e-16,3.885780586188048e-16,0.046499999999999986,True,True
Shubrā al Khaymah,EG,30.12511,31.25053,1240289,0.2214394999999993,5.684341886080803e-14,0.1375,True,3.885780586188048e-16,3.885780586188048e-16,3.885780586188048e-16,0.04049999999999998,True,True
Yangpu,CN,31.26193,121.51904,1210800,0.0545040442712518,5.684341886080803e-14,0.6576,False,3.885780586188048e-16,3.885780586188048e-16,3.885780586188048e-16,0.0009999999999998899,True,True
Zamboanga,PH,6.91028,122.07389,1018849,0.2637117133536004,5.684341886080803e-14,0.2715,False,3.885780586188048e-16,3.885780586188048e-16,3.885780586188048e-16,0.0,True,True
Rui’an,CN,27.77605,120.65859,927383,0.0790537299212845,5.684341886080803e-14,0.2598,False,3.885780586188048e-16,3.885780586188048e-16,3.885780586188048e-16,0.02750000000000008,True,True
Semarang,ID,-6.99306,110.42083,1653524,0.1518648833245408,5.684341886080803e-14,0.2262,False,3.608224830031759e-16,-0.0004933538792646837,3.608224830031759e-16,0.2875000000000001,False,False
Padang,ID,-0.94924,100.35427,909040,0.4070697,5.684341886080803e-14,0.1255,False,3.3306690738754696e-16,-0.00017708746069292067,3.3306690738754696e-16,0.19999999999999996,False,False
Osaka,JP,34.69379,135.50107,2753862,0.3697804212391887,5.684341886080803e-14,0.3534,False,3.0531133177191805e-16,3.0531133177191805e-16,3.0531133177191805e-16,0.0,True,True
Ra’s Bayrūt,LB,33.9,35.48333,1251739,0.4060524820209177,5.684341886080803e-14,0.1491,True,2.7755575615628914e-16,-0.0001004742140573972,2.7755575615628914e-16,0.1884999999999999,False,False
Cairo,EG,30.06263,31.24967,9606916,0.2230294118225173,5.684341886080803e-14,0.1375,True,2.498001805406602e-16,2.498001805406602e-16,2.498001805406602e-16,0.03499999999999992,True,True
Huludao,CN,40.75243,120.83552,944495,0.0637216438575618,5.684341886080803e-14,1.2492,True,1.8041124150158794e-16,1.8041124150158794e-16,1.8041124150158794e-16,0.0,True,True
Yichang,CN,30.71444,111.28472,1350150,0.0836621915854064,5.684341886080803e-14,0.1956,False,1.3877787807814457e-16,-0.0005955826419802995,1.3877787807814457e-16,0.49950000000000006,False,False
Wanzhou,CN,30.76451,108.39586,1545900,0.0686881409288709,5.684341886080803e-14,0.8416,False,1.249000902703301e-16,1.249000902703301e-16,1.249000902703301e-16,0.0044999999999999485,True,True
Aden,YE,12.77957,45.03852,1079670,0.1397681999999957,5.684341886080803e-14,0.2321,False,1.249000902703301e-16,1.249000902703301e-16,1.249000902703301e-16,0.0,True,True
Bhopal,IN,23.25469,77.40289,1798218,0.0656964099919073,5.684341886080803e-14,1.675,False,1.1102230246251565e-16,1.1102230246251565e-16,1.1102230246251565e-16,0.0015000000000000568,True,True
Kakamega,KE,0.28422,34.75229,1867579,0.0544357799794899,20.080872816052533,3.8168,False,7.087400801883261e-17,2.6679132401626172e-17,1.2473330492245596e-16,0.0,True,True
Lilongwe,MW,-13.96692,33.78725,1115815,0.1319032000000003,4.1962310215915295,1.3916,True,5.190635555856613e-17,1.1318842818538046e-17,9.536612556699405e-17,0.010499999999999954,True,True
Saitama,JP,35.90807,139.65657,1324854,0.5603807087562043,5.684341886080803e-14,1.5877,False,4.163336342344337e-17,4.163336342344337e-17,4.163336342344337e-17,0.0,True,True
Shijiazhuang,CN,38.04139,114.47861,3938513,0.118746899999866,7.202258335240742,2.0652,True,3.5278765281167854e-17,1.291435915151446e-17,6.082965559604477e-17,0.0,True,True
Kampung Baru Subang,MY,3.15,101.53333,833571,0.0515035017817863,5.684341886080803e-14,0.8591,False,2.42861286636753e-17,2.42861286636753e-17,2.42861286636753e-17,0.0,True,True
Jieyang,CN,23.5418,116.36581,1899394,0.0664599161984411,5.684341886080803e-14,0.0714,False,1.734723475976807e-17,-9.94749100220133e-05,1.734723475976807e-17,0.7849999999999999,False,False
Changzhou,CN,31.77359,119.95401,3290918,0.055045040004099,5.684341886080803e-14,0.0957,False,1.5612511283791264e-17,-8.584803131571893e-05,1.5612511283791264e-17,0.7115,False,False
Shiyan,CN,32.6475,110.77806,3460000,0.0575011800151797,5.684341886080803e-14,0.5956,False,1.3877787807814457e-17,1.3877787807814457e-17,1.3877787807814457e-17,0.0040000000000000036,True,True
Cúcuta,CO,7.90745,-72.5049,777106,0.3421606999999999,5.684341886080803e-14,1.5072,True,1.734723475976807e-18,1.734723475976807e-18,1.734723475976807e-18,0.0,True,True
Yancheng,CN,33.3575,120.1573,1615717,0.0926327899996998,5.684341886080803e-14,0.2108,True,2.168404344971009e-19,2.168404344971009e-19,2.168404344971009e-19,0.0734999999999999,True,True
Wuwei,CN,37.92672,102.63202,1010295,0.2731125054061775,18.58548867017629,0.0388,True,1.4233855647727016e-19,-3.779546542347844e-19,7.102772633003267e-19,0.724,False,False
Bogor,ID,-6.59444,106.78917,1127408,0.3060344748976977,5.684341886080803e-14,0.2499,False,1.0164395367051604e-19,-2.204475997892751e-08,1.0164395367051604e-19,0.119,False,False
Cheongju-si,KR,36.63722,127.48972,852147,0.1316890549833704,5.684341886080803e-14,0.59,True,7.623296525288703e-21,7.623296525288703e-21,7.623296525288703e-21,0.0029999999999998916,True,True
Yixing,CN,31.36059,119.82016,1285785,0.0784322184296391,5.684341886080803e-14,0.0957,False,1.0587911840678754e-21,-5.412979764072841e-09,1.0587911840678754e-21,0.704,False,False
Tegucigalpa,HN,14.0818,-87.20681,850848,0.3124423751018672,5.684341886080803e-14,0.2957,True,2.117582368135751e-22,-7.165417973401357e-10,2.117582368135751e-22,0.34299999999999997,False,False
Benxi,CN,41.28861,123.765,987717,0.0821459299999999,21.637293049515563,1.9705,True,0.0,0.0,0.0,0.0,False,True
Longyan,CN,25.07485,117.01775,1025087,0.071305121177354,5.684341886080803e-14,-0.5993,True,0.0,0.0,0.0,0.0,False,True
Guang’an,CN,30.47413,106.63696,858159,0.0617389367804756,11.383230334935549,0.8708,False,0.0,0.0,0.0,0.0,False,True
Wanxian,CN,30.81601,108.37407,859662,0.06553053,143.40428778515297,0.8416,False,0.0,0.0,0.0,0.0,False,True
Seongnam-si,KR,37.43861,127.13778,914832,0.1251497073317258,0.8697642481117214,0.6391,True,0.0,0.0,0.0,0.0,False,True
Xiamen,CN,24.47979,118.08187,4617251,0.0827425507996686,0.0152590218967247,-0.1349,True,0.0,0.0,0.0,0.0,False,True
Weihai,CN,37.50914,122.11356,844310,0.11579407809397,2.792401007095464,1.0586,True,0.0,0.0,0.0,0.0,False,True
Kobe,JP,34.6913,135.183,1525152,0.3464501999999914,0.4119935912108303,0.3534,False,0.0,0.0,0.0,0.0,False,True
Bazhong,CN,31.8694,106.74432,2712894,0.0669995699998099,101.89974822613874,0.688,False,0.0,0.0,0.0,0.0,False,True
Zunyi,CN,27.68667,106.90722,2037775,0.0692180620677416,26.214999618524477,-0.5637,True,0.0,0.0,0.0,0.0,False,True
Montréal,CA,45.50884,-73.58781,1762949,0.1345321564491395,45.10566872663463,-0.1184,True,0.0,0.0,0.0,0.0,False,True
La Paz,BO,-16.5,-68.15,2004652,0.2280680000698181,33.09681849393456,-0.9263,False,0.0,0.0,0.0,0.0,False,True
Yantai,CN,37.47649,121.44081,2227733,0.06942275,21.515220874341992,1.0586,True,0.0,0.0,0.0,0.0,False,True
Bukavu,CD,-2.49077,28.84281,816811,0.2586775108511142,11.581597619592628,2.157,False,0.0,0.0,0.0,0.0,False,True
Guiyang,CN,26.58333,106.71667,3037159,0.0515039400000423,25.3757534142062,-0.4032,True,0.0,0.0,0.0,0.0,False,True
Isfahan,IR,32.65246,51.67462,1547164,0.2009237,14.38925764858476,-0.136,False,-3.253207788113959e-29,-1.0096597754107633e-28,3.4720827707068265e-29,0.487,False,False
Quetta,PK,30.18414,67.00141,1565546,0.2636647003322439,31.494621194781416,-0.3758,False,-4.1859273867864965e-29,-8.46358463028733e-29,-3.6696330933742314e-30,0.0605,True,True
Ürümqi,CN,43.80096,87.60046,3029372,0.2520546002296858,0.7171740291447577,-3.8585,False,-1.3439003471778378e-21,-2.151649087138632e-21,-5.759310867985472e-22,0.0,True,True
Qom,IR,34.6401,50.8764,900000,0.2228387004565928,8.85023270008395,-0.769,False,-1.1101468390129983e-19,-1.9943380202824726e-19,-3.2091442500580633e-20,0.001,True,True
Shiraz,IR,29.61031,52.53113,1249942,0.2974346085091356,2.166781109330941,-1.3286,False,-2.2630386422839784e-17,-3.846708834544004e-17,-7.895122050772375e-18,0.0,True,True
Jodhpur,IN,26.26841,73.00594,1056191,0.0838126802212359,18.60074769207296,-2.6459,False,-3.204903241899323e-17,-5.319472350538727e-17,-1.2194991767971263e-17,0.0,True,True
Sanaa,YE,15.35452,44.20646,1937451,0.0526933723888093,6.607156481269556,-0.1163,False,-1.4707008899986974e-16,-3.639450968687099e-16,5.0828554388606877e-17,0.2745,False,False
Bishkek,KG,42.87,74.59,900000,0.2286191,6.240939955748843,-0.6183,False,-8.409079320156896e-16,-1.4486370010423885e-15,-2.6938618686137437e-16,0.0,True,True
Konya,TR,37.87135,32.48464,1433861,0.1308908002953623,5.8136873426413445,-3.7459,False,-1.666471201814658e-15,-2.6872412985793534e-15,-6.986274468748929e-16,0.0,True,True
Mashhad,IR,36.29807,59.60567,2307177,0.2156777999852094,14.023041123064049,-0.0141,False,-1.904090291026939e-14,-2.687738605708408e-13,2.5768234336721754e-13,0.945,False,False
Gorakhpur,IN,29.44768,75.67206,1324570,0.1145384535457551,34.1954680704967,-8.4765,False,-4.4051122799383185e-14,-6.748602976028579e-14,-1.9751829331127905e-14,0.0,True,True
Sulaymaniyah,IQ,35.56496,45.4329,878146,0.2492028713214842,3.555352101930282,-1.2696,False,-1.243862992681345e-13,-2.1762402249592465e-13,-3.462111653566949e-14,0.002,True,True
Shymkent,KZ,42.30988,69.60042,1200000,0.1657323680398688,0.0762951094835102,-0.7951,False,-2.2187938987426967e-12,-3.77174814807983e-12,-7.297660480222229e-13,0.0005,True,True
Tehran,IR,35.69439,51.42151,7153309,0.4330289000001777,1.2359807736324342,-3.2319,False,-8.918518202711793e-12,-1.4358194472828006e-11,-3.649244488309716e-12,0.0,True,True
Marrakesh,MA,31.63416,-7.99994,995871,0.1452008,34.6227206836042,-1.5947,False,-9.574982613199165e-12,-1.5851267027810963e-11,-4.003189355131074e-12,0.0,True,True
Hermosillo,MX,29.08874,-110.96677,812229,0.070163362633263,23.025864042114904,-0.3792,False,-1.3432238777995405e-11,-2.3301327946760155e-11,-4.030273583533583e-12,0.0005,True,True
Karaj,IR,35.83266,50.99155,1448075,0.3347232003058362,6.713969634546459,-3.2319,False,-1.5877973888164904e-11,-2.5609298869176302e-11,-6.469481155770007e-12,0.0,True,True
Ordos,CN,39.6086,109.78157,1940653,0.0849750370641149,14.969100480659222,-2.8592,False,-3.385501630400029e-11,-5.3632734587534803e-11,-1.4056937527079584e-11,0.0,True,True
Quito,EC,-0.22985,-78.52495,2781641,0.5291945128205688,39.597161821927216,-0.2457,True,-9.063210276745265e-11,-1.811311650148539e-10,-7.699795781960066e-12,0.0635,True,True
Kirkuk,IQ,35.46806,44.39222,1031000,0.1908058061616414,3.006027313649213,-1.313,False,-1.42369293986186e-10,-2.5529865622817533e-10,-4.0805937149165777e-11,0.0015,True,True
Lu’an,CN,31.73561,116.51688,1644344,0.0953109421185819,16.632333867399154,-0.3185,False,-2.9397889367935817e-10,-6.399229339724106e-10,1.6252894402078013e-11,0.1295,False,False
Hefei,CN,31.86389,117.28083,5050000,0.0983821445081414,3.082322423132723,-0.0756,False,-3.039325166400886e-10,-1.2375431065057098e-09,5.241775517918553e-10,0.617,False,False
Aleppo,SY,36.20124,37.16117,2098210,0.1731152907777781,22.247653925383418,-1.1913,False,-3.5505559854338794e-10,-6.163774325166101e-10,-1.1900178343148768e-10,0.0,True,True
Kathmandu,NP,27.70169,85.3206,1442271,0.4388813174745403,1.3122758831159445,-0.9247,False,-4.0030911038414537e-10,-8.512326512034342e-10,-1.0249504305628315e-12,0.099,True,False
Córdoba,AR,-31.40648,-64.18853,2106734,0.0992516499400665,0.0152590218967247,-2.4175,False,-1.090670243149346e-09,-1.7742840873830092e-09,-4.564029508342452e-10,0.0,True,True
Arequipa,PE,-16.39899,-71.53747,1008290,0.5941330976280723,0.8239871824216607,-0.0667,True,-1.160156761248708e-09,-3.976255588502072e-09,1.401945356049413e-09,0.5285,False,False
Bannu,PK,32.98527,70.60403,1357890,0.2527685959281018,15.640497444113862,-1.1579,False,-1.3855644289717992e-09,-2.32415339828662e-09,-5.359865970471607e-10,0.0,True,True
Jaipur,IN,26.91962,75.78781,3046163,0.0645149268963529,11.810482948043044,-4.5934,False,-2.020510392213274e-09,-3.2127902133875254e-09,-8.36645331352179e-10,0.0,True,True
Hohhot,CN,40.81056,111.65222,2350000,0.1767671363819321,3.204394598306294,-1.0557,False,-2.173099577262619e-09,-3.587872826139794e-09,-8.519759310205308e-10,0.0,True,True
Eskişehir,TR,39.77667,30.52056,921630,0.2589663756735736,0.8545052262150534,-2.8862,False,-2.6101603665541626e-09,-4.1759406656902e-09,-1.0735410134495811e-09,0.0,True,True
Almaty,KZ,43.25249,76.9115,1977011,0.3968644310264769,5.684341886080803e-14,-1.4642,False,-3.1209875317509502e-09,-5.208718728128001e-09,-1.2010825904420874e-09,0.0,True,True
Homs,SY,34.72405,36.72559,775404,0.2051711999995663,3.616388189517068,-0.3894,False,-3.827970111359048e-09,-7.48365188095234e-09,-5.81271080193037e-10,0.0315,True,True
Meizhou,CN,24.28859,116.11768,992351,0.0582796099993988,12.49713893339441,-0.4666,True,-6.1828303432702285e-09,-1.4109715695160974e-08,1.0597768003116761e-09,0.1965,False,False
León de los Aldama,MX,21.12183,-101.68253,1579803,0.0725108399999994,4.27252613107504,-3.2531,False,-8.334039205856399e-09,-1.3708384369227337e-08,-3.310893265787154e-09,0.0,True,True
Santiago,CL,-33.45694,-70.64827,4837295,0.4173637999999916,2.395666437781358,-0.5445,False,-8.392798256101334e-09,-1.5448759357344206e-08,-1.939793797648604e-09,0.0065,True,True
Chuzhou,CN,32.32194,118.29778,782671,0.0542267150809773,2.075226977950763,-0.0253,True,-1.8183707722217105e-08,-2.1132455168281304e-07,1.734286735266995e-07,0.892,False,False
Mexicali,MX,32.62781,-115.45446,1032686,0.6835515193668443,19.577325093461525,-0.0592,False,-2.532261139990073e-08,-9.14874438590039e-08,3.634128271638822e-08,0.5755,False,False
Kabul,AF,34.52813,69.17233,4434550,0.3410787,2.441443503471476,-1.1962,False,-2.7802184407922655e-08,-4.5537881891663734e-08,-1.028001900619313e-08,0.0,True,True
Erbil,IQ,36.19117,44.00943,1612700,0.1994300000000405,1.4190890363927906,-1.313,False,-3.4498440596081335e-08,-6.191109863237112e-08,-1.018387188205456e-08,0.0025,True,True
Tashkent,UZ,41.26465,69.21627,1978028,0.170258,15.182726787212973,-1.8495,False,-1.6091052581911514e-07,-2.6697115943213396e-07,-6.315944253534602e-08,0.0,True,True
Santiago de Querétaro,MX,20.58806,-100.38806,1594212,0.1017961999998979,0.3356984817273769,-3.1198,False,-2.7608675705370773e-07,-4.498423934873231e-07,-1.1020909837811637e-07,0.0,True,True
Ankara,TR,39.91987,32.85427,3517182,0.1666255618933042,9.079118028534424,-2.1996,False,-5.260375942224583e-07,-8.558670136731087e-07,-2.076114534365986e-07,0.0,True,True
Çankaya,TR,39.9179,32.86268,792189,0.1666255618933042,0.5340657663844013,-2.1996,False,-7.44889846432645e-07,-1.2259773281186703e-06,-2.970004881385722e-07,0.0,True,True
Peshawar,PK,34.008,71.57849,4758762,0.2901222617456738,8.209353780422703,-2.2067,False,-9.310823135779051e-07,-1.5141309844905847e-06,-3.556942186080514e-07,0.0,True,True
Ciudad Nezahualcoyotl,MX,19.40061,-99.01483,1077208,0.2175630999998143,5.684341886080803e-14,-2.4499,False,-1.0381060441043847e-06,-1.7119991033606754e-06,-4.0824295255614915e-07,0.0,True,True
Tijuana,MX,32.5027,-117.00371,1922523,0.1454692999529328,62.3941405355917,-0.0297,False,-1.151200746594928e-06,-8.61807277024217e-06,6.229961109227143e-06,0.812,False,False
Ecatepec de Morelos,MX,19.60492,-99.06064,1645352,0.1769872000143959,16.510261692225583,-2.4499,False,-1.2880656269815139e-06,-2.104704539939585e-06,-4.990809217931159e-07,0.0,True,True
Lusaka,ZM,-15.40669,28.28713,2212301,0.0653223858044363,16.60181582360576,-1.4279,False,-1.2905227307220937e-06,-2.2945342255049898e-06,-3.150152492160321e-07,0.0045,True,True
Gustavo Adolfo Madero,MX,19.49392,-99.11075,1185772,0.208636099855132,14.023041123064049,-2.4499,False,-1.6414762387937892e-06,-2.708910760907068e-06,-6.398349213374255e-07,0.0,True,True
Los Angeles,US,34.05223,-118.24368,3820914,0.4290697,27.450980392156907,-0.0272,False,-1.9865934709393206e-06,-2.124800784483157e-05,1.7076949560803635e-05,0.891,False,False
Rawalpindi,PK,33.59733,73.0479,3357612,0.3984775999894386,6.500343327992709,-1.9647,False,-2.0238826459298396e-06,-3.374196933001512e-06,-7.959856320249399e-07,0.0,True,True
Gaziantep,TR,37.05944,37.3825,2222415,0.192733631962112,0.1220721751736277,-2.1107,False,-2.0395743919534905e-06,-3.30829799412355e-06,-7.805590673588195e-07,0.0,True,True
Chaozhou,CN,23.65396,116.62262,1750945,0.0802770209793662,0.7171740291447577,-0.022,True,-2.0551410850402907e-06,-4.102121911110196e-05,3.3756054715947356e-05,0.9235,False,False
Culiacán,MX,24.80209,-107.39421,808416,0.1008736010758394,19.94354161898224,-0.5729,False,-2.0974711869263264e-06,-3.849334304154958e-06,-6.063913344336484e-07,0.0015,True,True
Iztapalapa,MX,19.35529,-99.06224,1835486,0.2343617999998143,5.684341886080803e-14,-2.4499,False,-3.7128006164988185e-06,-5.999057356772325e-06,-1.4438530159135777e-06,0.0,True,True
Alīgarh,IN,27.88145,78.07464,753207,0.1183113748902241,6.424048218509199,-0.726,False,-4.293349599803528e-06,-1.1549577945672411e-05,1.993952718682647e-06,0.3225,False,False
Ahvaz,IR,31.31901,48.6842,841145,0.2630809,14.328221560997974,-0.1475,False,-4.5536664083144045e-06,-1.4402410702187776e-05,4.714191225658201e-06,0.499,False,False
Santa Cruz de la Sierra,BO,-17.78629,-63.18117,1831434,0.2547707,1.5106431677729688,-0.9932,True,-4.5691481460386255e-06,-7.594745089395625e-06,-1.6824034094716379e-06,0.0,True,True
Maoming,CN,21.66625,110.91364,1307802,0.0668608739610053,11.230640115968583,-0.0184,True,-6.469737210338181e-06,-0.00013121360009717568,0.0001279543872335202,0.9515,False,False
San Pedro Sula,HN,15.50585,-88.02588,801259,0.3644254999999999,14.0993362325475,-0.041,False,-9.045056744078246e-06,-3.6048466342922894e-05,1.6166682733552284e-05,0.6065,False,False
Mexico City,MX,19.42847,-99.12766,12294193,0.2219640727916876,5.684341886080803e-14,-2.4499,False,-9.498860505506256e-06,-1.5587775004513678e-05,-3.7989064044121164e-06,0.0,True,True
Yerevan,AM,40.17765,44.5126,1144700,0.2668403281842528,13.778896772716903,-0.2119,False,-1.0340446264539603e-05,-2.9803519389473283e-05,8.19946965215963e-06,0.4405,False,False
Guatemala City,GT,14.64072,-90.51327,994938,0.7158972990198481,28.61066605630583,-0.2942,False,-1.2242415083635631e-05,-3.765156383778279e-05,1.1850376584762966e-05,0.458,False,False
Sargodha,PK,32.08586,72.67418,975886,0.184708032842362,16.69336995498594,-1.1823,False,-1.3383785385165869e-05,-2.3378780716511515e-05,-4.683958086746289e-06,0.0,True,True
Faisalabad,PK,31.41554,73.08969,3800193,0.2352902999999999,16.174563210498263,-2.1694,False,-1.6148091151211018e-05,-2.5942869941373197e-05,-6.1884437098143036e-06,0.0,True,True
Lüliang,CN,37.5192,111.14436,3346500,0.08261043,0.1831082627604132,-1.9793,False,-1.640366162603918e-05,-2.6952506599491925e-05,-6.610182891997799e-06,0.0,True,True
Naucalpan de Juárez,MX,19.47851,-99.23963,834434,0.2131674108778622,19.699397268635096,-2.4499,False,-1.7247795541052162e-05,-2.8743298789274497e-05,-6.756428245433805e-06,0.0,True,True
Meerut,IN,28.98002,77.70636,1223184,0.1854663015917488,7.84313725490199,-2.3689,False,-2.9525356371625216e-05,-5.579846699585178e-05,-5.8031591312143475e-06,0.0215,True,True
Chandigarh,IN,30.73629,76.7884,970602,0.2426430999999998,5.61532005798432,-5.6908,False,-3.082547473202998e-05,-4.6989156038011776e-05,-1.262234826974209e-05,0.0,True,True
Bucharest,RO,44.43225,26.10626,1877155,0.3229623135362622,0.2899214160372594,-2.1168,False,-3.198525018772758e-05,-5.194403491787572e-05,-1.3047401301552487e-05,0.0,True,True
Anshun,CN,26.25,105.93333,765313,0.101610587258357,0.1831082627604132,-0.2598,True,-3.289734126340777e-05,-8.37086298092159e-05,1.622475776468685e-05,0.3335,False,False
Datong,CN,40.09361,113.29139,1850000,0.2004275999999999,4.1809719996948616,-0.7504,False,-3.378351124176497e-05,-5.7123486451394006e-05,-1.2431503136114845e-05,0.0,True,True
Gujranwala,PK,32.15567,74.18705,2511118,0.1442940429027946,17.807278553444746,-3.8148,False,-3.533074269846222e-05,-5.579101306513858e-05,-1.4867690872729043e-05,0.0,True,True
Amritsar,IN,31.62234,74.87534,1159227,0.2266374003158889,14.450293736171544,-6.1073,False,-5.011482914793282e-05,-7.79040712043593e-05,-2.1809871164705218e-05,0.0,True,True
Nanjing,CN,32.06167,118.77778,9314685,0.058399089010373,8.865491721980675,-0.0253,True,-6.38610302273468e-05,-0.0007661967354288611,0.0006612420659628155,0.9035,False,False
Qujing,CN,25.48333,103.78333,1408500,0.1917821182272825,5.684341886080803e-14,-0.1679,True,-7.425047756744359e-05,-0.00027806492575594024,2.42861286636753e-17,0.6225,False,False
Cochabamba,BO,-17.38195,-66.15995,841276,0.2752713000102564,0.0152590218967247,-1.3577,False,-0.00010749898580862671,-0.00018041658873030436,-4.060396653719591e-05,0.0,True,True
San Diego,US,32.71571,-117.16472,1404452,0.2093355109849011,13.656824597543334,-0.0297,False,-0.0001126293165470138,-0.0008413409075963856,0.0005773998155393033,0.783,False,False
Putian,CN,25.43944,119.01028,1539389,0.0725754700111157,1.6937514305333252,-0.1389,True,-0.0001160814337147105,-0.0003430863121956826,9.601594607911772e-05,0.4285,False,False
Milan,IT,45.46427,9.18951,1371498,0.0906286899990103,10.055695429922991,-1.7761,False,-0.00011630088481940585,-0.0001946314980619063,-4.3637031731898985e-05,0.0,True,True
Karbala,IQ,32.61603,44.02488,1218732,0.1316135122730927,3.93682764934772,-0.5238,False,-0.00012791463624384734,-0.0002407945510793871,-3.165225261132366e-05,0.0065,True,True
Gurugram,IN,28.4601,77.02635,886519,0.245183804485506,5.706874189364498,-2.3689,False,-0.0001415826789553517,-0.00027138242113509096,-2.7497169690217418e-05,0.013,True,True
Abū Ghurayb,IQ,33.30563,44.18477,900000,0.0786549269613512,20.73701075761045,-0.8459,False,-0.0001523367858627814,-0.0002689665148605259,-4.045294125252053e-05,0.004,True,True
Xinyang,CN,32.12278,114.06556,1230042,0.05836012,0.686655985351365,-0.1653,False,-0.0001533313902071752,-0.0004598741479754449,0.0001338049415957143,0.4405,False,False
Jalandhar,IN,31.32556,75.57917,868929,0.2688223032851797,8.682383459220318,-6.1073,False,-0.00015590919380083538,-0.0002427801923025081,-6.756998820772736e-05,0.0,True,True
Bursa,TR,40.19559,29.06013,3101833,0.4104262999848779,2.1362630655375483,-1.8334,False,-0.00020963258661456938,-0.0003562723065775958,-7.945096041619885e-05,0.0,True,True
Jinjiang,CN,24.81978,118.57415,1416151,0.071012860000007,10.009918364232874,-0.1389,True,-0.00022185692166488274,-0.0006651719334536093,0.00018788331030891871,0.4365,False,False
Huainan,CN,32.62639,116.99694,1666826,0.0631583100000002,11.459525444419056,-0.1504,False,-0.000230897793575692,-0.0006613655522774333,0.000179960373129104,0.403,False,False
İzmir,TR,38.41273,27.13838,2938292,0.7108020999973488,90.42496375982302,-1.1472,False,-0.00027034224801196233,-0.0004684167380123305,-9.227558934960866e-05,0.0,True,True
Bahawalpur,PK,29.39779,71.6752,903795,0.1190218000000238,22.384985122453656,-0.1318,False,-0.0002729492771905706,-0.0012489901208316944,0.0006687955105099588,0.679,False,False
Trujillo,PE,-8.11599,-79.02998,919899,0.6669608730816291,18.76859693293665,-0.166,True,-0.00029821858466557577,-0.0005774184386381817,-3.3486568258275434e-05,0.0475,True,True
Algiers,DZ,36.73225,3.08746,2364230,0.360220200010265,52.33844510566877,-0.3448,False,-0.00030503984418289026,-0.000514357043571306,-0.00011202051044850137,0.0,True,True
Malatya,TR,38.35018,38.31667,750491,0.2950226995043289,0.8850232700084462,-1.8667,False,-0.00031260919033710907,-0.0005327654926493876,-0.00010680753625198121,0.0,True,True
Sofia,BG,42.69751,23.32415,1152556,0.2816335999999533,12.61921110856798,-2.487,False,-0.00032940004068898873,-0.0005440296769141911,-0.00013282042515816932,0.0,True,True
Bengbu,CN,32.94083,117.36083,972784,0.0847586799999958,6.927595941100208,-0.0756,False,-0.0003342250636843569,-0.0013091394337331544,0.0005748197452756448,0.606,False,False
Kayseri,TR,38.73222,35.48528,1452458,0.1602327415417343,0.671396963454697,-3.4303,False,-0.00033888400986059435,-0.000538448226456231,-0.00014061848764564325,0.0,True,True
Huizhou,CN,23.11147,114.41523,2900113,0.0866846999999999,18.49393453879611,-0.0666,True,-0.0003771200649233253,-0.002343319650333543,0.0015858234163735627,0.8125,False,False
Lima,PE,-12.04318,-77.02824,7737002,0.5729318000000077,8.041504539559014,-0.2668,True,-0.00043070300931994515,-0.0008481933934658577,-7.231655320688636e-05,0.0245,True,True
Tbilisi,GE,41.69143,44.83412,1049498,0.2589542,43.32036316472119,-0.59,False,-0.0004822627548510608,-0.0009315776647431483,-6.32724690076167e-05,0.0375,True,True
Adana,TR,36.98615,35.32531,1816750,0.244605180957939,12.268253604943936,-3.1756,False,-0.0005665372238081359,-0.0009055858770178491,-0.00022899275603836003,0.0,True,True
Budapest,HU,47.49835,19.04045,1741041,0.0753313029959833,39.71923399710079,-0.5819,False,-0.0006089050159503798,-0.001058194383547115,-0.00017690509942648835,0.001,True,True
Quanzhou,CN,24.91389,118.58583,1469157,0.0701559140831337,5.935759517814915,-0.1389,True,-0.000621647906274253,-0.0018348755505674288,0.00048700465079801886,0.4245,False,False
Guayaquil,EC,-2.19616,-79.88621,2723665,0.6265439059161264,10.299839780270132,-0.2419,True,-0.0006497006440756292,-0.0013736761939493053,5.753163707841513e-06,0.104,False,False
Yinchuan,CN,38.46806,106.27306,1487579,0.1974322000193669,13.992523079270654,-1.7919,False,-0.0006979767837894703,-0.0011318619419471616,-0.00028574987331562627,0.0,True,True
Najafgarh,IN,28.60922,76.97982,1365000,0.2602816118756782,3.7079423208972457,-6.5892,False,-0.0007532157173897013,-0.0011857467973317526,-0.000320976853265247,0.0,True,True
Baotou,CN,40.6516,109.84389,2150000,0.1640915259445369,6.62241550316628,-1.46,False,-0.0007702065404044285,-0.001279485201562752,-0.0003061238705990835,0.0,True,True
Sialkot,PK,32.49268,74.53134,911817,0.2226351088871861,6.042572671091818,-3.8148,False,-0.0007796467880671863,-0.0012732168507318972,-0.000323032488550838,0.0,True,True
Erzurum,TR,39.90861,41.27694,767848,0.3338670945674483,0.5798428320745188,-0.781,False,-0.000892005823507222,-0.0017476022308302527,-9.38045852690119e-05,0.049,True,True
Wuhu,CN,31.35259,118.42947,1598165,0.0523950000000047,0.0610360875868423,-0.3578,True,-0.0009051439761154911,-0.0021274305292400867,0.00015530589669437989,0.206,False,False
Köln,DE,50.93333,6.95,1024621,0.071448900103232,20.40131227588313,-0.2829,False,-0.0009606448421492497,-0.0021828353392496624,0.00010666571073553436,0.1635,False,False
Vienna,AT,48.20849,16.37208,1691468,0.0797164551533543,11.062790875104952,-0.538,False,-0.0009995313420966268,-0.001849321055795394,-0.00027428040089597214,0.001,True,True
Fes,MA,34.03313,-5.00028,1191905,0.217885838432581,22.09506370641645,-1.5972,False,-0.0011678201209472626,-0.0018875402084058198,-0.0004854730630471563,0.0,True,True
Oran,DZ,35.69906,-0.63588,803329,0.35129380212298,32.42542153047992,-0.9452,False,-0.001189211403174184,-0.0019511476856671605,-0.00048256351138661543,0.0,True,True
Sadr City,IQ,33.3889,44.4583,1211849,0.08109344,14.05355916685744,-0.8459,False,-0.0012193354934096484,-0.0022528382921374614,-0.0003308124415848104,0.0015,True,True
Rome,IT,41.89193,12.51133,2318895,0.1219487,22.308690012970203,-0.4269,False,-0.0013312110117336545,-0.0025592423348869547,-0.0002556384910843297,0.0185,True,True
Rabat,MA,34.01325,-6.83255,1655753,0.0716719748318391,40.05493247882811,-1.5122,False,-0.0013672601883325565,-0.002268302397263433,-0.0005635135417278846,0.0,True,True
Ghāziābād,IN,28.66535,77.43915,1199191,0.2054343120910291,5.188067444876822,-2.3689,False,-0.001502717428833955,-0.002687097345408101,-0.0002799456369703624,0.019,True,True
Zapopan,MX,20.72111,-103.38742,1476491,0.1116775796298197,25.78774700541697,-1.65,False,-0.0015278527572131738,-0.0026180225730679093,-0.0005501823259167545,0.0,True,True
Callao,PE,-12.05162,-77.13452,1300000,0.5972655999999986,5.684341886080803e-14,-0.2668,True,-0.0015812622489771722,-0.003170095727217614,-0.00028948205568456767,0.0245,True,True
Belgrade,RS,44.80401,20.46513,1273651,0.1254296751815343,41.76394293125816,-1.5542,False,-0.0015988441037686485,-0.002641070083610217,-0.0006020328219734881,0.0,True,True
Valencia,ES,39.47391,-0.37966,824340,0.0695070899995153,9.674219882505554,-0.483,False,-0.0017649770510182045,-0.0030276464699829767,-0.0005990059938588838,0.0,True,True
Naples,IT,40.85216,14.26811,909048,0.1617050012910862,0.5951018539711868,-0.3455,False,-0.0017659817446177284,-0.003490998625897652,-0.0002052574509794264,0.04,True,True
Al Mawşil al Jadīdah,IQ,36.33271,43.10555,2065597,0.1837698,22.247653925383418,-1.2638,False,-0.0017745798806050248,-0.003120255821804319,-0.0004885908602784785,0.001,True,True
Istanbul,TR,41.01384,28.94966,15701602,0.4327548,2.6398107881285,-0.273,False,-0.0017871685276213412,-0.004068013833883974,0.0003848638543282068,0.219,False,False
Fuzhou,CN,26.06139,119.30611,3740000,0.051719552891057,6.744487678339851,-0.3311,True,-0.00194312390354065,-0.004746248091700165,0.0005248478189355002,0.2345,False,False
Fuyang,CN,32.9,115.81667,1768947,0.06560592,3.8452735179675415,-0.3122,False,-0.0020405435224123414,-0.004374364646277074,7.37581042206112e-06,0.1015,False,False
Rajshahi,BD,24.374,88.60114,763580,0.127690699939077,5.684341886080803e-14,-0.5335,False,-0.002150313470416554,-0.006859290540866935,2.220446049250313e-16,0.4295,False,False
Antalya,TR,36.90812,30.69556,1335002,0.2329981000000742,5.684341886080803e-14,-0.3999,False,-0.0021886002904899227,-0.004349133552783208,-0.00027328469684393373,0.0465,True,True
Jiujiang,CN,29.70475,116.00206,1164268,0.09921758,1.144426642252256,-0.9236,True,-0.0022378165702468117,-0.0044801322025249364,-0.00018058726826015312,0.062,True,True
Baghdad,IQ,33.34058,44.40088,7216000,0.080273361037564,15.10643167772946,-0.8459,False,-0.0022428271673237687,-0.004048460164192169,-0.000577269929807327,0.0015,True,True
Tangier,MA,35.76727,-5.79975,1035141,0.2055809999960579,2.441443503471476,-0.385,False,-0.002311179834732724,-0.0038695817045767467,-0.0008934101483922278,0.0,True,True
Salé,MA,34.0531,-6.79846,972299,0.0743428500016187,23.20897230487526,-1.5122,False,-0.0023555736187819906,-0.0038641278465221525,-0.0009695452317892532,0.0,True,True
Dera Ismail Khan,PK,31.83129,70.9017,763195,0.2558566188558271,18.8448920424201,-0.7912,False,-0.002580727132982852,-0.004251612140000476,-0.0008994970944913702,0.0,True,True
Wuzhong,CN,37.9867,106.201,7202654,0.1972265914121957,20.73701075761045,-0.7714,False,-0.0029932514957789758,-0.0049842727782880595,-0.0011516684455915348,0.0,True,True
Narela,IN,28.85267,77.09288,800000,0.2424865001761759,5.142290379186704,-2.3689,False,-0.003030994451924174,-0.005544488407111029,-0.000586461566220848,0.016,True,True
Zhongwei,CN,37.51129,105.19067,1174600,0.2145857,22.308690012970203,-0.7714,False,-0.003072681456904758,-0.005237633787275234,-0.0011620013187897656,0.0,True,True
Rohini,IN,28.74322,77.06778,860000,0.2509831,3.7232013427939705,-2.3689,False,-0.003115736663022818,-0.005560842701388666,-0.0005994433806034004,0.0185,True,True
Anqing,CN,30.51365,117.04723,804493,0.0734550466256087,5.684341886080803e-14,-0.6228,True,-0.003225073479099949,-0.006960326621516893,3.3306690738754696e-16,0.124,False,False
Niigata,JP,37.92259,139.04125,797591,0.2601448673891304,5.684341886080803e-14,-0.4162,False,-0.0034359910290833184,-0.006170470822857532,-0.0010020278703774146,0.001,True,True
San Francisco,US,37.77493,-122.41942,827526,0.414144,6.530861371786102,-0.6298,False,-0.0037395549434221242,-0.007836022901830284,-0.00018593307559587453,0.074,True,True
Guadalajara,MX,20.67738,-103.34749,1385629,0.1157240041523691,0.106813153276903,-1.65,False,-0.0037921671925452427,-0.0063788784594663965,-0.0013566773495619986,0.0,True,True
Mosul,IQ,36.335,43.11889,1683000,0.1837698,15.73205157549404,-1.2638,False,-0.0038235206284280704,-0.006730394394081247,-0.0010362661211535474,0.0025,True,True
Pest,HU,47.5,19.08333,1001748,0.07254013,6.62241550316628,-0.5819,False,-0.003886310911746238,-0.006880978777887031,-0.0011959561149553904,0.0015,True,True
Bayan Nur,CN,40.74143,107.38599,1760000,0.1635738308048777,9.277485313191448,-1.1558,False,-0.004241133767442409,-0.007211927596032311,-0.0016960185757149073,0.0,True,True
Rangpur,BD,25.74664,89.25166,1031388,0.2707102941607577,2.4719615472648684,-1.0354,False,-0.005141119801918975,-0.011223908068643722,0.0005236888568471251,0.1485,False,False
Diyarbakır,TR,37.91363,40.21721,1833684,0.1193813,6.530861371786102,-1.6686,False,-0.005573027809166783,-0.00980537161232817,-0.001765352178209604,0.0,True,True
Turin,IT,45.07049,7.68682,847287,0.114485601526381,18.58548867017629,-1.5459,False,-0.0058121023331525745,-0.00970194500211205,-0.0021619729666763595,0.0,True,True
Puebla,MX,19.04778,-98.20723,1692181,0.2727666710441241,12.4208438239109,-1.7035,False,-0.006715498408346093,-0.011241653041673834,-0.0023980009057791075,0.0,True,True
Seattle,US,47.60621,-122.33207,780995,0.3056356000013193,6.8513008316166975,-1.0623,True,-0.006724594370431269,-0.012028303329277481,-0.001760324267374539,0.0035,True,True
Srinagar,IN,34.08565,74.80555,1206419,0.3927438,3.006027313649213,-2.9142,False,-0.008628593242718821,-0.013873612663999012,-0.0035178658510327415,0.0,True,True
Faridabad,IN,28.41124,77.31316,1414050,0.2051115996711991,0.686655985351365,-2.3689,False,-0.009648313525336932,-0.018133999194760008,-0.001834111580730311,0.0205,True,True
Delhi,IN,28.65195,77.23149,11034555,0.2294909887507435,15.228503852903032,-2.3689,False,-0.011376660800613142,-0.021540401533063934,-0.0021241040234326438,0.0175,True,True
Lahore,PK,31.558,74.35071,13004135,0.177375700015881,8.545052262150023,-4.3053,False,-0.01402764954348884,-0.022652766530235922,-0.005876148967195607,0.0,True,True
Ludhiana,IN,30.91204,75.85379,1618879,0.2378727929457269,10.421911955443704,-7.7419,False,-0.01535332120388333,-0.023770587834595416,-0.006686032712180156,0.0,True,True
