name,country,dP,dP_lo,dP_hi,p_two,p_two_zero_aware,zero_exact_dP,fdr_sig,fdr_bh_zero_aware,fdr_by_zero_aware,material_bh_zero_aware,material_by_zero_aware
Yokohama,JP,0.0131823600667306,0.0052217653273863,0.0218943302879452,0.0,0.00024993751562109475,False,True,True,True,True,True
Bhayandar,IN,0.0117697302764608,0.0038161602561318,0.0205713226468663,0.0,0.00024993751562109475,False,True,True,True,True,True
Mumbai,IN,0.0108165938122896,0.0035724974761384,0.0143549539997001,0.0,0.00024993751562109475,False,True,True,True,True,True
Dar es Salaam,TZ,0.0099400650158641,0.0038461988486549,0.0167379941406086,0.0,0.00024993751562109475,False,True,True,True,False,False
Surat,IN,0.0096221809737705,0.0028024831768068,0.0167540588840118,0.0009999999999998,0.0009999999999998,False,True,True,True,False,False
Nashik,IN,0.009150408807873,0.0033004692981796,0.0160788281462742,0.0,0.00024993751562109475,False,True,True,True,False,False
Bhiwandi,IN,0.0086312201636333,0.0028146479064968,0.0156682008848642,0.0,0.00024993751562109475,False,True,True,True,False,False
Thāne,IN,0.0084105762061177,0.0026785993876646,0.0124797601303733,0.0,0.00024993751562109475,False,True,True,True,False,False
Dombivali,IN,0.0083292880236759,0.0026620227838969,0.0145805491083424,0.0,0.00024993751562109475,False,True,True,True,False,False
Tokyo,JP,0.0083026372584477,0.0032484227166512,0.0144348148566394,0.0,0.00024993751562109475,False,True,True,True,False,False
Yangon,MM,0.0078525840287735,0.0005517502052593,0.0116225022491796,0.0705,0.0705,False,True,False,False,False,False
Tianjin,CN,0.0073736357294239,0.0027019944033238,0.012359666617923,0.0,0.00024993751562109475,False,True,True,True,False,False
Varanasi,IN,0.0064547441040125,0.0018980329960969,0.0116378114684587,0.0004999999999999,0.0004999999999999,False,True,True,True,False,False
Chattogram,BD,0.0063066447842901,-0.0012531086229764,0.0139683037844325,0.2004999999999999,0.2004999999999999,False,False,False,False,False,False
Patna,IN,0.0060981198108892,0.000864302642856,0.0121689895101161,0.0304999999999999,0.0304999999999999,False,True,True,False,False,False
Kanpur,IN,0.0059558101069985,0.000963818175543,0.0116741145169482,0.0264999999999999,0.0264999999999999,False,True,True,False,False,False
Barcelona,VE,0.0055937627238466,0.0010259838369734,0.0109662133452184,0.0215,0.0215,False,True,True,False,False,False
Prayagraj,IN,0.005399910094125,0.0015612575336032,0.0101051179925019,0.002,0.002,False,True,True,True,False,False
Kalyān,IN,0.0053812979642205,0.0020564889245797,0.0053812979642205,0.0004999999999999,0.0004999999999999,False,True,True,True,False,False
Makassar,ID,0.005239330970689,0.0017247287311472,0.0053197165084566,0.0,0.00024993751562109475,False,True,True,True,False,False
Howrah,IN,0.0050947550306674,-0.0013186095983712,0.0126397746681977,0.2224999999999999,0.2224999999999999,False,False,False,False,False,False
Kolkata,IN,0.0050927696458126,-0.0013093987025666,0.0125765557450847,0.2290000000000001,0.2290000000000001,False,False,False,False,False,False
Luzhou,CN,0.0050042128246746,0.001002839819391,0.0097701316210069,0.0169999999999999,0.0169999999999999,False,True,True,False,False,False
Ranchi,IN,0.004955914891752,0.0007176902001159,0.0095665109793553,0.0324999999999999,0.0324999999999999,False,True,True,False,False,False
Ciudad Guayana,VE,0.004915952855939,0.0017313225857529,0.0086130693844601,0.0,0.00024993751562109475,False,True,True,True,False,False
Haikou,CN,0.0048257107875001,0.0010604850959056,0.0083566162214119,0.008,0.008,False,True,True,True,False,False
Jing’an,CN,0.0047006544213692,0.0013615147921282,0.0086019015606938,0.0004999999999999,0.0004999999999999,False,True,True,True,False,False
Vijayawada,IN,0.0045902708923863,0.0016284815563342,0.0078356205976431,0.0,0.00024993751562109475,False,True,True,True,False,False
Zhabei,CN,0.0044447278430762,0.0012136954300911,0.0078690591103459,0.0015,0.0015,False,True,True,True,False,False
Kaifeng,CN,0.0043969392064603,0.0018921885863275,0.0043969392064603,0.0,0.00024993751562109475,False,True,True,True,False,False
Qinhuangdao,CN,0.0042830898810408,0.0015137770350567,0.0068465577570488,0.0,0.00024993751562109475,False,True,True,True,False,False
Nagoya,JP,0.0041915709353172,0.0014601161438896,0.0073164946180869,0.0,0.00024993751562109475,False,True,True,True,False,False
Luohe,CN,0.0040014589304054,-4.663995172381743e-05,0.0086341412393811,0.1029999999999999,0.1029999999999999,False,False,False,False,False,False
Putuo,CN,0.003967574017243,0.0011085859492778,0.0072150865603816,0.0009999999999998,0.0009999999999998,False,True,True,True,False,False
Hanzhong,CN,0.003910982978689,0.0012029459282103,0.0067580173646172,0.0009999999999998,0.0009999999999998,False,True,True,True,False,False
Benghazi,LY,0.0036816993522627,0.0014337018513617,0.0062601803119683,0.0,0.00024993751562109475,False,True,True,True,False,False
Accra,GH,0.0036759540436972,0.001421571951441,0.0065256269737419,0.0,0.00024993751562109475,False,True,True,True,False,False
Jabalpur,IN,0.0035819517574923,0.0010560839536029,0.0050311073545877,0.0004999999999999,0.0004999999999999,False,True,True,True,False,False
Manila,PH,0.0034897418002498,0.0006980618544253,0.0063995104776926,0.0115,0.0115,False,True,True,False,False,False
Nanchong,CN,0.0033759501018316,0.0010048234267957,0.0061062500877847,0.0009999999999998,0.0009999999999998,False,True,True,True,False,False
Linfen,CN,0.0033597281576323,0.0005740557914018,0.00663916967876,0.0249999999999999,0.0249999999999999,False,True,True,False,False,False
Jamshedpur,IN,0.003275903248584,0.0005394679193755,0.006624209526085,0.0235,0.0235,False,True,True,False,False,False
Xuhui,CN,0.0030998488024287,0.000877337799885,0.0053684863250866,0.0009999999999998,0.0009999999999998,False,True,True,True,False,False
Maracaibo,VE,0.0029827278373295,0.0011005920738077,0.0051091500449268,0.0,0.00024993751562109475,False,True,True,True,False,False
Malingao,PH,0.0029638183406366,0.0008033863604452,0.0029638183406366,0.004,0.004,False,True,True,True,False,False
Dalian,CN,0.002896224481439,0.0010760466035981,0.0049673568670224,0.0,0.00024993751562109475,False,True,True,True,False,False
Budta,PH,0.0028907748123359,0.0007181867105477,0.0053559100879757,0.0055,0.0055,False,True,True,True,False,False
Mombasa,KE,0.0028114281985759,0.0011204678584026,0.004696259038271,0.0,0.00024993751562109475,False,True,True,True,False,False
Chennai,IN,0.0026832935777019,0.0010730789082865,0.0045235594281931,0.0,0.00024993751562109475,False,True,True,True,False,False
Cartagena,CO,0.0026785270490979,0.0004797008400966,0.0053139105911917,0.0204999999999999,0.0204999999999999,False,True,True,False,False,False
Virār,IN,0.0025991780956606,0.0019959944961017,0.0025991780956606,0.0,0.00024993751562109475,False,True,True,True,False,False
Mandalay,MM,0.0025833231311815,-0.0031775825944254,0.0088124923529758,0.5660000000000001,0.5660000000000001,False,False,False,False,False,False
Ziyang,CN,0.0025591202315673,0.0007583093051363,0.0045653707451619,0.0004999999999999,0.0004999999999999,False,True,True,True,False,False
Santo Domingo,DO,0.0024767920648013,0.0006809021030615,0.0046060444759537,0.002,0.002,False,True,True,True,False,False
Baoshan,CN,0.0024670626082674,0.0006762688745617,0.0044287847171819,0.002,0.002,False,True,True,True,False,False
Barranquilla,CO,0.0024053116310744,0.0004476608619669,0.0046132093407682,0.0184999999999999,0.0184999999999999,False,True,True,False,False,False
Cebu City,PH,0.002276329626615,0.002276329626615,0.002276329626615,0.0,0.00024993751562109475,False,True,True,True,False,False
Surabaya,ID,0.0022082061862322,-0.0010019565736869,0.0058522855372327,0.3149999999999999,0.3149999999999999,False,False,False,False,False,False
Seoul,KR,0.0021926419501853,0.0007829412458853,0.0037572449414291,0.0,0.00024993751562109475,False,True,True,True,False,False
Weinan,CN,0.002007256314618,0.000599620429505,0.0036432630126096,0.0004999999999999,0.0004999999999999,False,True,True,True,False,False
Alexandria,EG,0.0019576794418436,0.0005205754538679,0.0035887035945086,0.0015,0.0015,False,True,True,True,False,False
Sapporo,JP,0.001933859674291,0.0004334499423983,0.003525010037273,0.01,0.01,False,True,True,False,False,False
Nantong,CN,0.0019166321843848,0.0001011155867964,0.0040727350437453,0.0705,0.0705,False,True,False,False,False,False
Auckland,NZ,0.0019078322068631,0.0006904732473526,0.0032412682258164,0.0,0.00024993751562109475,False,True,True,True,False,False
Xianyang,CN,0.0018758121915692,0.0006174797351954,0.0033192355079055,0.0,0.00024993751562109475,False,True,True,True,False,False
Hamamatsu,JP,0.0018496808038376,0.0005196211928647,0.0018496808038376,0.0044999999999999,0.0044999999999999,False,True,True,True,False,False
Karachi,PK,0.0018106153343679,0.0004986582433334,0.0032892303975454,0.0004999999999999,0.0004999999999999,False,True,True,True,False,False
Shanghai,CN,0.0017738693845824,0.0011479908468059,0.0017738693845824,0.0009999999999998,0.0009999999999998,False,True,True,True,False,False
Tainan,TW,0.001610778367505,0.0003473925302693,0.0031410837688323,0.012,0.012,False,True,True,False,False,False
Kitakyushu,JP,0.0015969601989614,0.0003990257258993,0.0019178033808634,0.0024999999999999,0.0024999999999999,False,True,True,True,False,False
Lanzhou,CN,0.0015712382400322,0.0005254058927755,0.0026973148455408,0.0,0.00024993751562109475,False,True,True,True,False,False
Hiroshima,JP,0.0015640616549372,0.0002325757333331,0.0031389375482984,0.032,0.032,False,True,True,False,False,False
Davao,PH,0.0015205006009754,-0.0001473050299545,0.0033683151395163,0.1525,0.1525,False,False,False,False,False,False
Neijiang,CN,0.0014456937895842,0.0004341375853454,0.0025665249670705,0.0,0.00024993751562109475,False,True,True,True,False,False
Santiago de los Caballeros,DO,0.0014016720464758,0.0002620946555143,0.0027149906755611,0.016,0.016,False,True,True,False,False,False
Port-au-Prince,HT,0.0013811960865968,0.0003490050206672,0.0025979786018036,0.0055,0.0055,False,True,True,True,False,False
Hyderabad,PK,0.0013306612472312,0.0003534559071621,0.0024121508614403,0.0015,0.0015,False,True,True,True,False,False
Nay Pyi Taw,MM,0.0013303005997146,-0.0011687162776094,0.0022708897998283,0.4479999999999999,0.4479999999999999,False,False,False,False,False,False
Zhengzhou,CN,0.0012674802393856,0.0003708182977496,0.0015282868465959,0.0,0.00024993751562109475,False,True,True,True,False,False
Anyang,CN,0.0012147377205101,0.0004180393231679,0.0021176154165551,0.0,0.00024993751562109475,False,True,True,True,False,False
Fukuoka,JP,0.0011292210388418,0.0008565886039953,0.0011292210388418,0.0035,0.0035,False,True,True,True,False,False
Panzhihua,CN,0.0011250293667992,-5.167743531071313e-05,0.0025901623236461,0.1220000000000001,0.1220000000000001,False,False,False,False,False,False
Quezon City,PH,0.0010393864693847,0.0001278362339753,0.002107218975152,0.0409999999999999,0.0409999999999999,False,True,True,False,False,False
Bandar Lampung,ID,0.0010293927583578,-0.0004333286283527,0.002609123871258,0.294,0.294,False,False,False,False,False,False
Yangjiang,CN,0.0009961720420938,-0.0012508917079017,0.0035528166136206,0.5185,0.5185,False,False,False,False,False,False
Chongqing,CN,0.0009810779997386,0.0001384336500808,0.0018902126279857,0.0329999999999999,0.0329999999999999,False,True,True,False,False,False
Jakarta,ID,0.0009605569416031,-3.502980449082149e-05,0.0020729046187427,0.1225,0.1225,False,False,False,False,False,False
Pasig City,PH,0.0009425574639516,0.0001068769301092,0.0018619490104443,0.0435,0.0435,False,True,True,False,False,False
Goyang-si,KR,0.0009003048747226,0.0004644921017719,0.0009003048747226,0.0,0.00024993751562109475,False,True,True,True,False,False
Tianshui,CN,0.000896197666793,0.0003110550326181,0.0015946017783014,0.0,0.00024993751562109475,False,True,True,True,False,False
Haiphong,VN,0.0008755768894566,-3.366235461207609e-05,0.0019457533547552,0.1169999999999999,0.1169999999999999,False,False,False,False,False,False
Changwon,KR,0.0008700584934065,0.0001483121294334,0.0016925404970798,0.0224999999999999,0.0224999999999999,False,True,True,False,False,False
Kaohsiung,TW,0.0007876052972501,-0.0005893739314591,0.0021888046072442,0.4155,0.4155,False,False,False,False,False,False
Vadodara,IN,0.0007753986476834,0.0002025649499052,0.0014310177372404,0.002,0.002,False,True,True,True,False,False
Langfang,CN,0.0007721279813353,0.0002566857307108,0.0013174704850387,0.0,0.00024993751562109475,False,True,True,True,False,False
Hanoi,VN,0.0007661094018628,-0.0021939410903894,0.0026238545484459,0.7110000000000001,0.7110000000000001,False,False,False,False,False,False
Caloocan,PH,0.0007599218058339,0.0007599218058339,0.0007599218058339,0.0089999999999998,0.0089999999999998,False,True,True,False,False,False
Dongying,CN,0.0007503506881893,0.0004929263375389,0.0007503506881893,0.0,0.00024993751562109475,False,True,True,True,False,False
Incheon,KR,0.0007501877106964,0.0002689295014475,0.0012369028753423,0.0,0.00024993751562109475,False,True,True,True,False,False
Taiyuan,CN,0.0007481143005881,0.0006934087391053,0.0007481143005881,0.0155,0.0155,False,True,True,False,False,False
Zhenjiang,CN,0.0007220839788225,-0.0003598339920611,0.0018659706994761,0.3334999999999999,0.3334999999999999,False,False,False,False,False,False
Giza,EG,0.00070556806689,0.0001094598125627,0.0013921614717881,0.03,0.03,False,True,True,False,False,False
Ankang,CN,0.0006825083072401,0.0001954378221154,0.0012248434299897,0.0004999999999999,0.0004999999999999,False,True,True,True,False,False
Suwon,KR,0.0006359158262189,0.0002248553384981,0.0011049711007059,0.0,0.00024993751562109475,False,True,True,True,False,False
Pimpri-Chinchwad,IN,0.0006171175405221,0.0002232672410458,0.0010910841725212,0.0,0.00024993751562109475,False,True,True,True,False,False
Chiba,JP,0.0006153195528436,0.0006153195528436,0.0006153195528436,0.0,0.00024993751562109475,False,True,True,True,False,False
Cali,CO,0.0006105155087874,-0.0003694286458395,0.0006105155087874,0.3594999999999999,0.3594999999999999,False,False,False,False,False,False
Barquisimeto,VE,0.0005986854645656,0.0002231788041404,0.0010451086370402,0.0,0.00024993751562109475,False,True,True,True,False,False
Tangerang,ID,0.0005862220146996,-1.036897514979511e-05,0.0012504614267452,0.1109999999999999,0.1109999999999999,False,False,False,False,False,False
Mysuru,IN,0.0005723038697131,0.0002009788193956,0.00083953289685,0.0,0.00024993751562109475,False,True,True,True,False,False
Bucheon-si,KR,0.000571231348487,0.0002000369447814,0.0009909100519071,0.0,0.00024993751562109475,False,True,True,True,False,False
Tripoli,LY,0.0005650613683371,0.0001188310637474,0.0010954979640199,0.01,0.01,False,True,True,False,False,False
Beirut,LB,0.0005301694941249,-4.2965875097498296e-05,0.0011539892591182,0.1505,0.1505,False,False,False,False,False,False
Yibin,CN,0.0005162069294723,0.0001457609461879,0.0009278182293975,0.0015,0.0015,False,True,True,True,False,False
Havana,CU,0.0005034226792101,4.3504630703865296e-05,0.001020372433894,0.0629999999999999,0.0629999999999999,False,True,True,False,False,False
Guwahati,IN,0.0005028785885829,-0.0038115577722043,0.0047189884872142,0.9105,0.9105,False,False,False,False,False,False
Dhaka,BD,0.000501866092094,-0.0083603291251546,0.0040394659854371,0.947,0.947,False,False,False,False,False,False
San Jose,US,0.000496426350033,4.1933674113270494e-05,0.0006725883656629,0.052,0.052,False,True,True,False,False,False
Kota,IN,0.000491096082124,-7.974285590479305e-05,0.0011051613465398,0.1859999999999999,0.1859999999999999,False,False,False,False,False,False
Jiaozuo,CN,0.0004495476012168,0.0001540478204035,0.0008058822757498,0.0,0.00024993751562109475,False,True,True,True,False,False
Taipei,TW,0.0004195205423698,-0.0009367516973735,0.0018943580637169,0.6665000000000001,0.6665000000000001,False,False,False,False,False,False
Agra,IN,0.0004130453731711,-0.0017174006004168,0.0026945205828749,0.79,0.79,False,False,False,False,False,False
New Taipei City,TW,0.0004106270631025,-0.0009592436771925,0.0017061431927624,0.687,0.687,False,False,False,False,False,False
Linyi,CN,0.0003796795217104,0.0001432454484555,0.0003796795217104,0.0009999999999998,0.0009999999999998,False,True,True,True,False,False
Bekasi,ID,0.0003695291061639,-1.5281822307495295e-05,0.0008120990981101,0.1205,0.1205,False,False,False,False,False,False
Pimpri,IN,0.000359197196582,0.0001274083604583,0.0006371388735635,0.0,0.00024993751562109475,False,True,True,True,False,False
Bhubaneswar,IN,0.0003474043925275,7.139984301811629e-05,0.0006828435154962,0.016,0.016,False,True,True,False,False,False
Pingdingshan,CN,0.0003472585029559,-0.0003447612982385,0.0003472585029559,0.3925,0.3925,False,False,False,False,False,False
Ulsan,KR,0.0003399052354951,-0.0001007864517297,0.0003399052354951,0.2124999999999999,0.2124999999999999,False,False,False,False,False,False
Natal,BR,0.0003325867328523,0.0001241945875274,0.0005651338887189,0.0,0.00024993751562109475,False,True,True,True,False,False
Antipolo,PH,0.0003314198522643,4.701257432291259e-05,0.0003908803154227,0.038,0.038,False,True,True,False,False,False
Wenzhou,CN,0.0003306022888904,0.0002252022240566,0.0003306022888904,0.0375,0.0375,False,True,True,False,False,False
Panjin,CN,0.0003149296385248,0.0002065743309335,0.0003149296385248,0.0,0.00024993751562109475,False,True,True,True,False,False
Managua,NI,0.0002791380982256,-2.0822950800446715e-05,0.0003092822223204,0.1454999999999999,0.1454999999999999,False,False,False,False,False,False
Ottawa,CA,0.0002719925024275,-0.0005799173362205,0.0011579694106342,0.655,0.655,False,False,False,False,False,False
Beijing,CN,0.0002529408037319,8.536362684613057e-05,0.0004465976104572,0.0,0.00024993751562109475,False,True,True,True,False,False
Xi’an,CN,0.0002515117993584,7.72506997488152e-05,0.0004475284629426,0.0004999999999999,0.0004999999999999,False,True,True,True,False,False
Jepara,ID,0.0002440175633789,0.0002440175633789,0.0002440175633789,0.014,0.014,False,True,True,False,False,False
Zigong,CN,0.0002421462513756,7.48659079897334e-05,0.000263836947325,0.0004999999999999,0.0004999999999999,False,True,True,True,False,False
Busan,KR,0.0002305254564494,-2.961295205615027e-05,0.0005285626858169,0.1705000000000001,0.1705000000000001,False,False,False,False,False,False
Daegu,KR,0.000217891965716,-4.738158337195125e-05,0.0005185310712878,0.2015,0.2015,False,False,False,False,False,False
Bengaluru,IN,0.0002141837252329,7.655866955664931e-05,0.0003433422367366,0.0,0.00024993751562109475,False,True,True,True,False,False
Kingston,JM,0.0001636288480058,0.0001636288480058,0.0001636288480058,0.0,0.00024993751562109475,False,True,True,True,False,False
Medan,ID,0.0001521960233025,0.0001521960233025,0.0001521960233025,0.0,0.00024993751562109475,False,True,True,True,False,False
South Tangerang,ID,0.0001452925843284,-5.66335235179672e-06,0.0003115024032867,0.123,0.123,False,False,False,False,False,False
Setagaya,JP,0.0001375596194314,0.0001375596194314,0.0001375596194314,0.0,0.00024993751562109475,False,True,True,True,False,False
Sendai,JP,0.0001260206090287,-7.861829944299652e-05,0.000362938321055,0.377,0.377,False,False,False,False,False,False
Bogotá,CO,0.0001202890283737,8.971757932850203e-07,0.0002612947540153,0.0969999999999999,0.0969999999999999,False,False,False,False,False,False
Luoyang,CN,9.478375575265922e-05,2.8451380527695077e-05,0.000172501886557,0.0004999999999999,0.0004999999999999,False,True,True,True,False,False
Palembang,ID,9.042149292762258e-05,-0.0009522385945874,0.0010529707629897,0.8955,0.8955,False,False,False,False,False,False
Baoji,CN,8.616546833398013e-05,2.737423294727152e-05,0.000149496377631,0.0,0.00024993751562109475,False,True,True,True,False,False
Al Başrah al Qadīmah,IQ,8.563931653143841e-05,-0.0006747978514863,0.0004719862410388,0.8654999999999999,0.8654999999999999,False,False,False,False,False,False
Kennedy,CO,6.96374397448048e-05,1.914682824359031e-06,0.0001531480798861,0.088,0.088,False,False,False,False,False,False
Basrah,IQ,6.284218389836227e-05,-0.0005363741804631,0.0006473403597988,0.8734999999999999,0.8734999999999999,False,False,False,False,False,False
Khulna,BD,6.173769196178179e-05,-3.6399457566724814e-05,0.0001682660431178,0.3640000000000001,0.3640000000000001,False,False,False,False,False,False
Xinxiang,CN,5.675551645155852e-05,1.8903826858062e-05,0.000102643866433,0.0,0.00024993751562109475,False,True,True,True,False,False
Jinzhong,CN,5.542377266519764e-05,1.0828303741720153e-05,0.0001059204786682,0.01,0.01,False,True,True,False,False,False
Sholapur,IN,5.45804768456626e-05,1.9556750409579385e-05,9.625853792857328e-05,0.0,0.00024993751562109475,False,True,True,True,False,False
Liupanshui,CN,5.1777484746426405e-05,-0.0001855291584751,0.0003010308450114,0.7675000000000001,0.7675000000000001,False,False,False,False,False,False
Petaling Jaya,MY,4.014157512375032e-05,1.319430191007989e-05,7.036400848204903e-05,0.0,0.00024993751562109475,False,True,True,True,False,False
Chengdu,CN,3.854409003034229e-05,9.608372054199508e-06,7.144820214034363e-05,0.0044999999999999,0.0044999999999999,False,True,True,True,False,False
Changzhi,CN,3.543453867513183e-05,1.2034516440258153e-05,6.345309384537258e-05,0.0,0.00024993751562109475,False,True,True,True,False,False
Taizhou,CN,3.165049655297781e-05,-1.3803285001313947e-05,8.166913538271398e-05,0.3189999999999999,0.3189999999999999,False,False,False,False,False,False
Gazipur,BD,2.933684224548129e-05,-0.0004664023227612,0.0005103280681219,0.9465,0.9465,False,False,False,False,False,False
Multan,PK,2.747009937493442e-05,-4.53495615671783e-05,0.0001070450825594,0.591,0.591,False,False,False,False,False,False
Liaocheng,CN,2.5218804814582957e-05,1.3086491701864336e-05,2.5218804814582957e-05,0.0,0.00024993751562109475,False,True,True,True,False,False
Valencia,VE,2.46839178901176e-05,1.1271279868977578e-05,2.46839178901176e-05,0.0,0.00024993751562109475,False,True,True,True,False,False
Kallakurichi,IN,2.4281377783598855e-05,7.709834764843025e-06,4.388277053135459e-05,0.0,0.00024993751562109475,False,True,True,True,False,False
Heze,CN,2.251571264893885e-05,1.4880687693274455e-05,2.251571264893885e-05,0.0235,0.0235,False,True,True,False,False,False
Shivaji Nagar,IN,2.238555473123944e-05,2.238555473123944e-05,2.238555473123944e-05,0.0,0.00024993751562109475,False,True,True,True,False,False
Caracas,VE,2.042034761258471e-05,2.042034761258471e-05,2.042034761258471e-05,0.004,0.004,False,True,True,True,False,False
Baoshan,CN,1.8027984983073723e-05,-5.613866501711013e-06,4.415809875403149e-05,0.2455,0.2455,False,False,False,False,False,False
Handan,CN,1.4961671246194909e-05,5.279814060405384e-06,2.1006966030205707e-05,0.0,0.00024993751562109475,False,True,True,True,False,False
Indore,IN,1.4940004805608672e-05,1.4940004805608672e-05,1.4940004805608672e-05,0.0,0.00024993751562109475,False,True,True,True,False,False
Depok,ID,1.387779415677878e-05,-6.751747451740191e-07,3.0709690838986406e-05,0.1265,0.1265,False,False,False,False,False,False
Kolwezi,CD,1.3818388655759344e-05,-4.482444750276959e-06,3.4034170878670785e-05,0.258,0.258,False,False,False,False,False,False
Taichung,TW,1.254850314375e-05,-2.823964905314729e-05,5.458721124056537e-05,0.6395,0.6395,False,False,False,False,False,False
Pune,IN,1.1486070368725823e-05,1.1486070368725823e-05,1.1486070368725823e-05,0.0,0.00024993751562109475,False,True,True,True,False,False
Aurangabad,IN,8.714882584437593e-06,3.096644419045499e-06,1.5308654333125667e-05,0.0,0.00024993751562109475,False,True,True,True,False,False
Shenyang,CN,7.412707708519327e-06,3.896806972735612e-06,7.412707708519327e-06,0.0,0.00024993751562109475,False,True,True,True,False,False
Kuala Lumpur,MY,7.280506355712159e-06,2.469142439068733e-06,1.3017520717775924e-05,0.0,0.00024993751562109475,False,True,True,True,False,False
Blantyre,MW,6.680133844755168e-06,-1.5906286748168853e-05,3.1573808699378185e-05,0.69,0.69,False,False,False,False,False,False
Xuchang,CN,3.616357162117631e-06,1.0736648918023115e-06,6.577038676394808e-06,0.0004999999999999,0.0004999999999999,False,True,True,True,False,False
Anshan,CN,2.976771155298167e-06,2.976771155298167e-06,2.976771155298167e-06,0.0,0.00024993751562109475,False,True,True,True,False,False
Lubumbashi,CD,2.839621737117903e-06,-2.055881142380865e-06,8.265659299909714e-06,0.4225000000000001,0.4225000000000001,False,False,False,False,False,False
Addis Ababa,ET,2.8194569339276605e-06,1.0492545368157678e-06,4.871783681492349e-06,0.0,0.00024993751562109475,False,True,True,True,False,False
Comilla,BD,2.6682216159197027e-06,-2.120612320383724e-06,8.002515629297542e-06,0.439,0.439,False,False,False,False,False,False
Jerusalem,IL,1.707265361990725e-06,3.38023119115846e-07,3.1575186939809707e-06,0.0135,0.0135,False,True,True,False,False,False
Pyongyang,KP,1.532334130254123e-06,5.846690779227911e-07,2.617020214579421e-06,0.0,0.00024993751562109475,False,True,True,True,False,False
Kyoto,JP,8.994660704178545e-07,3.099619194728326e-07,1.3932253853739571e-06,0.0,0.00024993751562109475,False,True,True,True,False,False
Malang,ID,8.776195985724528e-07,-4.286829669709554e-07,1.843749421766088e-06,0.3165,0.3165,False,False,False,False,False,False
Medellín,CO,8.566869730858729e-07,8.566869730858729e-07,8.566869730858729e-07,0.0095,0.0095,False,True,True,False,False,False
Damascus,SY,6.73029755562284e-07,-6.858677208543415e-08,1.5263009740733853e-06,0.1525,0.1525,False,False,False,False,False,False
Gwangju,KR,6.674624721634217e-07,2.2547002244670323e-07,6.674624721634217e-07,0.0009999999999998,0.0009999999999998,False,True,True,True,False,False
Amman,JO,6.400844697075083e-07,1.4208049177877262e-07,1.2055758735370843e-06,0.0129999999999999,0.0129999999999999,False,True,True,False,False,False
Puning,CN,6.155005010132267e-07,-2.5165490213427013e-06,3.80580650850266e-06,0.7789999999999999,0.7789999999999999,False,False,False,False,False,False
Qingyang,CN,5.39952270602856e-07,-3.568037880193735e-08,1.1492777003394965e-06,0.1305,0.1305,False,False,False,False,False,False
Salem,IN,4.997142860270237e-07,4.997142860270237e-07,4.997142860270237e-07,0.0,0.00024993751562109475,False,True,True,True,False,False
Kunming,CN,3.356685715909279e-07,-9.62276305586635e-07,8.68871601920486e-07,0.7264999999999999,0.7264999999999999,False,False,False,False,False,False
Tiruppur,IN,3.315665642735338e-07,9.981095702207494e-08,5.967254161289375e-07,0.0,0.00024993751562109475,False,True,True,True,False,False
Fushun,CN,2.6350394759514496e-07,2.6350394759514496e-07,2.6350394759514496e-07,0.0,0.00024993751562109475,False,True,True,True,False,False
Meishan,CN,2.3526340848704938e-07,7.163183756303862e-08,4.320314027484881e-07,0.0004999999999999,0.0004999999999999,False,True,True,True,False,False
Tangshan,CN,1.5904333389553664e-07,1.5904333389553664e-07,1.5904333389553664e-07,0.0,0.00024993751562109475,False,True,True,True,False,False
Weifang,CN,1.348122234628772e-07,1.348122234628772e-07,1.348122234628772e-07,0.0,0.00024993751562109475,False,True,True,True,False,False
Soweto,ZA,1.1792560651695025e-07,4.019079591783912e-08,2.0570514855870437e-07,0.0,0.00024993751562109475,False,True,True,True,False,False
Lucknow,IN,9.315278130211076e-08,1.4893206708783154e-08,9.346896860413581e-08,0.0289999999999999,0.0289999999999999,False,True,True,False,False,False
Xining,CN,6.044792135420331e-08,2.0045646660558372e-08,1.0632543071983912e-07,0.0004999999999999,0.0004999999999999,False,True,True,True,False,False
Daejeon,KR,6.005393629582567e-08,1.4050030416033321e-08,1.0555903554456245e-07,0.0044999999999999,0.0044999999999999,False,True,True,True,False,False
Dodoma,TZ,5.6511767885969806e-08,2.1313259787174363e-08,9.743680761301445e-08,0.0,0.00024993751562109475,False,True,True,True,False,False
Gwalior,IN,4.8166977239862135e-08,1.0535698401449972e-08,9.030520670976156e-08,0.0084999999999999,0.0084999999999999,False,True,True,False,False,False
Johannesburg,ZA,1.8602399924541268e-08,6.2453812007353724e-09,3.2311783951533915e-08,0.0,0.00024993751562109475,False,True,True,True,False,False
Zarqa,JO,1.5409152664978725e-08,3.309658655774288e-09,2.856355898794109e-08,0.0109999999999998,0.0109999999999998,False,True,True,False,False,False
Sanhe,CN,1.2834426076257588e-08,4.801340883648031e-09,2.25221151904398e-08,0.0,0.00024993751562109475,False,True,True,True,False,False
Rājkot,IN,8.910568479958237e-09,2.5502881980087134e-09,1.6517173464236514e-08,0.0029999999999998,0.0029999999999998,False,True,True,True,False,False
Bandung,ID,7.836513003651931e-09,1.4749793502180374e-10,1.6997754705064748e-08,0.0889999999999999,0.0889999999999999,False,False,False,False,False,False
Zhaotong,CN,7.738392314048773e-09,-2.9846304062414846e-08,7.738392314048773e-09,0.1855,0.1855,False,False,False,False,False,False
Ashgabat,TM,6.8795958355776e-09,2.673858275565346e-09,1.1681407278896481e-08,0.0,0.00024993751562109475,False,True,True,True,False,False
Mianyang,CN,4.477183212607225e-09,1.0480985656544922e-09,4.477183212607225e-09,0.0075,0.0075,False,True,True,True,False,False
Dhanbad,IN,2.6695712131150403e-09,-7.490940017832946e-10,6.875465776671108e-09,0.2524999999999999,0.2524999999999999,False,False,False,False,False,False
Ahmedabad,IN,2.659089633979322e-09,6.02484860461415e-10,4.968097169876147e-09,0.0055,0.0055,False,True,True,True,False,False
Hubballi,IN,1.7955698116368267e-09,1.0197903201284428e-09,1.7955698116368267e-09,0.0,0.00024993751562109475,False,True,True,True,False,False
Xingtai,CN,8.13152979229807e-10,2.920709015774834e-10,1.4154820797774927e-09,0.0,0.00024993751562109475,False,True,True,True,False,False
Suzhou,CN,1.9809157802246186e-10,-2.5770553090049097e-10,6.734651486183712e-10,0.5465,0.5465,False,False,False,False,False,False
Nairobi,KE,1.6194035317150484e-10,1.6194035317150484e-10,1.6194035317150484e-10,0.0,0.00024993751562109475,False,True,True,True,False,False
Coimbatore,IN,1.4726694366623784e-10,4.9425487201716965e-11,1.865502460709049e-10,0.0,0.00024993751562109475,False,True,True,True,False,False
Nanyang,CN,1.4083278971349363e-10,-1.5509417483272608e-10,3.7495720530250695e-10,0.5225,0.5225,False,False,False,False,False,False
Suqian,CN,1.2165583482653268e-10,-7.789419009070889e-12,2.760051491423e-10,0.1334999999999999,0.1334999999999999,False,False,False,False,False,False
Zaozhuang,CN,6.208339533298919e-11,4.138151729356894e-12,1.283391950671215e-10,0.0669999999999999,0.0669999999999999,False,True,True,False,False,False
Bijie,CN,5.496625048199433e-11,-1.065696451260294e-09,5.496625048199433e-11,0.7509999999999999,0.7509999999999999,False,False,False,False,False,False
Madurai,IN,2.7362822284118792e-11,5.401651876001717e-12,5.314701728864284e-11,0.018,0.018,False,True,True,False,False,False
Baoding,CN,2.4875028401400063e-11,8.673928572200365e-12,4.321537689269801e-11,0.0,0.00024993751562109475,False,True,True,True,False,False
Pekanbaru,ID,2.2480577588317292e-11,6.600422360437899e-12,3.629812847984543e-11,0.0009999999999998,0.0009999999999998,False,True,True,True,False,False
Shangqiu,CN,1.0846740032236544e-11,4.076048185910191e-12,1.0846740032236544e-11,0.016,0.016,False,True,True,False,False,False
Kigali,RW,8.584281793849532e-12,3.262071047371868e-12,1.4875974755294908e-11,0.0,0.00024993751562109475,False,True,True,True,False,False
Nampula,MZ,7.784971441841527e-12,-9.42126002955584e-12,2.662370208466065e-11,0.5075000000000001,0.5075000000000001,False,False,False,False,False,False
Taiz,YE,4.753116036940412e-12,1.0058057625953393e-12,8.95860757882085e-12,0.0135,0.0135,False,True,True,False,False,False
Changchun,CN,3.708277976184314e-12,3.708277976184314e-12,3.708277976184314e-12,0.0,0.00024993751562109475,False,True,True,True,False,False
Teni,IN,1.8471710406842525e-13,6.501805241307181e-14,1.8471710406842525e-13,0.018,0.018,False,True,True,False,False,False
Ulan Bator,MN,1.2792988126430438e-13,4.9406072772576495e-14,1.572545226667369e-13,0.0,0.00024993751562109475,False,True,True,True,False,False
Hyderabad,IN,1.028918604337368e-13,3.761268764456147e-14,1.028918604337368e-13,0.0,0.00024993751562109475,False,True,True,True,False,False
Ibb,YE,3.2042659010053763e-14,6.944385737651232e-15,6.089330108224891e-14,0.0124999999999999,0.0124999999999999,False,True,True,False,False,False
Navi Mumbai,IN,4.996003610813204e-16,4.996003610813204e-16,4.996003610813204e-16,0.0004999999999999,0.0004999999999999,False,True,True,True,False,False
Sakai,JP,4.440892098500626e-16,4.440892098500626e-16,4.440892098500626e-16,0.0009999999999998,0.0009999999999998,False,True,True,True,False,False
Pudong,CN,4.440892098500626e-16,4.440892098500626e-16,4.440892098500626e-16,0.0004999999999999,0.0004999999999999,False,True,True,True,False,False
Kawasaki,JP,4.440892098500626e-16,4.440892098500626e-16,4.440892098500626e-16,0.0,0.00024993751562109475,False,True,True,True,False,False
Taguig,PH,3.8857805861880484e-16,3.8857805861880484e-16,3.8857805861880484e-16,0.0464999999999999,0.0464999999999999,False,True,True,False,False,False
Shubrā al Khaymah,EG,3.8857805861880484e-16,3.8857805861880484e-16,3.8857805861880484e-16,0.0404999999999999,0.0404999999999999,False,True,True,False,False,False
Yangpu,CN,3.8857805861880484e-16,3.8857805861880484e-16,3.8857805861880484e-16,0.0009999999999998,0.0009999999999998,False,True,True,True,False,False
Zamboanga,PH,3.8857805861880484e-16,3.8857805861880484e-16,3.8857805861880484e-16,0.0,0.00024993751562109475,False,True,True,True,False,False
Rui’an,CN,3.8857805861880484e-16,3.8857805861880484e-16,3.8857805861880484e-16,0.0275,0.0275,False,True,True,False,False,False
Semarang,ID,3.6082248300317592e-16,-0.0004933538792646,3.6082248300317592e-16,0.2875000000000001,0.2875000000000001,False,False,False,False,False,False
Padang,ID,3.3306690738754696e-16,-0.0001770874606929,3.3306690738754696e-16,0.1999999999999999,0.1999999999999999,False,False,False,False,False,False
Osaka,JP,3.05311331771918e-16,3.05311331771918e-16,3.05311331771918e-16,0.0,0.00024993751562109475,False,True,True,True,False,False
Ra’s Bayrūt,LB,2.7755575615628914e-16,-0.0001004742140573,2.7755575615628914e-16,0.1884999999999999,0.1884999999999999,False,False,False,False,False,False
Cairo,EG,2.498001805406602e-16,2.498001805406602e-16,2.498001805406602e-16,0.0349999999999999,0.0349999999999999,False,True,True,False,False,False
Huludao,CN,1.8041124150158796e-16,1.8041124150158796e-16,1.8041124150158796e-16,0.0,0.00024993751562109475,False,True,True,True,False,False
Yichang,CN,1.3877787807814454e-16,-0.0005955826419802,1.3877787807814454e-16,0.4995,0.4995,False,False,False,False,False,False
Wanzhou,CN,1.249000902703301e-16,1.249000902703301e-16,1.249000902703301e-16,0.0044999999999999,0.0044999999999999,False,True,True,True,False,False
Aden,YE,1.249000902703301e-16,1.249000902703301e-16,1.249000902703301e-16,0.0,0.00024993751562109475,False,True,True,True,False,False
Bhopal,IN,1.1102230246251563e-16,1.1102230246251563e-16,1.1102230246251563e-16,0.0015,0.0015,False,True,True,True,False,False
Kakamega,KE,7.087400801883261e-17,2.667913240162617e-17,1.2473330492245596e-16,0.0,0.00024993751562109475,False,True,True,True,False,False
Lilongwe,MW,5.1906355558566127e-17,1.1318842818538046e-17,9.536612556699404e-17,0.0104999999999999,0.0104999999999999,False,True,True,False,False,False
Saitama,JP,4.163336342344337e-17,4.163336342344337e-17,4.163336342344337e-17,0.0,0.00024993751562109475,False,True,True,True,False,False
Shijiazhuang,CN,3.5278765281167854e-17,1.291435915151446e-17,6.082965559604477e-17,0.0,0.00024993751562109475,False,True,True,True,False,False
Kampung Baru Subang,MY,2.4286128663675302e-17,2.4286128663675302e-17,2.4286128663675302e-17,0.0,0.00024993751562109475,False,True,True,True,False,False
Jieyang,CN,1.7347234759768068e-17,-9.94749100220133e-05,1.7347234759768068e-17,0.7849999999999999,0.7849999999999999,False,False,False,False,False,False
Changzhou,CN,1.5612511283791264e-17,-8.584803131571893e-05,1.5612511283791264e-17,0.7115,0.7115,False,False,False,False,False,False
Shiyan,CN,1.3877787807814457e-17,1.3877787807814457e-17,1.3877787807814457e-17,0.004,0.004,False,True,True,True,False,False
Cúcuta,CO,1.734723475976807e-18,1.734723475976807e-18,1.734723475976807e-18,0.0,0.00024993751562109475,False,True,True,True,False,False
Yancheng,CN,2.1684043449710093e-19,2.1684043449710093e-19,2.1684043449710093e-19,0.0734999999999999,0.0734999999999999,False,True,False,False,False,False
Wuwei,CN,1.4233855647727016e-19,-3.7795465423478444e-19,7.102772633003267e-19,0.724,0.724,False,False,False,False,False,False
Bogor,ID,1.0164395367051604e-19,-2.204475997892751e-08,1.0164395367051604e-19,0.119,0.119,False,False,False,False,False,False
Cheongju-si,KR,7.623296525288703e-21,7.623296525288703e-21,7.623296525288703e-21,0.0029999999999998,0.0029999999999998,False,True,True,True,False,False
Yixing,CN,1.0587911840678754e-21,-5.412979764072841e-09,1.0587911840678754e-21,0.704,0.704,False,False,False,False,False,False
Tegucigalpa,HN,2.1175823681357513e-22,-7.165417973401356e-10,2.1175823681357513e-22,0.3429999999999999,0.3429999999999999,False,False,False,False,False,False
Benxi,CN,0.0,0.0,0.0,0.0,1.0,True,True,False,False,False,False
Longyan,CN,0.0,0.0,0.0,0.0,1.0,True,True,False,False,False,False
Guang’an,CN,0.0,0.0,0.0,0.0,1.0,True,True,False,False,False,False
Wanxian,CN,0.0,0.0,0.0,0.0,1.0,True,True,False,False,False,False
Seongnam-si,KR,0.0,0.0,0.0,0.0,1.0,True,True,False,False,False,False
Xiamen,CN,0.0,0.0,0.0,0.0,1.0,True,True,False,False,False,False
Weihai,CN,0.0,0.0,0.0,0.0,1.0,True,True,False,False,False,False
Kobe,JP,0.0,0.0,0.0,0.0,1.0,True,True,False,False,False,False
Bazhong,CN,0.0,0.0,0.0,0.0,1.0,True,True,False,False,False,False
Zunyi,CN,0.0,0.0,0.0,0.0,1.0,True,True,False,False,False,False
Montréal,CA,0.0,0.0,0.0,0.0,1.0,True,True,False,False,False,False
La Paz,BO,0.0,0.0,0.0,0.0,1.0,True,True,False,False,False,False
Yantai,CN,0.0,0.0,0.0,0.0,1.0,True,True,False,False,False,False
Bukavu,CD,0.0,0.0,0.0,0.0,1.0,True,True,False,False,False,False
Guiyang,CN,0.0,0.0,0.0,0.0,1.0,True,True,False,False,False,False
Isfahan,IR,-3.2532077881139584e-29,-1.0096597754107631e-28,3.4720827707068265e-29,0.487,0.487,False,False,False,False,False,False
Quetta,PK,-4.185927386786497e-29,-8.46358463028733e-29,-3.669633093374232e-30,0.0605,0.0605,False,True,True,False,False,False
Ürümqi,CN,-1.3439003471778378e-21,-2.151649087138632e-21,-5.759310867985472e-22,0.0,0.00024993751562109475,False,True,True,True,False,False
Qom,IR,-1.1101468390129985e-19,-1.9943380202824729e-19,-3.2091442500580633e-20,0.001,0.001,False,True,True,True,False,False
Shiraz,IR,-2.2630386422839787e-17,-3.846708834544004e-17,-7.895122050772375e-18,0.0,0.00024993751562109475,False,True,True,True,False,False
Jodhpur,IN,-3.204903241899323e-17,-5.319472350538727e-17,-1.2194991767971264e-17,0.0,0.00024993751562109475,False,True,True,True,False,False
Sanaa,YE,-1.4707008899986972e-16,-3.639450968687099e-16,5.082855438860688e-17,0.2745,0.2745,False,False,False,False,False,False
Bishkek,KG,-8.409079320156897e-16,-1.4486370010423885e-15,-2.6938618686137437e-16,0.0,0.00024993751562109475,False,True,True,True,False,False
Konya,TR,-1.666471201814658e-15,-2.6872412985793534e-15,-6.98627446874893e-16,0.0,0.00024993751562109475,False,True,True,True,False,False
Mashhad,IR,-1.9040902910269393e-14,-2.687738605708408e-13,2.576823433672176e-13,0.945,0.945,False,False,False,False,False,False
Gorakhpur,IN,-4.405112279938319e-14,-6.74860297602858e-14,-1.9751829331127902e-14,0.0,0.00024993751562109475,False,True,True,True,False,False
Sulaymaniyah,IQ,-1.243862992681345e-13,-2.1762402249592465e-13,-3.4621116535669494e-14,0.002,0.002,False,True,True,True,False,False
Shymkent,KZ,-2.218793898742697e-12,-3.77174814807983e-12,-7.297660480222229e-13,0.0005,0.0005,False,True,True,True,False,False
Tehran,IR,-8.918518202711793e-12,-1.4358194472828006e-11,-3.649244488309716e-12,0.0,0.00024993751562109475,False,True,True,True,False,False
Marrakesh,MA,-9.574982613199164e-12,-1.5851267027810963e-11,-4.003189355131074e-12,0.0,0.00024993751562109475,False,True,True,True,False,False
Hermosillo,MX,-1.3432238777995403e-11,-2.3301327946760155e-11,-4.030273583533583e-12,0.0005,0.0005,False,True,True,True,False,False
Karaj,IR,-1.5877973888164904e-11,-2.5609298869176305e-11,-6.469481155770007e-12,0.0,0.00024993751562109475,False,True,True,True,False,False
Ordos,CN,-3.3855016304000286e-11,-5.36327345875348e-11,-1.4056937527079584e-11,0.0,0.00024993751562109475,False,True,True,True,False,False
Quito,EC,-9.063210276745264e-11,-1.8113116501485388e-10,-7.699795781960066e-12,0.0635,0.0635,False,True,True,False,False,False
Kirkuk,IQ,-1.42369293986186e-10,-2.5529865622817533e-10,-4.0805937149165777e-11,0.0015,0.0015,False,True,True,True,False,False
Lu’an,CN,-2.9397889367935817e-10,-6.399229339724105e-10,1.6252894402078013e-11,0.1295,0.1295,False,False,False,False,False,False
Hefei,CN,-3.039325166400886e-10,-1.2375431065057098e-09,5.241775517918553e-10,0.617,0.617,False,False,False,False,False,False
Aleppo,SY,-3.5505559854338794e-10,-6.163774325166101e-10,-1.1900178343148768e-10,0.0,0.00024993751562109475,False,True,True,True,False,False
Kathmandu,NP,-4.0030911038414537e-10,-8.512326512034341e-10,-1.0249504305628317e-12,0.099,0.099,False,False,False,False,False,False
Córdoba,AR,-1.090670243149346e-09,-1.774284087383009e-09,-4.5640295083424515e-10,0.0,0.00024993751562109475,False,True,True,True,False,False
Arequipa,PE,-1.160156761248708e-09,-3.976255588502072e-09,1.401945356049413e-09,0.5285,0.5285,False,False,False,False,False,False
Bannu,PK,-1.385564428971799e-09,-2.32415339828662e-09,-5.359865970471606e-10,0.0,0.00024993751562109475,False,True,True,True,False,False
Jaipur,IN,-2.020510392213274e-09,-3.212790213387525e-09,-8.36645331352179e-10,0.0,0.00024993751562109475,False,True,True,True,False,False
Hohhot,CN,-2.173099577262619e-09,-3.587872826139794e-09,-8.519759310205307e-10,0.0,0.00024993751562109475,False,True,True,True,False,False
Eskişehir,TR,-2.6101603665541622e-09,-4.1759406656902e-09,-1.0735410134495811e-09,0.0,0.00024993751562109475,False,True,True,True,False,False
Almaty,KZ,-3.1209875317509502e-09,-5.2087187281280015e-09,-1.2010825904420872e-09,0.0,0.00024993751562109475,False,True,True,True,False,False
Homs,SY,-3.827970111359048e-09,-7.483651880952341e-09,-5.81271080193037e-10,0.0315,0.0315,False,True,True,False,False,False
Meizhou,CN,-6.1828303432702285e-09,-1.4109715695160974e-08,1.059776800311676e-09,0.1965,0.1965,False,False,False,False,False,False
León de los Aldama,MX,-8.334039205856399e-09,-1.3708384369227336e-08,-3.310893265787154e-09,0.0,0.00024993751562109475,False,True,True,True,False,False
Santiago,CL,-8.392798256101334e-09,-1.5448759357344206e-08,-1.9397937976486042e-09,0.0065,0.0065,False,True,True,True,False,False
Chuzhou,CN,-1.8183707722217105e-08,-2.1132455168281307e-07,1.734286735266995e-07,0.892,0.892,False,False,False,False,False,False
Mexicali,MX,-2.532261139990073e-08,-9.14874438590039e-08,3.6341282716388225e-08,0.5755,0.5755,False,False,False,False,False,False
Kabul,AF,-2.7802184407922652e-08,-4.553788189166373e-08,-1.028001900619313e-08,0.0,0.00024993751562109475,False,True,True,True,False,False
Erbil,IQ,-3.4498440596081335e-08,-6.191109863237112e-08,-1.018387188205456e-08,0.0025,0.0025,False,True,True,True,False,False
Tashkent,UZ,-1.6091052581911517e-07,-2.66971159432134e-07,-6.315944253534603e-08,0.0,0.00024993751562109475,False,True,True,True,False,False
Santiago de Querétaro,MX,-2.7608675705370773e-07,-4.498423934873231e-07,-1.1020909837811637e-07,0.0,0.00024993751562109475,False,True,True,True,False,False
Ankara,TR,-5.260375942224583e-07,-8.558670136731087e-07,-2.076114534365986e-07,0.0,0.00024993751562109475,False,True,True,True,False,False
Çankaya,TR,-7.44889846432645e-07,-1.2259773281186705e-06,-2.970004881385722e-07,0.0,0.00024993751562109475,False,True,True,True,False,False
Peshawar,PK,-9.310823135779052e-07,-1.5141309844905847e-06,-3.556942186080514e-07,0.0,0.00024993751562109475,False,True,True,True,False,False
Ciudad Nezahualcoyotl,MX,-1.0381060441043847e-06,-1.7119991033606754e-06,-4.0824295255614926e-07,0.0,0.00024993751562109475,False,True,True,True,False,False
Tijuana,MX,-1.151200746594928e-06,-8.61807277024217e-06,6.229961109227143e-06,0.812,0.812,False,False,False,False,False,False
Ecatepec de Morelos,MX,-1.288065626981514e-06,-2.104704539939585e-06,-4.990809217931159e-07,0.0,0.00024993751562109475,False,True,True,True,False,False
Lusaka,ZM,-1.2905227307220935e-06,-2.2945342255049898e-06,-3.150152492160321e-07,0.0045,0.0045,False,True,True,True,False,False
Gustavo Adolfo Madero,MX,-1.6414762387937892e-06,-2.708910760907068e-06,-6.398349213374255e-07,0.0,0.00024993751562109475,False,True,True,True,False,False
Los Angeles,US,-1.986593470939321e-06,-2.124800784483157e-05,1.7076949560803635e-05,0.891,0.891,False,False,False,False,False,False
Rawalpindi,PK,-2.02388264592984e-06,-3.374196933001512e-06,-7.959856320249399e-07,0.0,0.00024993751562109475,False,True,True,True,False,False
Gaziantep,TR,-2.0395743919534905e-06,-3.30829799412355e-06,-7.805590673588195e-07,0.0,0.00024993751562109475,False,True,True,True,False,False
Chaozhou,CN,-2.0551410850402907e-06,-4.102121911110196e-05,3.375605471594736e-05,0.9235,0.9235,False,False,False,False,False,False
Culiacán,MX,-2.0974711869263264e-06,-3.849334304154958e-06,-6.063913344336484e-07,0.0015,0.0015,False,True,True,True,False,False
Iztapalapa,MX,-3.7128006164988185e-06,-5.999057356772325e-06,-1.4438530159135775e-06,0.0,0.00024993751562109475,False,True,True,True,False,False
Alīgarh,IN,-4.293349599803528e-06,-1.1549577945672411e-05,1.993952718682647e-06,0.3225,0.3225,False,False,False,False,False,False
Ahvaz,IR,-4.5536664083144045e-06,-1.4402410702187776e-05,4.714191225658201e-06,0.499,0.499,False,False,False,False,False,False
Santa Cruz de la Sierra,BO,-4.5691481460386255e-06,-7.594745089395625e-06,-1.682403409471638e-06,0.0,0.00024993751562109475,False,True,True,True,False,False
Maoming,CN,-6.469737210338181e-06,-0.0001312136000971,0.0001279543872335,0.9515,0.9515,False,False,False,False,False,False
San Pedro Sula,HN,-9.045056744078246e-06,-3.6048466342922894e-05,1.6166682733552284e-05,0.6065,0.6065,False,False,False,False,False,False
Mexico City,MX,-9.498860505506256e-06,-1.5587775004513678e-05,-3.7989064044121168e-06,0.0,0.00024993751562109475,False,True,True,True,False,False
Yerevan,AM,-1.0340446264539603e-05,-2.9803519389473283e-05,8.19946965215963e-06,0.4405,0.4405,False,False,False,False,False,False
Guatemala City,GT,-1.2242415083635633e-05,-3.765156383778279e-05,1.1850376584762966e-05,0.458,0.458,False,False,False,False,False,False
Sargodha,PK,-1.3383785385165867e-05,-2.3378780716511515e-05,-4.683958086746289e-06,0.0,0.00024993751562109475,False,True,True,True,False,False
Faisalabad,PK,-1.6148091151211018e-05,-2.59428699413732e-05,-6.188443709814304e-06,0.0,0.00024993751562109475,False,True,True,True,False,False
Lüliang,CN,-1.640366162603918e-05,-2.6952506599491925e-05,-6.610182891997799e-06,0.0,0.00024993751562109475,False,True,True,True,False,False
Naucalpan de Juárez,MX,-1.7247795541052162e-05,-2.8743298789274497e-05,-6.756428245433805e-06,0.0,0.00024993751562109475,False,True,True,True,False,False
Meerut,IN,-2.9525356371625216e-05,-5.579846699585178e-05,-5.803159131214348e-06,0.0215,0.0215,False,True,True,False,False,False
Chandigarh,IN,-3.082547473202998e-05,-4.6989156038011776e-05,-1.262234826974209e-05,0.0,0.00024993751562109475,False,True,True,True,False,False
Bucharest,RO,-3.198525018772758e-05,-5.194403491787572e-05,-1.3047401301552488e-05,0.0,0.00024993751562109475,False,True,True,True,False,False
Anshun,CN,-3.289734126340777e-05,-8.37086298092159e-05,1.622475776468685e-05,0.3335,0.3335,False,False,False,False,False,False
Datong,CN,-3.378351124176497e-05,-5.7123486451394006e-05,-1.2431503136114845e-05,0.0,0.00024993751562109475,False,True,True,True,False,False
Gujranwala,PK,-3.533074269846222e-05,-5.579101306513858e-05,-1.4867690872729045e-05,0.0,0.00024993751562109475,False,True,True,True,False,False
Amritsar,IN,-5.011482914793282e-05,-7.79040712043593e-05,-2.1809871164705214e-05,0.0,0.00024993751562109475,False,True,True,True,False,False
Nanjing,CN,-6.38610302273468e-05,-0.0007661967354288,0.0006612420659628,0.9035,0.9035,False,False,False,False,False,False
Qujing,CN,-7.425047756744359e-05,-0.0002780649257559,2.4286128663675302e-17,0.6225,0.6225,False,False,False,False,False,False
Cochabamba,BO,-0.0001074989858086,-0.0001804165887303,-4.060396653719591e-05,0.0,0.00024993751562109475,False,True,True,True,False,False
San Diego,US,-0.000112629316547,-0.0008413409075963,0.0005773998155393,0.783,0.783,False,False,False,False,False,False
Putian,CN,-0.0001160814337147,-0.0003430863121956,9.601594607911772e-05,0.4285,0.4285,False,False,False,False,False,False
Milan,IT,-0.0001163008848194,-0.0001946314980619,-4.3637031731898985e-05,0.0,0.00024993751562109475,False,True,True,True,False,False
Karbala,IQ,-0.0001279146362438,-0.0002407945510793,-3.165225261132366e-05,0.0065,0.0065,False,True,True,True,False,False
Gurugram,IN,-0.0001415826789553,-0.000271382421135,-2.7497169690217415e-05,0.013,0.013,False,True,True,False,False,False
Abū Ghurayb,IQ,-0.0001523367858627,-0.0002689665148605,-4.045294125252053e-05,0.004,0.004,False,True,True,True,False,False
Xinyang,CN,-0.0001533313902071,-0.0004598741479754,0.0001338049415957,0.4405,0.4405,False,False,False,False,False,False
Jalandhar,IN,-0.0001559091938008,-0.0002427801923025,-6.756998820772736e-05,0.0,0.00024993751562109475,False,True,True,True,False,False
Bursa,TR,-0.0002096325866145,-0.0003562723065775,-7.945096041619885e-05,0.0,0.00024993751562109475,False,True,True,True,False,False
Jinjiang,CN,-0.0002218569216648,-0.0006651719334536,0.0001878833103089,0.4365,0.4365,False,False,False,False,False,False
Huainan,CN,-0.0002308977935756,-0.0006613655522774,0.0001799603731291,0.403,0.403,False,False,False,False,False,False
İzmir,TR,-0.0002703422480119,-0.0004684167380123,-9.227558934960866e-05,0.0,0.00024993751562109475,False,True,True,True,False,False
Bahawalpur,PK,-0.0002729492771905,-0.0012489901208316,0.0006687955105099,0.679,0.679,False,False,False,False,False,False
Trujillo,PE,-0.0002982185846655,-0.0005774184386381,-3.3486568258275434e-05,0.0475,0.0475,False,True,True,False,False,False
Algiers,DZ,-0.0003050398441828,-0.0005143570435713,-0.0001120205104485,0.0,0.00024993751562109475,False,True,True,True,False,False
Malatya,TR,-0.0003126091903371,-0.0005327654926493,-0.0001068075362519,0.0,0.00024993751562109475,False,True,True,True,False,False
Sofia,BG,-0.0003294000406889,-0.0005440296769141,-0.0001328204251581,0.0,0.00024993751562109475,False,True,True,True,False,False
Bengbu,CN,-0.0003342250636843,-0.0013091394337331,0.0005748197452756,0.606,0.606,False,False,False,False,False,False
Kayseri,TR,-0.0003388840098605,-0.0005384482264562,-0.0001406184876456,0.0,0.00024993751562109475,False,True,True,True,False,False
Huizhou,CN,-0.0003771200649233,-0.0023433196503335,0.0015858234163735,0.8125,0.8125,False,False,False,False,False,False
Lima,PE,-0.0004307030093199,-0.0008481933934658,-7.231655320688636e-05,0.0245,0.0245,False,True,True,False,False,False
Tbilisi,GE,-0.000482262754851,-0.0009315776647431,-6.32724690076167e-05,0.0375,0.0375,False,True,True,False,False,False
Adana,TR,-0.0005665372238081,-0.0009055858770178,-0.0002289927560383,0.0,0.00024993751562109475,False,True,True,True,False,False
Budapest,HU,-0.0006089050159503,-0.0010581943835471,-0.0001769050994264,0.001,0.001,False,True,True,True,False,False
Quanzhou,CN,-0.0006216479062742,-0.0018348755505674,0.000487004650798,0.4245,0.4245,False,False,False,False,False,False
Guayaquil,EC,-0.0006497006440756,-0.0013736761939493,5.753163707841513e-06,0.104,0.104,False,False,False,False,False,False
Yinchuan,CN,-0.0006979767837894,-0.0011318619419471,-0.0002857498733156,0.0,0.00024993751562109475,False,True,True,True,False,False
Najafgarh,IN,-0.0007532157173897,-0.0011857467973317,-0.0003209768532652,0.0,0.00024993751562109475,False,True,True,True,False,False
Baotou,CN,-0.0007702065404044,-0.0012794852015627,-0.000306123870599,0.0,0.00024993751562109475,False,True,True,True,False,False
Sialkot,PK,-0.0007796467880671,-0.0012732168507318,-0.0003230324885508,0.0,0.00024993751562109475,False,True,True,True,False,False
Erzurum,TR,-0.0008920058235072,-0.0017476022308302,-9.38045852690119e-05,0.049,0.049,False,True,True,False,False,False
Wuhu,CN,-0.0009051439761154,-0.00212743052924,0.0001553058966943,0.206,0.206,False,False,False,False,False,False
Köln,DE,-0.0009606448421492,-0.0021828353392496,0.0001066657107355,0.1635,0.1635,False,False,False,False,False,False
Vienna,AT,-0.0009995313420966,-0.0018493210557953,-0.0002742804008959,0.001,0.001,False,True,True,True,False,False
Fes,MA,-0.0011678201209472,-0.0018875402084058,-0.0004854730630471,0.0,0.00024993751562109475,False,True,True,True,False,False
Oran,DZ,-0.0011892114031741,-0.0019511476856671,-0.0004825635113866,0.0,0.00024993751562109475,False,True,True,True,False,False
Sadr City,IQ,-0.0012193354934096,-0.0022528382921374,-0.0003308124415848,0.0015,0.0015,False,True,True,True,False,False
Rome,IT,-0.0013312110117336,-0.0025592423348869,-0.0002556384910843,0.0185,0.0185,False,True,True,False,False,False
Rabat,MA,-0.0013672601883325,-0.0022683023972634,-0.0005635135417278,0.0,0.00024993751562109475,False,True,True,True,False,False
Ghāziābād,IN,-0.0015027174288339,-0.0026870973454081,-0.0002799456369703,0.019,0.019,False,True,True,False,False,False
Zapopan,MX,-0.0015278527572131,-0.0026180225730679,-0.0005501823259167,0.0,0.00024993751562109475,False,True,True,True,False,False
Callao,PE,-0.0015812622489771,-0.0031700957272176,-0.0002894820556845,0.0245,0.0245,False,True,True,False,False,False
Belgrade,RS,-0.0015988441037686,-0.0026410700836102,-0.0006020328219734,0.0,0.00024993751562109475,False,True,True,True,False,False
Valencia,ES,-0.0017649770510182,-0.0030276464699829,-0.0005990059938588,0.0,0.00024993751562109475,False,True,True,True,False,False
Naples,IT,-0.0017659817446177,-0.0034909986258976,-0.0002052574509794,0.04,0.04,False,True,True,False,False,False
Al Mawşil al Jadīdah,IQ,-0.001774579880605,-0.0031202558218043,-0.0004885908602784,0.001,0.001,False,True,True,True,False,False
Istanbul,TR,-0.0017871685276213,-0.0040680138338839,0.0003848638543282,0.219,0.219,False,False,False,False,False,False
Fuzhou,CN,-0.0019431239035406,-0.0047462480917001,0.0005248478189355,0.2345,0.2345,False,False,False,False,False,False
Fuyang,CN,-0.0020405435224123,-0.004374364646277,7.37581042206112e-06,0.1015,0.1015,False,False,False,False,False,False
Rajshahi,BD,-0.0021503134704165,-0.0068592905408669,2.220446049250313e-16,0.4295,0.4295,False,False,False,False,False,False
Antalya,TR,-0.0021886002904899,-0.0043491335527832,-0.0002732846968439,0.0465,0.0465,False,True,True,False,False,False
Jiujiang,CN,-0.0022378165702468,-0.0044801322025249,-0.0001805872682601,0.062,0.062,False,True,True,False,False,False
Baghdad,IQ,-0.0022428271673237,-0.0040484601641921,-0.0005772699298073,0.0015,0.0015,False,True,True,True,False,False
Tangier,MA,-0.0023111798347327,-0.0038695817045767,-0.0008934101483922,0.0,0.00024993751562109475,False,True,True,True,False,False
Salé,MA,-0.0023555736187819,-0.0038641278465221,-0.0009695452317892,0.0,0.00024993751562109475,False,True,True,True,False,False
Dera Ismail Khan,PK,-0.0025807271329828,-0.0042516121400004,-0.0008994970944913,0.0,0.00024993751562109475,False,True,True,True,False,False
Wuzhong,CN,-0.0029932514957789,-0.004984272778288,-0.0011516684455915,0.0,0.00024993751562109475,False,True,True,True,False,False
Narela,IN,-0.0030309944519241,-0.005544488407111,-0.0005864615662208,0.016,0.016,False,True,True,False,False,False
Zhongwei,CN,-0.0030726814569047,-0.0052376337872752,-0.0011620013187897,0.0,0.00024993751562109475,False,True,True,True,False,False
Rohini,IN,-0.0031157366630228,-0.0055608427013886,-0.0005994433806034,0.0185,0.0185,False,True,True,False,False,False
Anqing,CN,-0.0032250734790999,-0.0069603266215168,3.3306690738754696e-16,0.124,0.124,False,False,False,False,False,False
Niigata,JP,-0.0034359910290833,-0.0061704708228575,-0.0010020278703774,0.001,0.001,False,True,True,True,False,False
San Francisco,US,-0.0037395549434221,-0.0078360229018302,-0.0001859330755958,0.074,0.074,False,True,False,False,False,False
Guadalajara,MX,-0.0037921671925452,-0.0063788784594663,-0.0013566773495619,0.0,0.00024993751562109475,False,True,True,True,False,False
Mosul,IQ,-0.003823520628428,-0.0067303943940812,-0.0010362661211535,0.0025,0.0025,False,True,True,True,False,False
Pest,HU,-0.0038863109117462,-0.006880978777887,-0.0011959561149553,0.0015,0.0015,False,True,True,True,False,False
Bayan Nur,CN,-0.0042411337674424,-0.0072119275960323,-0.0016960185757149,0.0,0.00024993751562109475,False,True,True,True,False,False
Rangpur,BD,-0.0051411198019189,-0.0112239080686437,0.0005236888568471,0.1485,0.1485,False,False,False,False,False,False
Diyarbakır,TR,-0.0055730278091667,-0.0098053716123281,-0.0017653521782096,0.0,0.00024993751562109475,False,True,True,True,False,False
Turin,IT,-0.0058121023331525,-0.009701945002112,-0.0021619729666763,0.0,0.00024993751562109475,False,True,True,True,False,False
Puebla,MX,-0.006715498408346,-0.0112416530416738,-0.0023980009057791,0.0,0.00024993751562109475,False,True,True,True,False,False
Seattle,US,-0.0067245943704312,-0.0120283033292774,-0.0017603242673745,0.0035,0.0035,False,True,True,True,False,False
Srinagar,IN,-0.0086285932427188,-0.013873612663999,-0.0035178658510327,0.0,0.00024993751562109475,False,True,True,True,False,False
Faridabad,IN,-0.0096483135253369,-0.01813399919476,-0.0018341115807303,0.0205,0.0205,False,True,True,False,False,False
Delhi,IN,-0.0113766608006131,-0.0215404015330639,-0.0021241040234326,0.0175,0.0175,False,True,True,False,True,False
Lahore,PK,-0.0140276495434888,-0.0226527665302359,-0.0058761489671956,0.0,0.00024993751562109475,False,True,True,True,True,True
Ludhiana,IN,-0.0153533212038833,-0.0237705878345954,-0.0066860327121801,0.0,0.00024993751562109475,False,True,True,True,True,True
